"A1","WT","16","14732","16.3553408634156","1.02220880396347","1.02220880396347","0.831108007028823","0.955233982012775","4.11129441215233","11"
"A2","WT","15","47788","53.0538303815439","3.31586439884649","3.53692202543626","4.97681514819528","0.27794404360036","2.17856793410438","11"
"A3",NA,NA,NA,NA,NA,NA,NA,NA,NA,"11"
"A4","HOM","16","20368","22.6123800370655","1.41327375231659","1.41327375231659","1.01430032569915","0.698051747817905","2.92760659631098","11"
"A5","WT","16","19609","21.769744704773","1.36060904404831","1.36060904404831","2.99450068724502","0.725181480612974","3.23420549673444","11"
"A6",NA,NA,NA,NA,NA,NA,NA,NA,NA,"11"
"A7","HOM","15","10016","11.1196778501202","0.694979865632511","0.741311856674679","0.676097295899683","1.32400003641636","4.13095305737442","11"
"A8","HOM","14","8081","8.97145733893982","0.560716083683738","0.640818381352844","0.758064658473251","1.52212571482335","5.15637765408903","11"
"B1",NA,NA,NA,NA,NA,NA,NA,NA,NA,"11"
"B2","WT","14","52278","58.0385901206652","3.62741188254158","4.14561358004752","7.08086634919115","0.24083384986683","0.850291462424443","11"
"B3","HET","5","842","0.934781225020087","0.0584238265637555","0.186956245004017","0.145546483922606","5.25272779502987","7.7071853292884","11"
"B4","HOM","16","47075","52.2622638572691","3.26639149107932","3.26639149107932","3.29066497997603","0.304968913686861","1.14225655084014","11"
"B5","WT","16","48539","53.8875841820071","3.36797401137545","3.36797401137545","6.07045945831533","0.294974046913216","1.36273105198878","11"
"B6","HET","4","2550","2.83098827054777","0.176936766909236","0.707747067636943","0.632358738217727","1.40678566546347","2.57228372498971","11"
"B7","HOM","15","29649","32.9160671503807","2.05725419689879","2.19440447669205","4.18855809050522","0.452302569367281","2.27638526561844","11"
"B8",NA,NA,NA,NA,NA,NA,NA,NA,NA,"11"
"C1","HOM","16","26805","29.758682585111","1.85991766156944","1.85991766156944","1.57813624155987","0.532570779665908","2.16518858454983","11"
"C2","WT","16","54566","60.5787082238077","3.78616926398798","3.78616926398798","4.55989247315469","0.263645409027864","0.698641869006885","11"
"C3","HET","4","315","0.349710315773548","0.0218568947358468","0.087427578943387","0.0975258613645223","11.2364410875241","17.9364474286008","11"
"C4","HOM","16","32888","36.5119773497157","2.28199858435723","2.28199858435723","3.50025594913545","0.433843932395047","1.58745528730153","11"
"C5","WT","15","70594","78.3728572435487","4.8983035777218","5.22485714956992","7.26803088782803","0.190645907521926","1.04976842553962","11"
"C6",NA,NA,NA,NA,NA,NA,NA,NA,NA,"11"
"C7","HOM","15","27600","30.6412848106347","1.91508030066467","2.04275232070898","1.77868192528742","0.484538894933478","2.20249021073782","11"
"C8","WT","15","9385","10.4191470270944","0.651196689193403","0.694609801806296","1.44545996627315","1.3947063143714","6.54482309084856","11"
"D1","WT","15","12194","13.5376748906116","0.846104680663223","0.902511659374105","0.842812140589338","1.07065328442647","3.8775256013195","11"
"D2","WT","15","16836","18.6911837344872","1.16819898340545","1.24607891563248","1.11258064095707","0.798029652262053","1.82983143876702","11"
"D3","HET","7","3190","3.54151081688133","0.221344426055083","0.505930116697333","0.543445897285403","1.93736790273013","5.27488484819179","11"
"D4","HOM","16","68864","76.4522259854908","4.77826412409318","4.77826412409318","5.56626788983467","0.208606442214153","0.728947086914284","11"
"D5","WT","16","65075","72.2457104729005","4.51535690455628","4.51535690455628","5.10334265439968","0.220065741292365","0.916456949610437","11"
"D6",NA,NA,NA,NA,NA,NA,NA,NA,NA,"11"
"D7","HOM","16","47874","53.1493068487074","3.32183167804421","3.32183167804421","3.68336343043571","0.300215449437085","1.28666119780391","11"
"D8","HOM","15","11678","12.9648160876301","0.810301005476884","0.864321072508676","1.35368121207716","1.12758877120038","4.82629730400631","11"
"E1",NA,NA,NA,NA,NA,NA,NA,NA,NA,"11"
"E2","WT","11","16189","17.9728898478031","1.12330561548769","1.63389907707301","2.93880237601465","0.609463826489059","2.15083374926593","11"
"E3",NA,NA,NA,NA,NA,NA,NA,NA,NA,"11"
"E4","HOM","13","38129","42.3304908893004","2.64565568058127","3.25619160686926","4.16765449802457","0.305043321053101","1.22154466011912","11"
"E5","WT","14","16528","18.3492447590641","1.14682779744151","1.31066033993315","1.54505752646703","0.752750494205523","3.50631423113891","11"
"E6","HET","4","2163","2.4013441683117","0.150084010519481","0.600336042077924","0.70565944095802","1.57170325161649","7.61362072358431","11"
"E7","HOM","15","39611","43.975794660654","2.74848716629088","2.9317196440436","5.60771094186484","0.338895123674109","1.41489533869742","11"
"E8",NA,NA,NA,NA,NA,NA,NA,NA,NA,"11"
"F1","HOM","15","26531","29.4544901199619","1.84090563249762","1.96363267466413","3.29097291675245","0.504756560912279","2.80628913389057","11"
"F2","WT","15","40279","44.7174025683897","2.79483766052435","2.98116017122598","7.39987691261288","0.32725394897725","2.29164831964533","11"
"F3",NA,NA,NA,NA,NA,NA,NA,NA,NA,"11"
"F4","HOM","16","40744","45.2336416059601","2.82710260037251","2.82710260037251","6.09062303494037","0.348205744561481","1.94747302288984","11"
"F5","WT","13","13690","15.1985213426663","0.949907583916642","1.16911702635894","1.31556108940913","0.842660581740879","4.06157732381301","11"
"F6",NA,NA,NA,NA,NA,NA,NA,NA,NA,"11"
"F7","HOM","15","26692","29.633230948024","1.8520769342515","1.97554872986826","3.86794789610011","0.496161862561383","2.58589337160393","11"
"F8","WT","15","22433","24.9049254404699","1.55655784002937","1.66032836269799","3.27212168983395","0.59044388111696","3.7264070388778","11"
"A1","WT","16","10450","11.2094723384407","0.700592021152545","0.700592021152545","0.164423716201321","1.40469339463101","6.47154550863636","15"
"A2","WT","16","12242","13.131709126047","0.820731820377938","0.820731820377938","0.579471324231837","1.19133046946426","5.09184121158155","15"
"A3",NA,NA,NA,NA,NA,NA,NA,NA,NA,"15"
"A4","HOM","16","11301","12.1223202771979","0.757645017324872","0.757645017324872","0.264939936123518","1.28154219948693","5.70047277558012","15"
"A5","WT","16","5213","5.59186404787478","0.349491502992174","0.349491502992174","0.240570009413298","2.7070084063806","15.6549091667935","15"
"A6","HET","10","10694","11.4712054724675","0.716950342029217","1.14712054724675","0.730103668250428","0.869635969747286","1.19480500655453","15"
"A7","HOM","16","17157","18.4039154938399","1.150244718365","1.150244718365","0.86707826281906","0.846606675433755","4.32075348314718","15"
"A8","HOM","16","6079","6.52080213831398","0.407550133644624","0.407550133644624","0.294923168956391","2.36032520555666","9.15837921702852","15"
"B1",NA,NA,NA,NA,NA,NA,NA,NA,NA,"15"
"B2","WT","16","22195","23.808061105425","1.48800381908907","1.48800381908907","0.99115274138953","0.665065576895261","2.85524549242003","15"
"B3","HET","11","8894","9.54038727063079","0.596274204414424","0.867307933693708","1.21360503898198","1.12966693904199","3.63002595364177","15"
"B4","HOM","16","22451","24.0826663607974","1.50516664754984","1.50516664754984","0.868974853266947","0.658566519856474","2.98195232010293","15"
"B5","WT","16","18273","19.6010227789787","1.22506392368617","1.22506392368617","0.852024625952945","0.810200158190283","2.93389188833017","15"
"B6","HET","12","13909","14.9198613163035","0.932491332268971","1.24332177635863","1.36439238220875","0.785572953582068","3.10796925638735","15"
"B7","HOM","15","22144","23.7533545897063","1.48458466185665","1.58355697264709","1.19200486723999","0.628443845147544","2.63020533022653","15"
"B8",NA,NA,NA,NA,NA,NA,NA,NA,NA,"15"
"C1","HOM","16","14757","15.8294912247244","0.989343201545273","0.989343201545273","0.365373450339086","0.896858811767858","5.47354068346593","15"
"C2","WT","16","31403","33.6852688845985","2.1053293052874","2.1053293052874","1.07224173578787","0.471343761661197","1.71008448200766","15"
"C3","HET","10","10384","11.13867567104","0.696167229440002","1.113867567104","1.20679344478464","0.752754789960478","2.54435141826739","15"
"C4","HOM","16","43860","47.0476035180871","2.94047521988044","2.94047521988044","1.9722315689047","0.338524539885503","1.54812875427089","15"
"C5","WT","16","39950","42.8534373129863","2.67833983206164","2.67833983206164","2.22991206979241","0.370980168819051","2.2667495245422","15"
"C6","HET","8","7456","7.99787806271904","0.49986737891994","0.99973475783988","0.75886708058567","0.762753614966434","2.08600760056142","15"
"C7","HOM","16","34356","36.8528834123894","2.30330521327434","2.30330521327434","1.48749738236624","0.42987698470297","1.53830590147819","15"
"C8","WT","16","5631","6.04024294141241","0.377515183838276","0.377515183838276","0.184594539989294","2.5308495552894","10.0614622752961","15"
"D1","WT","16","11063","11.867023203844","0.741688950240249","0.741688950240249","0.43512455694018","1.32718724244139","5.05820678229458","15"
"D2","WT","16","22552","24.191006715456","1.511937919716","1.511937919716","1.09117056078254","0.651077817066471","2.21037733058288","15"
"D3","HET","12","10871","11.6610692623147","0.728816828894671","0.971755771859562","0.701549170714915","1.01077259971821","3.00470694284133","15"
"D4","HOM","16","39512","42.3836048838727","2.64897530524204","2.64897530524204","1.54172700484015","0.376465558133229","1.66147923949202","15"
"D5","WT","16","36196","38.826608685378","2.42666304283613","2.42666304283613","0.988390833833021","0.39400241800387","2.19033647341903","15"
"D6","HET","15","73659","79.0122988494933","4.93826867809333","5.26748658996622","7.85231739562823","0.165003825687089","2.60974560816109","15"
"D7","HOM","16","37421","40.1406377394057","2.50878985871286","2.50878985871286","1.66029950993525","0.394937863542842","1.78578120158112","15"
"D8","HOM","16","21165","22.7032040232629","1.41895025145393","1.41895025145393","0.895657765720749","0.694170486611187","2.87138121673546","15"
"E1",NA,NA,NA,NA,NA,NA,NA,NA,NA,"15"
"E2","WT","16","12308","13.2025057934477","0.825156612090481","0.825156612090481","0.538978471265955","1.19391396509925","3.41807855122014","15"
"E3",NA,NA,NA,NA,NA,NA,NA,NA,NA,"15"
"E4","HOM","16","29348","31.4809181041682","1.96755738151052","1.96755738151052","1.18781599480215","0.501650399509409","2.51917102254615","15"
"E5","WT","16","11853","12.7144378590945","0.794652366193408","0.794652366193408","0.487371135148841","1.23472965683028","4.20088612710727","15"
"E6","HET","14","35326","37.8933798878236","2.36833624298898","2.7066699919874","4.99172926051576","0.368766619946194","0.843676925111332","15"
"E7","HOM","16","29089","31.2030948184595","1.95019342615372","1.95019342615372","1.53196734145166","0.510441954769374","2.03268738582648","15"
"E8",NA,NA,NA,NA,NA,NA,NA,NA,NA,"15"
"F1","HOM","16","7682","8.24030301472743","0.515018938420464","0.515018938420464","0.338366052466139","1.83665529330942","7.45451748457948","15"
"F2","WT","16","6787","7.28025729770308","0.455016081106442","0.455016081106442","0.378540571888705","2.10771402848914","9.30099509323278","15"
"F3",NA,NA,NA,NA,NA,NA,NA,NA,NA,"15"
"F4","HOM","16","16602","17.808579881607","1.11303624260044","1.11303624260044","0.933817546327046","0.880217166765344","4.3284876191626","15"
"F5","WT","15","10985","11.7833544150977","0.736459650943608","0.785556961006515","0.546878784156907","1.25989703483592","3.99508201973578","15"
"F6","HET","13","15466","16.5900190608923","1.03687619130577","1.27615531237633","1.26882340959057","0.771100625124571","2.8593676491185","15"
"F7","HOM","16","19130","20.5203067784087","1.28251917365054","1.28251917365054","0.744252583512161","0.77136199089254","4.44287574579635","15"
"F8","WT","16","21007","22.5337210922128","1.4083575682633","1.4083575682633","0.952003348051667","0.705087250205326","2.8026255853314","15"
"A1","WT","16","5864","6.4813736548669","0.405085853429181","0.405085853429181","0.156595746466904","2.35943238659029","13.5857386358406","17"
"A2","WT","16","13637","15.0727306499693","0.94204566562308","0.94204566562308","0.431185552195695","0.977622363684017","4.98715464606962","17"
"A3",NA,NA,NA,NA,NA,NA,NA,NA,NA,"17"
"A4","HOM","16","18266","20.18908103339","1.26181756458687","1.26181756458687","0.419502863644536","0.769595117517808","4.16789098776356","17"
"A5","WT","16","11060","12.2244189329515","0.764026183309472","0.764026183309472","0.391235377901436","0.873502864906737","5.45060561077485","17"
"A6","HET","10","9283","10.2603328168706","0.641270801054415","1.02603328168706","0.698811003968286","0.965881571174377","2.24796239859709","17"
"A7","HOM","16","11352","12.5471612772935","0.784197579830843","0.784197579830843","0.718288635956873","1.20348950955452","6.1580115739071","17"
"A8","HOM","16","7512","8.30287839279675","0.518929899549797","0.518929899549797","0.298711466871537","1.8232185357564","7.98567095763365","17"
"B1",NA,NA,NA,NA,NA,NA,NA,NA,NA,"17"
"B2","WT","16","21297","23.5391907789393","1.47119942368371","1.47119942368371","0.787411303436894","0.660256335261031","3.30751824639393","17"
"B3","HET","12","17041","18.8351105819555","1.17719441137222","1.56959254849629","1.36919378091803","0.631474035871161","3.0718597482327","17"
"B4","HOM","16","27478","30.3709388281774","1.89818367676109","1.89818367676109","0.821803331493462","0.504460453622096","3.99601812205779","17"
"B5","WT","16","20162","22.2846957076102","1.39279348172564","1.39279348172564","0.6620671631913","0.703213499400874","3.37976040492693","17"
"B6","HET","13","26418","29.1993399069362","1.82495874418351","2.24610306976432","1.8428156939163","0.439399804989964","1.8224215651902","17"
"B7","HOM","16","31674","35.0087021050911","2.18804388156819","2.18804388156819","1.26818079961863","0.453931473708699","2.13507939635498","17"
"B8",NA,NA,NA,NA,NA,NA,NA,NA,NA,"17"
"C1","HOM","16","27412","30.2979902161002","1.89362438850626","1.89362438850626","0.935450117928763","0.508288813320923","2.947946095303","17"
"C2","WT","16","35089","38.7832401390901","2.42395250869313","2.42395250869313","0.950620099105827","0.40794742258689","2.18783679043868","17"
"C3","HET","14","15029","16.6112831955993","1.03820519972496","1.1865202282571","1.03501743646442","0.841541705722944","1.27775136982735","17"
"C4","HOM","16","79284","87.6311781808436","5.47694863630273","5.47694863630273","2.36346757147578","0.181583799105944","0.886908305053046","17"
"C5","WT","16","50680","56.0156918193476","3.50098073870922","3.50098073870922","2.25040163685594","0.28266867000375","1.50678255528484","17"
"C6","HET","10","13556","14.9832028078744","0.936450175492152","1.49832028078744","1.64303672986927","0.553760244091983","1.70129056883178","17"
"C7","HOM","16","62691","69.2912339354128","4.3307021209633","4.3307021209633","2.42723125904595","0.229662892269805","0.973069749433416","17"
"C8","WT","16","6774","7.48718027593253","0.467948767245783","0.467948767245783","0.253823345020447","2.03278213789435","10.5557433176599","17"
"D1","WT","16","27139","29.9962482297805","1.87476551436128","1.87476551436128","0.748486135776603","0.525400603259964","2.37011551795056","17"
"D2","WT","15","24854","27.4706788571047","1.71691742856904","1.83137859047365","0.846853301760521","0.518007757862233","2.64859344373274","17"
"D3","HET","12","26391","29.1694972929045","1.82309358080653","2.43079144107538","1.16450316670503","0.410960044293946","0.579187570688174","17"
"D4","HOM","16","66268","73.2448276536015","4.5778017283501","4.5778017283501","2.42213901228008","0.216786131700024","1.17010916307073","17"
"D5","WT","16","55140","60.9452495445704","3.80907809653565","3.80907809653565","1.69589179556803","0.260597911785429","1.20245904107515","17"
"D6","HET","16","136481","150.849992801823","9.42812455011392","9.42812455011392","12.3575665799272","0.105885568395706","0.486197905636469","17"
"D7","HOM","16","42409","46.873904387662","2.92961902422888","2.92961902422888","1.38779253658295","0.335575261383011","1.80286881208574","17"
"D8","HOM","16","30125","33.2966202852772","2.08103876782982","2.08103876782982","0.991311664636311","0.471223471105982","2.8795350046299","17"
"E1",NA,NA,NA,NA,NA,NA,NA,NA,NA,"17"
"E2","WT","16","17000","18.7897940199074","1.17436212624421","1.17436212624421","0.58960346068283","0.838763089190415","2.97375813861461","17"
"E3",NA,NA,NA,NA,NA,NA,NA,NA,NA,"17"
"E4","HOM","16","36112","39.9139436262881","2.49462147664301","2.49462147664301","1.57500495271285","0.388033002072252","4.04474081370033","17"
"E5","WT","16","12033","13.299858320091","0.831241145005685","0.831241145005685","0.370059125245519","1.15480542813431","5.6610423615226","17"
"E6","HET","14","37426","41.3662841758268","2.58539276098918","2.95473458398763","4.08378274487509","0.324315061360793","0.918150087288047","17"
"E7","HOM","16","22782","25.1805345506783","1.57378340941739","1.57378340941739","1.07832238574405","0.604717776716156","3.87775577738439","17"
"E8",NA,NA,NA,NA,NA,NA,NA,NA,NA,"17"
"F1","HOM","16","5859","6.47584724486104","0.404740452803815","0.404740452803815","0.2525547907863","2.33682432008215","11.4230752777658","17"
"F2","WT","16","4638","5.12629792143122","0.320393620089451","0.320393620089451","0.192176673376407","2.81216350477283","12.2428537402505","17"
"F3",NA,NA,NA,NA,NA,NA,NA,NA,NA,"17"
"F4","HOM","16","8611","9.5175833120837","0.594848957005231","0.594848957005231","0.306837436676856","1.56434252653636","9.58226198369743","17"
"F5","WT","15","13771","15.2208384381262","0.951302402382887","1.01472256254175","0.632897868078145","0.966645171019192","3.45359282464402","17"
"F6","HET","12","11406","12.6068465053567","0.787927906584795","1.05057054211306","1.2112176672699","0.947438129858697","1.87441383269474","17"
"F7","HOM","16","34024","37.606114807843","2.35038217549019","2.35038217549019","1.17230032205724","0.422117362900494","1.90477816594956","17"
"F8","WT","16","31690","35.0263866171098","2.18914916356936","2.18914916356936","1.186007442321","0.453780805638063","2.16541369845515","17"
"A1","WT","16","7127","7.89476863202684","0.493423039501677","0.493423039501677","0.194157662038968","1.90487372054704","11.7621845325343","19"
"A2","WT","16","10349","11.4638642588531","0.716491516178316","0.716491516178316","0.374840555210504","1.22538458671441","7.13283409617315","19"
"A3",NA,NA,NA,NA,NA,NA,NA,NA,NA,"19"
"A4","HOM","16","32194","35.6621553724529","2.22888471077831","2.22888471077831","0.938581086330242","0.44482296847691","2.42071299053719","19"
"A5","WT","16","4568","5.06009584833711","0.316255990521069","0.316255990521069","0.194813416934788","2.70460081631591","14.9194820389365","19"
"A6","HET","10","8737","9.67820871867805","0.604888044917378","0.967820871867805","0.836033130408881","1.02773152226195","2.31103078582289","19"
"A7","HOM","16","27079","29.9961329853592","1.87475831158495","1.87475831158495","0.902917496395245","0.528581186105014","4.44635435540894","19"
"A8","HOM","16","6449","7.14372988746191","0.44648311796637","0.44648311796637","0.24555430606098","2.18169803144256","10.8719927493616","19"
"B1",NA,NA,NA,NA,NA,NA,NA,NA,NA,"19"
"B2","WT","16","38030","42.1268487548731","2.63292804717957","2.63292804717957","1.15936243507742","0.376746436418162","1.91202442211448","19"
"B3","HET","12","29473","32.6480308533362","2.04050192833351","2.72066923777801","2.48863130931584","0.365236038986117","1.40307530180386","19"
"B4","HOM","16","69897","77.4267774761863","4.83917359226164","4.83917359226164","2.04530696388554","0.205353275656044","1.11561672497945","19"
"B5","WT","16","34893","38.651909902808","2.4157443689255","2.4157443689255","1.13262644375976","0.411259699304986","2.39556365322477","19"
"B6","HET","15","32145","35.6078767611201","2.22549229757","2.37385845074134","2.29977495092766","0.415255388776844","3.01136793124488","19"
"B7","HOM","16","33930","37.5851690311029","2.34907306444393","2.34907306444393","1.44386795519899","0.423485789268739","2.34199964936502","19"
"B8",NA,NA,NA,NA,NA,NA,NA,NA,NA,"19"
"C1","HOM","16","61110","67.6931824194135","4.23082390121334","4.23082390121334","1.02352800908652","0.234465811820146","1.23164586227489","19"
"C2","WT","16","95326","105.595161304418","6.59969758152615","6.59969758152615","2.64018258527216","0.15112031240426","0.733048929262988","19"
"C3","HET","15","25071","27.7718176474737","1.7357386029671","1.85145450983158","2.33946208050233","0.537256988499361","1.61688239875722","19"
"C4","HOM","16","118193","130.925549168675","8.1828468230422","8.1828468230422","4.24362953413488","0.120716958286807","0.752644973602229","19"
"C5","WT","16","75514","83.6488786977514","5.22805491860946","5.22805491860946","3.32346874675382","0.190491350120533","0.956034426366643","19"
"C6","HET","12","34778","38.52452132519","2.40778258282438","3.21037677709917","5.14479304915507","0.293047524215901","1.68043037183478","19"
"C7","HOM","16","64886","71.8759586723296","4.4922474170206","4.4922474170206","2.20797496606391","0.220373292962695","1.25559101720797","19"
"C8","WT","16","5946","6.58654332622865","0.41165895788929","0.41165895788929","0.208267115634831","2.20818899117032","13.8050595260471","19"
"D1","WT","16","21517","23.8349567356982","1.48968479598114","1.48968479598114","0.666069045420782","0.651864732476164","4.24148376475679","19"
"D2","WT","16","48877","54.1423609411499","3.38389755882187","3.38389755882187","1.28812643474886","0.293599057269192","1.47668077187109","19"
"D3","HET","12","38041","42.1390337492539","2.63368960932837","3.51158614577116","2.3851301909331","0.283986801706855","0.778685931693165","19"
"D4","HOM","16","100857","111.721998024461","6.98262487652879","6.98262487652879","3.77408389312817","0.14211391723902","0.811261464547145","19"
"D5","WT","16","86732","96.0753575126914","6.00470984454321","6.00470984454321","2.60274394483102","0.166062324631441","0.658457641067462","19"
"D6","HET","16","177712","196.856338309913","12.3035211443696","12.3035211443696","12.3976442610304","0.080988011032156","0.360947444097766","19"
"D7","HOM","16","52173","57.7934283483564","3.61208927177228","3.61208927177228","1.58992390238275","0.276150836464521","1.60288689140411","19"
"D8","HOM","16","33733","37.3669468590096","2.3354341786881","2.3354341786881","1.1400349934532","0.425220381662959","2.35990152789969","19"
"E1",NA,NA,NA,NA,NA,NA,NA,NA,NA,"19"
"E2","WT","16","20603","22.8224944753261","1.42640590470788","1.42640590470788","0.595426469313135","0.692162984306601","3.38205617645761","19"
"E3",NA,NA,NA,NA,NA,NA,NA,NA,NA,"19"
"E4","HOM","16","70798","78.4248392886538","4.90155245554086","4.90155245554086","2.39434685183766","0.20196796020217","1.00540544524381","19"
"E5","WT","16","27824","30.821389422971","1.92633683893569","1.92633683893569","0.986924245870885","0.512736444302719","2.08876151312331","19"
"E6","HET","14","55513","61.4932357330862","3.84332723331789","4.39237398093473","4.81765139018983","0.227381167718698","0.487771614472699","19"
"E7","HOM","16","46119","51.0872505318431","3.19295315824019","3.19295315824019","1.58969182649988","0.311241252061471","1.54825241461435","19"
"E8",NA,NA,NA,NA,NA,NA,NA,NA,NA,"19"
"F1","HOM","16","17595","19.4904523755454","1.21815327347159","1.21815327347159","0.654740262955984","0.816133820029012","4.08095078272887","19"
"F2","WT","16","9256","10.2531189081016","0.640819931756352","0.640819931756352","0.376268981000034","1.50329343907143","6.33976371925245","19"
"F3",NA,NA,NA,NA,NA,NA,NA,NA,NA,"19"
"F4","HOM","16","24458","27.0927811424319","1.693298821402","1.693298821402","0.973468772055673","0.57782608894935","3.04491893869807","19"
"F5","WT","16","4457","4.93713817776675","0.308571136110422","0.308571136110422","0.206402906685692","2.85305050210538","19.089354369808","19"
"F6","HET","13","15907","17.6206096014664","1.10128810009165","1.35543150780511","1.34811056418564","0.735510020223355","2.24998308936832","19"
"F7","HOM","16","35000","38.7704366663307","2.42315229164567","2.42315229164567","1.23958805371408","0.409469106055625","1.82324670950276","19"
"F8","WT","16","6046","6.69731600241816","0.418582250151135","0.418582250151135","0.235762798381058","2.10702565100166","12.2756105072989","19"
"A1","WT","15","8918","9.88967234621976","0.618104521638735","0.659311489747984","0.212817216902647","1.4264624065697","8.10218490404531","21"
"A2","WT","16","28818","31.9579028563984","1.9973689285249","1.9973689285249","1.33341918871112","0.498235429462885","2.57162629280079","21"
"A3",NA,NA,NA,NA,NA,NA,NA,NA,NA,"21"
"A4","HOM","16","53024","58.8012992247092","3.67508120154432","3.67508120154432","1.73856184265503","0.269234660690273","1.50894676638433","21"
"A5","WT","16","4155","4.60771345576846","0.287982090985528","0.287982090985528","0.204512998854783","2.68115757137473","20.6032918716517","21"
"A6","HET","10","14500","16.0798664521402","1.00499165325876","1.60798664521402","1.04387502256657","0.621033600709455","0.781690266981681","21"
"A7","HOM","16","27944","30.9886750440418","1.93679219025261","1.93679219025261","1.41688675976794","0.511147439141722","2.41782721388799","21"
"A8","HOM","16","10799","11.9756191597698","0.748476197485613","0.748476197485613","0.471253888041905","1.30491672432533","5.55042896926995","21"
"B1",NA,NA,NA,NA,NA,NA,NA,NA,NA,"21"
"B2","WT","16","48351","53.6191464018918","3.35119665011824","3.35119665011824","1.3711945540094","0.296538664360194","1.42605858365322","21"
"B3","HET","13","48605","53.900821303881","3.36880133149257","4.14621702337547","4.04153053969725","0.239420249335076","0.993049518253282","21"
"B4","HOM","16","114203","126.646137133363","7.91538357083521","7.91538357083521","4.82134769521011","0.125264258304623","1.20442207903022","21"
"B5","WT","16","41249","45.7433387092643","2.85895866932902","2.85895866932902","1.67729776317567","0.342704141557005","3.1539402520429","21"
"B6","HET","16","53294","59.1007174276111","3.69379483922569","3.69379483922569","3.299841435958","0.267202853432937","1.45279987875961","21"
"B7","HOM","16","49114","54.4652800641665","3.40408000401041","3.40408000401041","2.09571640972895","0.291352944661697","1.54326142177652","21"
"B8",NA,NA,NA,NA,NA,NA,NA,NA,NA,"21"
"C1","HOM","16","66695","73.9618408983098","4.62261505614436","4.62261505614436","1.09991628570888","0.215211061612802","1.17677714038327","21"
"C2","WT","16","82534","91.5265998455821","5.72041249034888","5.72041249034888","2.43318926287719","0.174405659392133","1.05282293211074","21"
"C3","HET","16","43332","48.0532946968372","3.00333091855233","3.00333091855233","3.49648760401765","0.331096663517176","1.38103895340313","21"
"C4","HOM","16","131827","146.19038308871","9.13689894304435","9.13689894304435","4.99580312732244","0.109384476554005","0.642040115271808","21"
"C5","WT","16","91902","101.915302529972","6.36970640812323","6.36970640812323","4.5533326775678","0.156214996669351","0.836219948171066","21"
"C6","HET","12","37977","42.1148336726158","2.63217710453849","3.50956947271798","3.20116114169972","0.268041920170947","1.33380396948864","21"
"C7","HOM","16","75207","83.4012769838696","5.21257981149185","5.21257981149185","2.56615610766836","0.191343110024072","0.959117381900567","21"
"C8","WT","16","11100","12.3094150081901","0.769338438011881","0.769338438011881","0.285280384055025","1.22623124080296","8.63153252491953","21"
"D1","WT","16","30578","33.9096659567961","2.11935412229976","2.11935412229976","1.04215423000783","0.46390605890125","2.97006778765303","21"
"D2","WT","13","40176","44.5534285918059","2.78458928698787","3.4271868147543","1.33637729176063","0.287564377013918","1.54886260831264","21"
"D3","HET","11","55719","61.7899364721932","3.86187102951207","5.61726695201756","3.33736255204074","0.177854405873124","0.397311549865565","21"
"D4","HOM","16","183045","202.988907222897","12.6868067014311","12.6868067014311","8.62528058579226","0.0782236288604538","0.622794850449522","21"
"D5","WT","16","106208","117.780031458545","7.36125196615909","7.36125196615909","4.19508558717453","0.13565870892506","0.566957107153476","21"
"D6","HET","16","132934","147.417997720607","9.21362485753796","9.21362485753796","9.02073966946378","0.108325348001249","0.546287656833312","21"
"D7","HOM","16","84202","93.3763389657318","5.83602118535824","5.83602118535824","2.78705079086817","0.17113147378709","0.770532700119188","21"
"D8","HOM","16","30273","33.5714342831476","2.09821464269673","2.09821464269673","1.16118747085714","0.467053772427868","2.62095373191744","21"
"E1",NA,NA,NA,NA,NA,NA,NA,NA,NA,"21"
"E2","WT","16","18503","20.519018549238","1.28243865932737","1.28243865932737","0.49301241914134","0.767753869020393","3.46725475675773","21"
"E3",NA,NA,NA,NA,NA,NA,NA,NA,NA,"21"
"E4","HOM","16","100868","111.85820477893","6.9911377986831","6.9911377986831","4.11100459531587","0.142571249126145","0.923658274318553","21"
"E5","WT","16","35756","39.6518417146707","2.47824010716692","2.47824010716692","1.51185221692598","0.402164008132065","1.71966711226396","21"
"E6","HET","14","40967","45.4306130306778","2.83941331441736","3.24504378790556","3.37136108111724","0.307918311057065","0.618992278156311","21"
"E7","HOM","16","61678","68.3982071058693","4.27488794411683","4.27488794411683","2.49764639632341","0.232094270256722","1.08235912897406","21"
"E8",NA,NA,NA,NA,NA,NA,NA,NA,NA,"21"
"F1","HOM","16","20341","22.5572802415851","1.40983001509907","1.40983001509907","1.02725615999937","0.697444361395326","3.27818287893015","21"
"F2","WT","16","4948","5.48711580725447","0.342944737953404","0.342944737953404","0.207240366877966","2.70521032115775","11.2056014441986","21"
"F3",NA,NA,NA,NA,NA,NA,NA,NA,NA,"21"
"F4","HOM","16","19952","22.1258962381449","1.38286851488406","1.38286851488406","0.995325033872912","0.707575926022271","3.74535628824808","21"
"F5","WT","16","9663","10.7158447949676","0.669740299685478","0.669740299685478","0.3459276507125","1.32245428993988","7.01395566714955","21"
"F6","HET","12","21191","23.4998931025726","1.46874331891079","1.95832442521439","1.75251841725812","0.509423873814628","1.29560703679135","21"
"F7","HOM","16","52489","58.2080076004405","3.63800047502753","3.63800047502753","1.79572236923358","0.267325970254417","1.52395623364188","21"
"F8","WT","16","6548","7.26144589852511","0.45384036865782","0.45384036865782","0.215985480678183","2.02088932667483","10.1724252887317","21"
"A1","WT","16","42138","46.7810455818797","2.92381534886748","2.92381534886748","0.853655617460283","0.335935246764161","1.71802248814247","23"
"A2","WT","16","30068","33.3810925662338","2.08631828538961","2.08631828538961","2.29542105909116","0.468723717663051","3.19929203015606","23"
"A3",NA,NA,NA,NA,NA,NA,NA,NA,NA,"23"
"A4","HOM","16","47054","52.2387232144328","3.26492020090205","3.26492020090205","1.98077693919661","0.303461326317445","1.77325352971404","23"
"A5","WT","16","10398","11.5437209160469","0.721482557252933","0.721482557252933","0.373724268456217","1.34960687663263","7.23128011357959","23"
"A6","HET","11","24452","27.146284269973","1.69664276687331","2.467844024543","1.90570074230751","0.40424387622274","0.601735052659464","23"
"A7","HOM","16","57949","64.3342069017122","4.02088793135701","4.02088793135701","2.20660697372605","0.247031117672656","1.11366127577032","23"
"A8","HOM","16","17073","18.9542168878312","1.18463855548945","1.18463855548945","0.800842567821558","0.825165263177581","3.99856941532699","23"
"B1",NA,NA,NA,NA,NA,NA,NA,NA,NA,"23"
"B2","WT","16","68344","75.8745972577718","4.74216232861074","4.74216232861074","2.1944491120308","0.209898325150597","1.0324537932019","23"
"B3","HET","13","45293","50.2836845018767","3.14273028136729","3.86797573091359","3.89386350092242","0.25699467288295","0.778868417251053","23"
"B4","HOM","16","102445","113.733072633625","7.10831703960153","7.10831703960153","3.45809370727134","0.140142635769265","0.860689659565219","23"
"B5","WT","16","88207","97.9262349338095","6.1203896833631","6.1203896833631","3.54644684588666","0.162526907777778","0.857853544923237","23"
"B6","HET","16","50695","56.2809128523754","3.51755705327346","3.51755705327346","4.05083485790393","0.281937123979755","1.72923223551751","23"
"B7","HOM","16","64220","71.2961874618709","4.45601171636693","4.45601171636693","3.15312190936255","0.223102993451343","1.26850899484202","23"
"B8",NA,NA,NA,NA,NA,NA,NA,NA,NA,"23"
"C1","HOM","16","118537","131.598196405602","8.22488727535016","8.22488727535016","2.78200685993473","0.120680631203922","0.638929095236766","23"
"C2","WT","16","147205","163.425027644421","10.2140642277763","10.2140642277763","5.21136099537215","0.0977489675150996","0.521851822554422","23"
"C3","HET","16","54888","60.9359255279846","3.80849534549904","3.80849534549904","7.11690776966052","0.260596872399402","1.28324781694494","23"
"C4","HOM","16","257886","286.301597629898","17.8938498518686","17.8938498518686","12.4155238521783","0.0557900560107806","0.430188715217335","23"
"C5","WT","16","99485","110.446920112803","6.90293250705021","6.90293250705021","5.29560819583964","0.14460418605083","0.703235797250946","23"
"C6","HET","13","38165","42.3702739720072","2.64814212325045","3.25925184400055","4.96245612834461","0.281962831475414","1.60140972889691","23"
"C7","HOM","16","101202","112.353110612212","7.02206941326325","7.02206941326325","3.75891161296407","0.141982157077659","0.625679565836195","23"
"C8","WT","16","13687","15.1951248488108","0.949695303050673","0.949695303050673","0.343622163874112","1.0405781643157","6.69387836119433","23"
"D1","WT","16","25684","28.5140342380986","1.78212713988116","1.78212713988116","1.21693599385551","0.550744381199158","2.93659563594492","23"
"D2","WT","14","63398","70.3836140253456","4.3989758765841","5.0274010018104","1.99213283789617","0.198509479927426","1.00697999834332","23"
"D3","HET","13","65630","72.8615506559107","4.55384691599442","5.60473466583929","4.12444636521254","0.174451627083225","1.72589625378718","23"
"D4","HOM","16","139980","155.403929008295","9.71274556301842","9.71274556301842","7.30399244674865","0.102645407018376","0.556402860137729","23"
"D5","WT","16","164021","182.093926560005","11.3808704100003","11.3808704100003","9.29156423143354","0.0876304401746898","0.430114942785481","23"
"D6","HET","15","136044","151.034234304933","9.43963964405828","10.0689489536622","10.3346146229176","0.0983114092495718","0.698755774879261","23"
"D7","HOM","16","114727","127.368385221708","7.96052407635673","7.96052407635673","4.23914422924855","0.125136986625956","0.518193428469624","23"
"D8","HOM","16","36736","40.783817231381","2.54898857696131","2.54898857696131","1.46797952377505","0.369403663356481","3.05064335221998","23"
"E1",NA,NA,NA,NA,NA,NA,NA,NA,NA,"23"
"E2","WT","16","36573","40.6028568054034","2.53767855033771","2.53767855033771","1.48797515143498","0.390522320318407","1.83607425871286","23"
"E3",NA,NA,NA,NA,NA,NA,NA,NA,NA,"23"
"E4","HOM","16","128580","142.747801056483","8.92173756603021","8.92173756603021","5.65425894163899","0.111492420733487","0.606662607561719","23"
"E5","WT","16","83905","93.1502119119944","5.82188824449965","5.82188824449965","6.53741600536087","0.170854983958087","0.673179414477948","23"
"E6","HET","13","58433","64.871537246333","4.05447107789581","4.99011824971792","6.60545191473115","0.199952011194283","0.940463496830833","23"
"E7","HOM","16","117895","130.885456568316","8.18034103551977","8.18034103551977","6.13355392974003","0.12186544376123","0.515480217394326","23"
"E8",NA,NA,NA,NA,NA,NA,NA,NA,NA,"23"
"F1","HOM","16","38800","43.0752425026564","2.69220265641602","2.69220265641602","3.64563156390126","0.36355621195854","2.05390111330398","23"
"F2","WT","16","12139","13.4765558953543","0.842284743459642","0.842284743459642","0.487857288637316","1.10466138734059","7.86442192178319","23"
"F3",NA,NA,NA,NA,NA,NA,NA,NA,NA,"23"
"F4","HOM","16","43499","48.29200962946","3.01825060184125","3.01825060184125","2.04460980023848","0.328946149871214","1.65663072342935","23"
"F5","WT","16","17044","18.9220214746205","1.18262634216378","1.18262634216378","0.674961900831203","0.834767276734202","4.82773737318424","23"
"F6","HET","13","50126","55.6492166414472","3.47807604009045","4.28070897241902","10.0337547608656","0.226302115026241","1.61333040310903","23"
"F7","HOM","16","70928","78.7433195935157","4.92145747459473","4.92145747459473","2.5781216396246","0.202905174921593","1.06456891737869","23"
"F8","WT","16","9338","10.366923053861","0.64793269086631","0.64793269086631","0.288487047419015","1.50080580864407","7.72987764406171","23"
"A1","WT","16","43321","48.1077329656766","3.00673331035479","3.00673331035479","1.00554567962138","0.330013264706385","1.63152163730736","25"
"A2","WT","16","99893","110.930628774505","6.93316429840656","6.93316429840656","5.47600025326036","0.143993398127897","1.00475592865404","25"
"A3",NA,NA,NA,NA,NA,NA,NA,NA,NA,"25"
"A4","HOM","16","89971","99.9123021780404","6.24451888612752","6.24451888612752","2.58528247331791","0.15980494061931","0.902630733606054","25"
"A5","WT","16","32155","35.7079511902156","2.23174694938848","2.23174694938848","1.50691210163739","0.445694307153925","1.86568092419068","25"
"A6","HET","11","19563","21.7246042336865","1.3577877646054","1.97496402124422","2.0378731664839","0.505192819170417","1.52898252783801","25"
"A7","HOM","16","77773","86.3664900611612","5.39790562882258","5.39790562882258","2.86013960577708","0.184101438725902","0.806071426644339","25"
"A8","HOM","16","41669","46.2731960237939","2.89207475148712","2.89207475148712","2.14726263190813","0.342942263172881","1.53873285556132","25"
"B1",NA,NA,NA,NA,NA,NA,NA,NA,NA,"25"
"B2","WT","16","120708","134.045572143323","8.37784825895768","8.37784825895768","5.68613375073092","0.118800051137938","0.854136788292027","25"
"B3","HET","13","47396","52.6329981219549","3.28956238262218","4.0486921632273","3.32881238349966","0.242726030558006","1.12443268418685","25"
"B4","HOM","16","242904","269.74356012776","16.858972507985","16.858972507985","10.3062879557292","0.0592015534635305","0.328579641077983","25"
"B5","WT","16","114473","127.121638830588","7.94510242691174","7.94510242691174","5.17882762977444","0.125116467602855","0.6354410032227","25"
"B6","HET","16","54490","60.5108462246882","3.78192788904301","3.78192788904301","3.18181522119657","0.263130117252818","1.55608532224815","25"
"B7","HOM","16","203032","225.465922750796","14.0916201719248","14.0916201719248","11.6310198575085","0.0702243948892205","0.509469347174001","25"
"B8",NA,NA,NA,NA,NA,NA,NA,NA,NA,"25"
"C1","HOM","16","171170","190.083346454026","11.8802091533766","11.8802091533766","4.64214221423884","0.0840994754980895","0.398677133716133","25"
"C2","WT","16","221385","245.84682861906","15.3654267886913","15.3654267886913","8.56950214774341","0.0649440394008646","0.461239526397251","25"
"C3","HET","16","56109","62.3087368475138","3.89429605296961","3.89429605296961","7.11396727460647","0.255043297161856","1.18040324605715","25"
"C4","HOM","16","257851","286.342121671537","17.8963826044711","17.8963826044711","13.0870042857865","0.0554385553809995","0.462689348902754","25"
"C5","WT","16","204698","227.316006615915","14.2072504134947","14.2072504134947","12.8981965801421","0.0701261133927751","0.477199165248487","25"
"C6","HET","13","30253","33.5957906191134","2.09973691369459","2.58429158608565","2.68616598921378","0.362582950021825","2.32424779514026","25"
"C7","HOM","16","165931","184.265465680102","11.5165916050063","11.5165916050063","8.62862723082541","0.0867242059622096","0.478426068600029","25"
"C8","WT","16","31132","34.5719152994493","2.16074470621558","2.16074470621558","1.124237833189","0.460558064292968","2.73829608471516","25"
"D1","WT","16","108564","120.559726730355","7.53498292064719","7.53498292064719","6.55567646112145","0.132323106319416","0.794982871611584","25"
"D2","WT","14","76570","85.0305651573568","5.3144103223348","6.07361179695406","3.57915059502737","0.164301534838288","0.812614696154588","25"
"D3","HET","13","60476","67.1582664027205","4.19739165017003","5.16602049251696","4.08963851798096","0.189924225436713","1.3487697105664","25"
"D4","HOM","16","100862","112.00669796136","7.00041862258499","7.00041862258499","5.34828218451623","0.142770329843623","0.784389248282523","25"
"D5","WT","15","153927","170.935089499497","10.6834430937185","11.3956726332998","9.95916610064278","0.0876579921838453","0.458258134591568","25"
"D6","HET","15","94804","105.279322178112","6.57995763613202","7.01862147854082","7.57761266066578","0.14099887059374","0.814862626534984","25"
"D7","HOM","16","238936","265.337117884788","16.5835698677992","16.5835698677992","14.2995697841268","0.0601899952535577","0.345823440664035","25"
"D8","HOM","16","70874","78.7051883892191","4.91907427432619","4.91907427432619","4.00411687976757","0.202680203057523","1.23437000985075","25"
"E1",NA,NA,NA,NA,NA,NA,NA,NA,NA,"25"
"E2","WT","16","55107","61.196021341602","3.82475133385012","3.82475133385012","2.74126670193435","0.259645373749614","1.39021888452008","25"
"E3",NA,NA,NA,NA,NA,NA,NA,NA,NA,"25"
"E4","HOM","16","192619","213.902343346545","13.368896459159","13.368896459159","9.57132313296516","0.0746888802796426","0.377707870351442","25"
"E5","WT","16","74005","82.1821467215645","5.13638417009778","5.13638417009778","5.3021600035085","0.194097941876765","0.717602690442559","25"
"E6","HET","14","33188","36.8550920261507","2.30344325163442","2.63250657329648","2.61982332119145","0.378580230280641","1.54903934845569","25"
"E7","HOM","16","207733","230.68635747464","14.417897342165","14.417897342165","13.3769054254378","0.0686758565145366","0.460438925899985","25"
"E8",NA,NA,NA,NA,NA,NA,NA,NA,NA,"25"
"F1","HOM","16","58632","65.1105145135973","4.06940715709983","4.06940715709983","3.93910053057054","0.244445463833083","1.26156423621419","25"
"F2","WT","16","24698","27.4269935778555","1.71418709861597","1.71418709861597","1.03974765054419","0.574491873138725","2.56701457933928","25"
"F3",NA,NA,NA,NA,NA,NA,NA,NA,NA,"25"
"F4","HOM","16","59802","66.4097930983447","4.15061206864654","4.15061206864654","2.63342729595087","0.239411888065433","1.26874579955087","25"
"F5","WT","16","40063","44.4897418296877","2.78060886435548","2.78060886435548","1.28822332168252","0.357241116615227","1.62300930462548","25"
"F6","HET","8","8487","9.42476696474451","0.589047935296532","1.17809587059306","1.09556709388028","0.771009809299446","3.76922771811485","25"
"F7","HOM","16","96032","106.643009444839","6.66518809030241","6.66518809030241","4.44769724516732","0.149603048173013","0.849106738689522","25"
"F8","WT","16","18116","20.1177186677638","1.25735741673524","1.25735741673524","0.569303582175615","0.78373777068232","3.45007775900422","25"
"A1","WT","16","51167","56.3203142222953","3.52001963889346","3.52001963889346","1.1808704319627","0.283788806078865","1.28696748106203","27"
"A2","WT","16","88531","97.4474512559663","6.0904657034979","6.0904657034979","4.37846697282939","0.162809403087386","1.08410080932002","27"
"A3",NA,NA,NA,NA,NA,NA,NA,NA,NA,"27"
"A4","HOM","16","73778","81.2085942637346","5.07553714148341","5.07553714148341","2.27320588993758","0.194423009350207","1.09577048065435","27"
"A5","WT","16","25726","28.3170090816888","1.76981306760555","1.76981306760555","1.41818153074059","0.563348482359782","2.15859248950184","27"
"A6","HET","8","2842","3.12823368616029","0.195514605385018","0.391029210770036","0.454589158255574","2.45052767423077","7.70025463097024","27"
"A7","HOM","16","63844","70.2740856647492","4.39213035404683","4.39213035404683","2.29988942741171","0.226237335042458","0.997458701620752","27"
"A8","HOM","16","47214","51.9691855237058","3.24807409523161","3.24807409523161","2.92650225078445","0.307133976551549","1.35802253949106","27"
"B1",NA,NA,NA,NA,NA,NA,NA,NA,NA,"27"
"B2","WT","16","127204","140.01542498745","8.75096406171563","8.75096406171563","5.8000795227234","0.113867625477718","0.51663141020891","27"
"B3","HET","12","47622","52.4182774814656","3.2761423425916","4.36818979012213","3.61370476136789","0.228369596021004","0.692518808008286","27"
"B4","HOM","16","138925","152.9169123328","9.55730702080001","9.55730702080001","5.94516086872812","0.104428985907537","0.561788954861519","27"
"B5","WT","16","91671","100.903698185785","6.30648113661153","6.30648113661153","3.78044892818593","0.158206109254487","0.654411707922085","27"
"B6","HET","15","52500","57.787568094094","3.61172300588087","3.85250453960626","3.35470944019908","0.259218900446985","2.21747437056161","27"
"B7","HOM","16","188701","207.706131179498","12.9816331987186","12.9816331987186","9.6528727444955","0.0768619691404722","0.504723506673128","27"
"B8",NA,NA,NA,NA,NA,NA,NA,NA,NA,"27"
"C1","HOM","16","214182","235.753464943414","14.7345915589634","14.7345915589634","6.34806421418369","0.06781476215389","0.478192148343205","27"
"C2","WT","16","132463","145.804088237104","9.11275551481901","9.11275551481901","4.13217424972177","0.109619724839596","0.509848706054212","27"
"C3","HET","15","41232","45.3847049077273","2.83654405673296","3.02564699384849","3.54656981299089","0.328695739432758","1.43743689972618","27"
"C4","HOM","16","265005","291.695133005245","18.2309458128278","18.2309458128278","13.6735547504539","0.0546571896116065","0.41540996359949","27"
"C5","WT","16","128771","141.740246305611","8.85876539410068","8.85876539410068","10.7296256527176","0.112733423405382","0.542279345917654","27"
"C6","HET","10","25358","27.9119457472388","1.74449660920242","2.79119457472388","4.41268067587903","0.297819176014281","2.39870447414185","27"
"C7","HOM","16","91813","101.059999798534","6.31624998740839","6.31624998740839","5.78712384619182","0.156581790954062","0.911289919442797","27"
"C8","WT","16","15938","17.5432049577842","1.09645030986151","1.09645030986151","0.555865492413284","0.898804896789976","5.11361799262278","27"
"D1","WT","16","99949","110.015421779745","6.87596386123404","6.87596386123404","6.32561558138661","0.144440215093112","0.887501836787305","27"
"D2","WT","14","61860","68.0902659485839","4.25564162178649","4.86359042489885","2.3497722851258","0.204088115807651","0.956008071320271","27"
"D3","HET","14","68354","75.2383129429276","4.70239455893297","5.37416521020911","4.6095572724602","0.183665315691542","1.97759412155648","27"
"D4","HOM","16","117628","129.474972567087","8.09218578544296","8.09218578544296","5.68202192654279","0.123166299726644","0.579153697939285","27"
"D5","WT","16","189233","208.291711869518","13.0182319918449","13.0182319918449","11.7547934711038","0.0767963619075981","0.354387099684683","27"
"D6","HET","15","104721","115.268036540602","7.20425228378764","7.68453576937348","8.96639348175054","0.129533085350983","0.79875877627754","27"
"D7","HOM","16","197299","217.170083759936","13.573130234996","13.573130234996","11.207810963535","0.073617792173578","0.391785938923529","27"
"D8","HOM","16","39286","43.2427123837062","2.70266952398164","2.70266952398164","1.58942663797296","0.364680833202954","1.92110014505261","27"
"E1",NA,NA,NA,NA,NA,NA,NA,NA,NA,"27"
"E2","WT","16","54833","60.3555375486372","3.77222109678983","3.77222109678983","3.24618886060549","0.263996628100772","1.18587616106643","27"
"E3",NA,NA,NA,NA,NA,NA,NA,NA,NA,"27"
"E4","HOM","16","171725","189.020383446824","11.8137739654265","11.8137739654265","8.91600082613263","0.0845757502532191","0.470399044627752","27"
"E5","WT","16","80791","88.9279126455228","5.55799454034517","5.55799454034517","5.91605753805658","0.179321810919344","0.69588711271634","27"
"E6","HET","14","44586","49.0765049722528","3.0672815607658","3.5054646408752","4.04097191124447","0.278125815959571","1.77676858088378","27"
"E7","HOM","16","89764","98.8046335694905","6.17528959809315","6.17528959809315","5.39800355438596","0.161639628012323","0.894180058891687","27"
"E8",NA,NA,NA,NA,NA,NA,NA,NA,NA,"27"
"F1","HOM","16","45277","49.8370994399294","3.11481871499559","3.11481871499559","4.06537616856965","0.317181547913877","1.79112465992641","27"
"F2","WT","16","64982","71.5266999979126","4.47041874986954","4.47041874986954","3.57825438901653","0.22184690955115","1.20465178445152","27"
"F3",NA,NA,NA,NA,NA,NA,NA,NA,NA,"27"
"F4","HOM","16","133338","146.767214372006","9.17295089825036","9.17295089825036","6.03448687935216","0.108991939633069","0.545547868226259","27"
"F5","WT","16","30487","33.557515971136","2.097344748196","2.097344748196","1.16039627067018","0.471555408820518","1.87479438915419","27"
"F6","HET","4","1967","2.16510755125872","0.13531922195367","0.54127688781468","0.880776705511271","1.58402470785532","5.97096594955779","27"
"F7","HOM","16","103305","113.709423275436","7.10683895471473","7.10683895471473","4.32639728778906","0.140328714610462","0.865695954193141","27"
"F8","WT","16","23779","26.173915842085","1.63586974013031","1.63586974013031","0.769598969306622","0.610239017042882","2.79696187396117","27"
"A1","WT","16","52478","58.2442263836761","3.64026414897976","3.64026414897976","1.18258085881295","0.27447052411555","1.3898952373244","29"
"A2","WT","16","51887","57.5882879372271","3.59926799607669","3.59926799607669","2.31936929505276","0.275133249652407","1.69461037039107","29"
"A3",NA,NA,NA,NA,NA,NA,NA,NA,NA,"29"
"A4","HOM","16","59803","66.374089531289","4.14838059570556","4.14838059570556","1.61771239241537","0.239668865815813","1.29764383140421","29"
"A5","WT","16","33278","36.9345509660424","2.30840943537765","2.30840943537765","1.46278493946203","0.431925674468162","1.77137776186301","29"
"A6",NA,NA,NA,NA,NA,NA,NA,NA,NA,"29"
"A7","HOM","16","69937","77.6216025876588","4.85135016172867","4.85135016172867","2.52916439357786","0.204817047926231","0.862083005601543","29"
"A8","HOM","16","50753","56.3296852328731","3.52060532705457","3.52060532705457","3.18980605654549","0.283419080827995","1.01842130432631","29"
"B1",NA,NA,NA,NA,NA,NA,NA,NA,NA,"29"
"B2","WT","16","126810","140.743746859903","8.79648417874391","8.79648417874391","5.32953469396373","0.113470587177075","0.491595378798859","29"
"B3","HET","12","41051","45.5616398734001","2.8476024920875","3.79680332278334","3.52238578477003","0.262530661447404","1.14205540972146","29"
"B4","HOM","16","91711","101.788106365969","6.36175664787306","6.36175664787306","3.42430096194869","0.156550758833633","0.929759439518906","29"
"B5","WT","16","121918","135.314219144118","8.45713869650737","8.45713869650737","5.62027853847548","0.118089201611704","0.531086061942666","29"
"B6","HET","14","43394","48.1620862017082","3.01013038760676","3.44014901440773","2.37145644626596","0.289897562501614","1.34344901407319","29"
"B7","HOM","16","192980","214.184435525779","13.3865272203612","13.3865272203612","10.845628057752","0.0744343648202773","0.641650849685679","29"
"B8",NA,NA,NA,NA,NA,NA,NA,NA,NA,"29"
"C1","HOM","16","184623","204.909177324468","12.8068235827793","12.8068235827793","6.87523462379642","0.0778826806368123","0.539011298033966","29"
"C2","WT","16","147782","164.020127737955","10.2512579836222","10.2512579836222","5.71680068400538","0.0972284496814558","0.441129861820323","29"
"C3","HET","11","42654","47.3407757949869","2.95879848718668","4.30370689045335","5.77500546349108","0.227581640343081","1.931770544904","29"
"C4","HOM","16","227701","252.720541784928","15.795033861558","15.795033861558","12.2170649428894","0.063022084686299","0.418061386254959","29"
"C5","WT","16","127362","141.35640002816","8.83477500175997","8.83477500175997","9.990102931029","0.112833572633769","0.498841714700792","29"
"C6","HET","7","9129","10.132084733728","0.633255295858001","1.44744067624686","1.52947698198625","0.578133544036396","5.99703018868569","29"
"C7","HOM","16","106400","118.091117939387","7.38069487121167","7.38069487121167","5.8251906033149","0.134963792763761","0.76054209005611","29"
"C8","WT","16","23714","26.3196688986336","1.6449793061646","1.6449793061646","0.837577016571135","0.593393428323909","2.87859734303642","29"
"D1","WT","16","110543","122.689346338098","7.66808414613113","7.66808414613113","6.94522497074621","0.130015901916726","0.790538732938982","29"
"D2","WT","14","58807","65.2686501189992","4.07929063243745","4.66204643707137","2.63670647114909","0.212021011036518","1.18701929050996","29"
"D3","HET","13","63530","70.5106082959515","4.40691301849697","5.42389294584242","4.29535339439338","0.180690541404978","1.67482905259284","29"
"D4","HOM","16","107510","119.323083549469","7.45769272184179","7.45769272184179","3.96340273105897","0.133870471336261","0.542580069629484","29"
"D5","WT","16","126256","140.12887393379","8.75805462086185","8.75805462086185","10.8961972382469","0.109652107837215","0.558224663889008","29"
"D6","HET","15","150277","166.78927566332","10.4243297289575","11.1192850442213","12.2289678806468","0.0896566415920858","0.422538736938545","29"
"D7","HOM","16","208824","231.769357261039","14.4855848288149","14.4855848288149","13.2369996980074","0.069026240937943","0.372031500155386","29"
"D8","HOM","16","36967","41.0288943314409","2.56430589571506","2.56430589571506","1.43885707421415","0.384136608743471","1.81969416089685","29"
"E1",NA,NA,NA,NA,NA,NA,NA,NA,NA,"29"
"E2","WT","16","79368","88.0888707576433","5.50555442235271","5.50555442235271","5.3840067327821","0.181012835112537","0.861524079715348","29"
"E3",NA,NA,NA,NA,NA,NA,NA,NA,NA,"29"
"E4","HOM","16","175977","195.313164112965","12.2070727570603","12.2070727570603","8.97427245728968","0.0817490418349521","0.340010625952545","29"
"E5","WT","16","64888","72.0178238801779","4.50111399251112","4.50111399251112","5.01053022975825","0.221708909019608","0.775000572995547","29"
"E6","HET","12","34733","38.549424806285","2.40933905039281","3.21245206719041","3.53009314689953","0.294531615568676","1.81055972224245","29"
"E7","HOM","16","76317","84.70263014831","5.29391438426937","5.29391438426937","3.71437252376387","0.187814873178333","0.968795362953159","29"
"E8",NA,NA,NA,NA,NA,NA,NA,NA,NA,"29"
"F1","HOM","16","48242","53.5427792446607","3.34642370279129","3.34642370279129","3.77708594047539","0.295427100604653","1.39918630770385","29"
"F2","WT","16","76986","85.4451391511431","5.34032119694645","5.34032119694645","4.57558163093707","0.186875065209562","0.865903125477138","29"
"F3",NA,NA,NA,NA,NA,NA,NA,NA,NA,"29"
"F4","HOM","16","136409","151.397474689791","9.46234216811196","9.46234216811196","5.00222693010262","0.105093874810657","0.481999058898697","29"
"F5","WT","16","29294","32.5127933168834","2.03204958230521","2.03204958230521","1.08570259656401","0.486540911294829","1.99291552085341","29"
"F6",NA,NA,NA,NA,NA,NA,NA,NA,NA,"29"
"F7","HOM","16","119888","133.061164920274","8.31632280751715","8.31632280751715","4.91701244470066","0.119970436651595","0.696449881469065","29"
"F8","WT","16","16200","17.9800386336284","1.12375241460178","1.12375241460178","0.757784065353074","0.879990988851952","4.09101938899622","29"
"A1","WT","16","49885","55.3970239525084","3.46231399703178","3.46231399703178","1.21233487633508","0.287297656023983","1.22661201960326","31"
"A2","WT","16","53082","58.9472752419976","3.68420470262485","3.68420470262485","1.97248932145523","0.270270491664908","1.36338366161961","31"
"A3",NA,NA,NA,NA,NA,NA,NA,NA,NA,"31"
"A4","HOM","16","60714","67.4225701564117","4.21391063477573","4.21391063477573","1.79277217619124","0.235070472671752","1.25351753412691","31"
"A5","WT","16","47426","52.6663176901206","3.29164485563254","3.29164485563254","1.97714905219342","0.302826349683822","1.088607590871","31"
"A6",NA,NA,NA,NA,NA,NA,NA,NA,NA,"31"
"A7","HOM","16","84600","93.9478445701556","5.87174028563473","5.87174028563473","3.07248346491542","0.1698521272561","0.771122100161366","31"
"A8","HOM","16","70593","78.3931464744798","4.89957165465499","4.89957165465499","5.01016808396715","0.203129311071737","0.884216039751919","31"
"B1",NA,NA,NA,NA,NA,NA,NA,NA,NA,"31"
"B2","WT","16","130254","144.64636579954","9.04039786247122","9.04039786247122","6.82345600425164","0.110401315784948","0.482397018616988","31"
"B3","HET","13","43249","48.0277816762962","3.00173635476851","3.69444474433048","4.00199560019214","0.265778747563373","1.76343460100195","31"
"B4","HOM","16","71540","79.4447848764649","4.96529905477906","4.96529905477906","2.79614166394481","0.199067689446619","0.991906555799253","31"
"B5","WT","16","85991","95.4925425819415","5.96828391137134","5.96828391137134","4.17598939495825","0.1671337969918","0.684955073669426","31"
"B6","HET","15","41720","46.3298354074101","2.89561471296313","3.08865569382734","2.89266776112962","0.313792107414698","2.23178314972675","31"
"B7","HOM","15","31203","34.6507635239074","2.16567272024421","2.31005090159383","1.50106613439105","0.43212183054957","1.46075986936614","31"
"B8",NA,NA,NA,NA,NA,NA,NA,NA,NA,"31"
"C1","HOM","16","150324","166.933992756076","10.4333745472548","10.4333745472548","4.8285504356445","0.0958294567730926","0.614253832307456","31"
"C2","WT","16","180619","200.576427168049","12.5360266980031","12.5360266980031","7.26020610217839","0.079559326523978","0.361739783802343","31"
"C3","HET","10","21379","23.741264409756","1.48382902560975","2.3741264409756","2.41276339886709","0.411889562490524","2.14790391142138","31"
"C4","HOM","16","144896","160.9062279768","10.05663924855","10.05663924855","7.68873099280491","0.0988899947448923","0.637150429316612","31"
"C5","WT","16","111405","123.714652769955","7.73216579812218","7.73216579812218","9.05138664515494","0.128632099133846","0.511260003746538","31"
"C6",NA,NA,NA,NA,NA,NA,NA,NA,NA,"31"
"C7","HOM","16","78861","87.5747159650951","5.47341974781844","5.47341974781844","3.94225539323044","0.182460218499968","0.921487353699563","31"
"C8","WT","16","27342","30.3631438089503","1.89769648805939","1.89769648805939","0.996423321442666","0.522859183302349","2.22222079791346","31"
"D1","WT","16","102065","113.342633050271","7.08391456564194","7.08391456564194","6.3134932574696","0.139704937310312","0.796475553564485","31"
"D2","WT","16","96443","107.099432315361","6.69371451971005","6.69371451971005","3.90587752918587","0.148996308245616","0.74547663346847","31"
"D3","HET","14","52156","57.9189572269626","3.61993482668516","4.13706837335447","4.51548709390895","0.212068060590503","1.80375931284405","31"
"D4","HOM","16","105615","117.284888939444","7.33030555871527","7.33030555871527","4.17082958849148","0.13609141930416","0.513781679026478","31"
"D5","WT","16","54167","60.152161901083","3.75951011881769","3.75951011881769","4.50652611406588","0.265013172926631","0.904821159894111","31"
"D6","HET","15","123224","136.83958864436","8.5524742902725","9.12263924295733","12.0396244801541","0.10932852015981","0.61248761786116","31"
"D7","HOM","16","97031","107.752403149962","6.73452519687261","6.73452519687261","8.12397843670694","0.147208833620574","0.797087451123362","31"
"D8","HOM","16","27263","30.2754147342335","1.89221342088959","1.89221342088959","1.33476208112421","0.520011108107682","2.41731880989","31"
"E1",NA,NA,NA,NA,NA,NA,NA,NA,NA,"31"
"E2","WT","16","85928","95.4225814210914","5.96391133881821","5.96391133881821","6.51948719527198","0.166889675347449","0.765142519826173","31"
"E3",NA,NA,NA,NA,NA,NA,NA,NA,NA,"31"
"E4","HOM","16","173473","192.640832637336","12.0400520398335","12.0400520398335","10.0578996959632","0.083029764066368","0.341866221437209","31"
"E5","WT","16","77083","85.6002565366584","5.35001603354115","5.35001603354115","7.09652300442662","0.186498838232707","0.713989849239614","31"
"E6","HET","9","18947","21.0405415020182","1.31503384387614","2.33783794466869","2.18853223718996","0.415907337338156","1.40011636677576","31"
"E7","HOM","16","69910","77.6346786512953","4.85216741570595","4.85216741570595","3.08705127628722","0.205285111248748","0.995737459423821","31"
"E8",NA,NA,NA,NA,NA,NA,NA,NA,NA,"31"
"F1","HOM","16","66400","73.7368425467888","4.6085526591743","4.6085526591743","5.22237753970372","0.216029899911726","1.08007033581026","31"
"F2","WT","16","64965","72.1432827718695","4.50895517324184","4.50895517324184","3.61300915894042","0.220927156944526","0.966503103485921","31"
"F3",NA,NA,NA,NA,NA,NA,NA,NA,NA,"31"
"F4","HOM","16","113979","126.57306591326","7.91081661957873","7.91081661957873","5.05277708798243","0.126138079852057","0.571081959780127","31"
"F5","WT","16","34990","38.856206637231","2.42851291482694","2.42851291482694","1.48148949210803","0.409011122985932","1.62616228031342","31"
"F6",NA,NA,NA,NA,NA,NA,NA,NA,NA,"31"
"F7","HOM","16","100985","112.143298864269","7.00895617901682","7.00895617901682","4.44831832708221","0.141512965421862","0.80238546863966","31"
"F8","WT","16","5857","6.50416696982744","0.406510435614215","0.406510435614215","0.222362128113401","2.24430593864578","9.98220223537586","31"
"A1","WT","16","70776","78.5746568744521","4.91091605465326","4.91091605465326","1.68399250405343","0.202981641116591","0.875881896862923","33"
"A2","WT","16","44553","49.4622002900342","3.09138751812714","3.09138751812714","1.81095901939471","0.319631421495835","1.63361461446774","33"
"A3",NA,NA,NA,NA,NA,NA,NA,NA,NA,"33"
"A4","HOM","16","46748","51.899062670494","3.24369141690588","3.24369141690588","1.4404094750859","0.303601542463836","1.59503734745654","33"
"A5","WT","16","41648","46.2371045199952","2.8898190324997","2.8898190324997","1.76814075400025","0.343266372711616","1.28610135164432","33"
"A6",NA,NA,NA,NA,NA,NA,NA,NA,NA,"33"
"A7","HOM","16","69539","77.201354475988","4.82508465474925","4.82508465474925","2.44763689445889","0.206913279911684","0.937343816802672","33"
"A8","HOM","16","101324","112.488676008067","7.03054225050422","7.03054225050422","8.72074360981703","0.141068149304004","0.92948460902934","33"
"B1",NA,NA,NA,NA,NA,NA,NA,NA,NA,"33"
"B2","WT","16","146633","162.790178329823","10.1743861456139","10.1743861456139","6.83230467220925","0.0981854524116576","0.419590977769724","33"
"B3","HET","7","13148","14.5967501495605","0.912296884347533","2.08525002136579","1.70391388687919","0.45615771428354","2.26312853653567","33"
"B4","HOM","16","98234","109.058195481589","6.8161372175993","6.8161372175993","4.01361951519578","0.145824041219023","0.722380193461263","33"
"B5","WT","16","86760","96.319899830839","6.01999373942744","6.01999373942744","4.79377695606099","0.165214449485959","0.636866841819784","33"
"B6","HET","10","15472","17.1768267655918","1.07355167284949","1.71768267655918","1.36791273121511","0.552635871218471","2.38694574678757","33"
"B7","HOM","15","37070","41.154664439018","2.57216652743863","2.74364429593453","1.77299265862913","0.364416333552287","1.44488277700178","33"
"B8",NA,NA,NA,NA,NA,NA,NA,NA,NA,"33"
"C1","HOM","16","222841","247.395375728492","15.4622109830308","15.4622109830308","5.09696909607631","0.0646191917553686","0.311583938699811","33"
"C2","WT","16","187418","208.069190715724","13.0043244197327","13.0043244197327","7.46199727880007","0.076868179276155","0.321254870087899","33"
"C3","HET","7","17024","18.8998383439396","1.18123989649623","2.69997690627709","2.29312926412913","0.324272292013281","3.12850129241648","33"
"C4","HOM","16","181465","201.460242309857","12.5912651443661","12.5912651443661","8.128984685721","0.0790414770333262","0.530337319195919","33"
"C5","WT","16","129621","143.903662240355","8.99397889002218","8.99397889002218","8.69525699510431","0.110989995920065","0.530100652927091","33"
"C6",NA,NA,NA,NA,NA,NA,NA,NA,NA,"33"
"C7","HOM","16","86800","96.3643073457449","6.02276920910906","6.02276920910906","3.75300057151666","0.164884534426968","0.910697428532556","33"
"C8","WT","16","41946","46.567940506044","2.91049628162775","2.91049628162775","4.47074974599122","0.340787017601479","1.83063205140759","33"
"D1","WT","16","113769","126.304964083157","7.89406025519733","7.89406025519733","5.03137379000229","0.12606613457333","0.657476374578304","33"
"D2","WT","16","93906","104.253302368773","6.51583139804833","6.51583139804833","3.47966249153045","0.152925029727021","0.720787738756494","33"
"D3","HET","7","15764","17.5010016244046","1.09381260152529","2.50014308920066","2.61887852087839","0.39924077022847","2.94094330076976","33"
"D4","HOM","16","118102","131.115408135336","8.1947130084585","8.1947130084585","4.08252959314061","0.121854578054469","0.482951150583016","33"
"D5","WT","16","83693","92.9149536254312","5.80718460158945","5.80718460158945","6.1591228381701","0.170264524517729","1.00141070788328","33"
"D6","HET","15","90760","100.760651321426","6.29754070758915","6.71737675476176","7.29123413658305","0.140341346556725","0.999168388122638","33"
"D7","HOM","16","100872","111.986871089631","6.99917944310194","6.99917944310194","6.27397805121931","0.142674493348537","0.904715803586408","33"
"D8","HOM","16","59153","65.670943230678","4.10443395191737","4.10443395191737","3.33027807694388","0.24137935622436","1.04235544377844","33"
"E1",NA,NA,NA,NA,NA,NA,NA,NA,NA,"33"
"E2","WT","16","101559","112.749570158139","7.04684813488372","7.04684813488372","6.89204452470063","0.141583275424401","0.670790798189562","33"
"E3",NA,NA,NA,NA,NA,NA,NA,NA,NA,"33"
"E4","HOM","16","142469","158.167356028121","9.88545975175758","9.88545975175758","4.41279929635537","0.100902806527978","0.500342976772963","33"
"E5","WT","16","68770","76.3476200019225","4.77172625012016","4.77172625012016","6.42284614922738","0.209029364604532","0.75529500247051","33"
"E6","HET","5","6654","7.38719010459201","0.461699381537001","1.4774380209184","0.811481039856884","0.675253164453301","1.24526483147233","33"
"E7","HOM","16","102679","113.992980575504","7.124561285969","7.124561285969","4.09792120801659","0.139153188727682","0.801863641822034","33"
"E8",NA,NA,NA,NA,NA,NA,NA,NA,NA,"33"
"F1","HOM","16","65153","72.332070466559","4.52075440415994","4.52075440415994","4.89425174633013","0.219647271619203","0.729857365044869","33"
"F2","WT","16","87250","96.863891888436","6.05399324302725","6.05399324302725","6.76105918845077","0.164721413226724","0.866049253584101","33"
"F3",NA,NA,NA,NA,NA,NA,NA,NA,NA,"33"
"F4","HOM","16","118463","131.516185957362","8.21976162233509","8.21976162233509","5.33023575098802","0.121463762934899","0.470505021793958","33"
"F5","WT","16","42904","47.6315004880396","2.97696878050248","2.97696878050248","2.89488748805725","0.335005801717963","1.46221040808589","33"
"F6",NA,NA,NA,NA,NA,NA,NA,NA,NA,"33"
"F7","HOM","16","139486","154.855665604016","9.67847910025099","9.67847910025099","5.84494400584532","0.102712894220764","0.619394531641874","33"
"F8","WT","16","50649","56.2299055616893","3.51436909760558","3.51436909760558","2.22847455996431","0.28275123855213","1.07584780717905","33"
"A1","WT","16","60383","66.9249421366006","4.18280888353754","4.18280888353754","2.01616674971899","0.237920212634055","0.995116255907712","35"
"A2","WT","16","66242","73.4187108459781","4.58866942787363","4.58866942787363","2.60018135587853","0.217050177476671","1.08344088991115","35"
"A3",NA,NA,NA,NA,NA,NA,NA,NA,NA,"35"
"A4","HOM","16","47429","52.5674954970245","3.28546846856403","3.28546846856403","1.27970000872943","0.302780443109907","1.39821237267138","35"
"A5","WT","16","36681","40.6550486480077","2.54094054050048","2.54094054050048","1.5353843569508","0.392067222934406","1.4747592704683","35"
"A6",NA,NA,NA,NA,NA,NA,NA,NA,NA,"35"
"A7","HOM","16","58742","65.106154894394","4.06913468089962","4.06913468089962","2.15065785884627","0.244561697018527","0.986474755092743","35"
"A8","HOM","15","87841","97.3577636457469","6.08486022785918","6.49051757638312","8.20916119362608","0.153725029793341","1.04229414522121","35"
"B1",NA,NA,NA,NA,NA,NA,NA,NA,NA,"35"
"B2","WT","16","122258","135.50352873717","8.4689705460731","8.4689705460731","6.32510649621871","0.117808550981987","0.49231269370277","35"
"B3","HET","5","2027","2.2466067885148","0.140412924282175","0.449321357702961","0.659266967262661","2.03974845041543","7.39811849854896","35"
"B4","HOM","16","116183","128.770358416387","8.04814740102416","8.04814740102416","4.38664043586388","0.124054467689619","0.552333410478015","35"
"B5","WT","16","84785","93.9706741806747","5.87316713629217","5.87316713629217","5.04735377006603","0.169869100516462","0.765119006903412","35"
"B6","HET","8","6045","6.69992009697681","0.418745006061051","0.837490012122101","1.02718480865714","1.10487773834852","4.59543613925865","35"
"B7","HOM","16","41273","45.7445495719642","2.85903434824776","2.85903434824776","1.92659778376851","0.347197356972635","1.80072632649067","35"
"B8",NA,NA,NA,NA,NA,NA,NA,NA,NA,"35"
"C1","HOM","16","209899","232.639624224208","14.539976514013","14.539976514013","5.61151204484196","0.0685517596104496","0.325970367776744","35"
"C2","WT","16","178841","198.216775858301","12.3885484911438","12.3885484911438","9.32357980915561","0.0806701684129177","0.426775379175624","35"
"C3","HET","4","3181","3.52563206426522","0.220352004016576","0.881408016066304","0.881289790345732","1.11183426914385","4.03205201182273","35"
"C4","HOM","16","155777","172.654003795989","10.7908752372493","10.7908752372493","8.36465384291108","0.0924779119579356","0.45768339825487","35"
"C5","WT","16","91944","101.90528592166","6.36908037010376","6.36908037010376","5.85299808215106","0.156004279025542","0.512401915795147","35"
"C6",NA,NA,NA,NA,NA,NA,NA,NA,NA,"35"
"C7","HOM","16","85199","94.4295272692022","5.90184545432514","5.90184545432514","3.84716646257049","0.168244465635514","0.828056729336019","35"
"C8","WT","16","34053","37.7423290425726","2.35889556516079","2.35889556516079","3.85990904830004","0.412583113088991","2.41275720448637","35"
"D1","WT","16","69454","76.9787014748432","4.8111688421777","4.8111688421777","4.24398196109158","0.206855062862122","1.20755157936393","35"
"D2","WT","16","69720","77.2735201259261","4.82959500787038","4.82959500787038","2.65595473342733","0.205197324584816","1.06569071941639","35"
"D3","HET","4","10615","11.7650375234754","0.735314845217213","2.94125938086885","3.08699014938939","0.337499975999435","1.36401462871699","35"
"D4","HOM","16","97144","107.668658048092","6.72929112800574","6.72929112800574","4.13215474787828","0.14846911141679","0.476275982213021","35"
"D5","WT","14","49846","55.2463551950217","3.45289719968885","3.94616822821583","5.09811535223037","0.251920270843033","0.98405395723778","35"
"D6","HET","9","13352","14.7985662754068","0.924910392212927","1.64428514171187","1.91435226745042","0.577873017385146","5.86213341080582","35"
"D7","HOM","16","94893","105.173782921823","6.57336143261394","6.57336143261394","5.99593321958544","0.151238796196022","0.750968827104162","35"
"D8","HOM","16","68153","75.5367501024418","4.72104688140261","4.72104688140261","3.49842923737939","0.211318025301818","0.761755190714914","35"
"E1",NA,NA,NA,NA,NA,NA,NA,NA,NA,"35"
"E2","WT","16","87825","97.3400301930502","6.08375188706563","6.08375188706563","6.45528253824316","0.163592739098612","0.958656374387485","35"
"E3",NA,NA,NA,NA,NA,NA,NA,NA,NA,"35"
"E4","HOM","16","143400","158.936069794289","9.93350436214303","9.93350436214303","5.10317702662786","0.100438425654327","0.429063639647386","35"
"E5","WT","16","52839","58.5636191901005","3.66022619938128","3.66022619938128","3.92700115674039","0.272393416032789","0.838558168551057","35"
"E6","HET","4","4483","4.96869177746022","0.310543236091264","1.24217294436506","1.10544474844454","0.802416009113641","1.88894169079191","35"
"E7","HOM","16","96950","107.453639934144","6.71585249588401","6.71585249588401","3.75205777683069","0.148655281804011","0.594798163439229","35"
"E8",NA,NA,NA,NA,NA,NA,NA,NA,NA,"35"
"F1","HOM","16","69284","76.7902835399406","4.79939272124629","4.79939272124629","6.28348968821528","0.207060903377317","0.992909086835776","35"
"F2","WT","16","85948","95.259674523567","5.95372965772294","5.95372965772294","6.40781784871561","0.167526393228017","0.865916539194804","35"
"F3",NA,NA,NA,NA,NA,NA,NA,NA,NA,"35"
"F4","HOM","16","103683","114.91609849708","7.18225615606748","7.18225615606748","4.09590979910317","0.139142104115099","0.46873087590712","35"
"F5","WT","16","29727","32.9476467696989","2.05922792310618","2.05922792310618","1.40127718183964","0.480907324607384","1.92022105982524","35"
"F6",NA,NA,NA,NA,NA,NA,NA,NA,NA,"35"
"F7","HOM","16","112590","124.788089945181","7.79925562157381","7.79925562157381","4.97707842792902","0.128014799787784","0.679386562064943","35"
"F8","WT","16","37868","41.970649169945","2.62316557312157","2.62316557312157","2.20113882804344","0.377759580770105","1.76580450545611","35"
