"recording time (s): [854.75004006 ,1757]"
" "
"Spike statistics for wells"
"","treatment","nAE","nspikes_by_well","meanfiringrate_by_well","meanfiringrate_by_all_ectctordes","meanfiringrate_by_active_electordes","sdfiringrate_by_active_electordes","meanisis","sdisis"
"A1","WT","16","50347","55.7861870653877","3.48663669158673","3.48663669158673","2.14799799018267","0.284010411741869","1.24229402036019"
"A2","HOM","16","100124","110.94079475907","6.93379967244185","6.93379967244185","3.70120797918928","0.143703076469413","0.988241272730985"
"A3","WT_H","16","7155","7.92798316588573","0.495498947867858","0.495498947867858","0.351093577000377","1.97578445436476","7.74968327277607"
"A4","HOM_H","16","9379","10.3922507495237","0.649515671845233","0.649515671845233","0.684554386636616","1.495530913799","6.35945650097425"
"A5","WT","16","53693","59.4936687806992","3.7183542987937","3.7183542987937","3.27231653773004","0.266928903440021","1.24577609118498"
"A6","HOM","16","95591","105.91807670303","6.6198797939394","6.6198797939394","4.12666214453623","0.150593296692022","0.709714551013459"
"A7","WT_H","16","12773","14.1529180961367","0.884557381008547","0.884557381008547","0.764126321288641","1.07904868431371","4.98195975169469"
"A8","HOM_H","16","15546","17.2254963377861","1.07659352111163","1.07659352111163","1.20159242594713","0.91440966671539","2.85302307151155"
"B1","WT","16","71451","79.1701362942979","4.94813351839362","4.94813351839362","3.59720607267781","0.201362460313012","0.931952458903429"
"B2","HOM","16","112383","124.524183386686","7.78276146166785","7.78276146166785","4.34810277002259","0.128288480888072","0.546287944490256"
"B3","WT_H","16","20775","23.0194060476976","1.4387128779811","1.4387128779811","0.844088137118949","0.688040684189508","2.96566787592395"
"B4","HOM_H","16","19236","21.314141744092","1.33213385900575","1.33213385900575","1.57106619758898","0.707227454515089","3.93673172246219"
"B5","WT","15","29043","32.1806310393877","2.01128943996173","2.14537540262585","1.45740495780213","0.463220733053603","1.54522588725375"
"B6","HOM","16","33722","37.3651220573024","2.3353201285814","2.3353201285814","2.20846214826224","0.422593218692814","2.08235540726452"
"B7","WT_H","16","13841","15.336298392596","0.95851864953725","0.95851864953725","0.775431228517299","0.998725947394575","4.67786157686613"
"B8","HOM_H","16","47422","52.5451876579501","3.28407422862188","3.28407422862188","3.9189870825764","0.299895944465679","2.07816971224789"
"C1","WT","15","107661","119.292046907397","7.4557529317123","7.95280312715978","5.97213120035349","0.125433145534437","0.570090565288405"
"C2","HOM","16","80596","89.3031070912266","5.58144419320166","5.58144419320166","3.61002661158918","0.178963089923058","0.80403704802854"
"C3","WT_H","16","19910","22.0609566502844","1.37880979064277","1.37880979064277","0.791486586983859","0.720843026502463","3.03722045403789"
"C4","HOM_H","16","14462","16.0243874975597","1.00152421859748","1.00152421859748","1.06993327398508","0.951211921529143","4.85281589408062"
"C5","WT","14","22174","24.5695455933403","1.53559659958377","1.75496754238145","2.92201113519888","0.56267153011417","3.02198113595717"
"C6","HOM","16","40880","45.2964293251445","2.83102683282153","2.83102683282153","1.61458708625983","0.351692439462118","1.19449249577685"
"C7","WT_H","16","19953","22.1086021116587","1.38178763197867","1.38178763197867","1.66359498195433","0.707072567548277","4.64327082412393"
"C8","HOM_H","16","39109","43.3341011369147","2.70838132105717","2.70838132105717","2.2406604229661","0.365057196421098","1.76953852518939"
"D1","WT","16","82280","91.1690363227223","5.69806477017014","5.69806477017014","3.43335366151364","0.175013598730915","0.767052931324399"
"D2","HOM","16","87595","97.0582369553823","6.0661398097114","6.0661398097114","3.38634326357846","0.164389467367976","0.677306746493844"
"D3","WT_H","16","24537","27.1878299009557","1.69923936880973","1.69923936880973","1.7899331568159","0.577194548607316","2.3910013709163"
"D4","HOM_H","15","8296","9.19224994328274","0.574515621455171","0.612816662885516","0.316071557943335","1.58705748860403","9.07315292855447"
"D5","WT","16","32640","36.1662292850469","2.26038933031543","2.26038933031543","4.58251639622085","0.435715824242889","2.47210141995954"
"D6","HOM","16","69133","76.6017135160277","4.78760709475173","4.78760709475173","2.69054616074866","0.208286204305019","0.66213894967244"
"D7","WT_H","16","14878","16.4853296355063","1.03033310221915","1.03033310221915","0.922574130734753","0.947249486322164","5.37583026187224"
"D8","HOM_H","16","10354","11.4725838853362","0.717036492833515","0.717036492833515","0.686899080506315","1.28330854669762","4.56897922661103"
"E1","WT","16","51641","57.2199830425584","3.5762489401599","3.5762489401599","2.93255136190104","0.278339467036707","1.03909381250857"
"E2","HOM","16","101013","111.925836972134","6.99536481075834","6.99536481075834","3.39013586916044","0.142746784262107","0.616723307235935"
"E3","WT_H","16","107449","119.057143702482","7.4410714814051","7.4410714814051","7.10072602710428","0.134105498108496","0.49384061398274"
"E4","HOM_H","16","54735","60.6482401935368","3.79051501209605","3.79051501209605","2.85922077142394","0.261029467355398","1.09419992852087"
"E5","WT","16","29895","33.1246759949901","2.07029224968688","2.07029224968688","2.56120247255486","0.476082058656916","2.45100011452703"
"E6","HOM","15","54924","60.8576586167866","3.80360366354916","4.0571772411191","3.00980084801405","0.245697566518057","1.05264151554612"
"E7","WT_H","16","34380","38.0942084197277","2.38088802623298","2.38088802623298","1.54461741891824","0.416124718534222","1.68419489522999"
"E8","HOM_H","6","3329","3.68864513755885","0.230540321097428","0.614774189593142","0.80287393800302","1.27828252368944","3.6172002675719"
"F1","WT","16","67459","74.7468646243865","4.67167903902416","4.67167903902416","3.16159661900362","0.213248447574396","0.811690779220037"
"F2","HOM","16","91479","101.361840954865","6.33511505967908","6.33511505967908","2.24621378921834","0.157321983055553","0.941316944036292"
"F3","WT_H","16","26298","29.1390777493309","1.82119235933318","1.82119235933318","2.41345572006844","0.541380886811506","3.2564965907426"
"F4","HOM_H","16","26160","28.986169059339","1.81163556620869","1.81163556620869","1.60773763644431","0.545741422258262","3.29744244766995"
"F5","WT","7","10896","12.0731383054495","0.754571144090592","1.72473404363564","1.92592678453792","0.540612969165213","5.13310116694464"
"F6","HOM","15","35951","39.8349298108676","2.48968311317923","2.65566198739118","4.20138546453573","0.368080454001558","2.17713964594688"
"F7","WT_H","16","38151","42.2726045788549","2.64203778617843","2.64203778617843","3.07874054339253","0.374383446127704","1.96051971742203"
"F8",NA,NA,NA,NA,NA,NA,NA,NA,NA
" "
"Spike statistics for electrodes"
"electrode","nspikes","meanfiringrate","meanisis","sdisis"
"A1_11","3597","3.98559824565912","0.249160119193548","0.986819978319918"
"A1_12","6767","7.49806597953162","0.132679780644398","0.656455174104821"
"A1_13","2629","2.91302134774474","0.340900291035008","1.33076136167477"
"A1_14","1756","1.94570767844799","0.511487601139601","1.2882573923996"
"A1_21","1775","1.96676032417151","0.494377384611048","2.04125713052585"
"A1_22","3655","4.04986421681514","0.245217517701149","0.959122520800359"
"A1_23","6532","7.23767799295117","0.137187559770326","0.670819519772329"
"A1_24","851","0.942936921616877","1.03149504283529","3.52429406395589"
"A1_31","2695","2.98615159078435","0.332414195712695","1.33062277987382"
"A1_32","1031","1.14238303899765","0.864169462126214","2.43795360218692"
"A1_33","5526","6.12299580358973","0.162198509961991","0.758243412957468"
"A1_34","1391","1.5412752737592","0.644543226784173","1.61884287034946"
"A1_41","3775","4.18282829506899","0.237403172427133","1.00732925078816"
"A1_42","4549","5.04044659980632","0.197377602403254","0.738815798459593"
"A1_43","3162","3.50360346198891","0.283640477231889","1.14494494864921"
"A1_44","656","0.726870294454373","1.36426933712977","3.6950444223265"
"A2_11","5563","6.16399306105134","0.162077260724559","0.922939675022318"
"A2_12","2692","2.98282748882801","0.333135067030844","1.43352723619778"
"A2_13","7968","8.82881479605556","0.113166468079578","0.801256924125682"
"A2_14","6387","7.0770130650611","0.140418959877858","0.870701872911399"
"A2_21","10449","11.5778471139539","0.0862926920817381","0.695355385557821"
"A2_22","9801","10.8598410913831","0.0919996990040816","0.666107092685403"
"A2_23","4248","4.70692837018624","0.212269155446197","1.13907759135372"
"A2_24","6670","7.39058668294309","0.1351731394272","0.857347498773259"
"A2_31","762","0.844321896911939","1.1762117064389","3.17671012578568"
"A2_32","8526","9.44709775993595","0.105755051824047","0.761724371579999"
"A2_33","5562","6.16288502706589","0.162125017016724","0.943410326608929"
"A2_34","7354","8.14848192899003","0.122613119431525","0.629268840943657"
"A2_41","8968","9.9368487815043","0.100545065001673","0.672183458503498"
"A2_42","11716","12.9817261735174","0.0769599714417414","0.627897054509953"
"A2_43","2653","2.93961416339551","0.337570031813726","1.57908326419927"
"A2_44","805","0.891967358286235","1.10098879810945","4.99829395917703"
"A3_11","251","0.278116530347634","3.44750371428","14.3117780926327"
"A3_12","169","0.187257743540837","5.13017318017857","17.2367772383493"
"A3_13","1318","1.46038879282144","0.685118103720577","1.51540672876169"
"A3_14","181","0.200554151366222","4.7881921835","16.6981642699367"
"A3_21","228","0.252631748682313","3.79682381687225","14.9815916036321"
"A3_22","374","0.414404710557829","2.36066898796247","6.11883651197793"
"A3_23","510","0.565097332578857","1.76752744051081","3.84802340957793"
"A3_24","891","0.987258281034827","1.01260213780899","2.17942360067195"
"A3_31","194","0.214958593177055","4.4656743284456","13.1307469153666"
"A3_32","648","0.718006022570783","1.38971790293663","2.20630621576098"
"A3_33","526","0.582825876346037","1.70195860201905","4.32199057853354"
"A3_34","295","0.326870025707378","2.93158898255102","13.2561747372647"
"A3_41","523","0.579501774389691","1.72362690747126","2.95459120820179"
"A3_42","592","0.655956119385654","1.5223890051269","2.83217205682595"
"A3_43","385","0.426593084397765","2.33371010841146","9.08350723665708"
"A3_44","70","0.0775623789814118","12.490743007971","25.2311905752424"
"A4_11","124","0.137396214195644","6.97574873439024","20.2707194352546"
"A4_12","2122","2.35124811712222","0.42374089145686","0.890779570463807"
"A4_13","474","0.525208109102702","1.86390892906977","4.64490163890928"
"A4_14","125","0.138504248181092","6.91949107693548","19.7270938021561"
"A4_21","654","0.724654226483476","1.36277474088821","2.17028832101045"
"A4_22","791","0.876454882489953","1.11936018175949","2.57053969355633"
"A4_23","183","0.202770219337119","4.83204522027473","9.62910050514124"
"A4_24","102","0.113019466515771","8.49523520970297","21.7729880755435"
"A4_31","203","0.224930899046094","4.24766236168317","14.4533165820669"
"A4_32","1509","1.67202328404215","0.596338410769231","1.04717033149872"
"A4_33","304","0.336842331576417","2.91131318788779","6.17855202098061"
"A4_34","187","0.207202355278914","4.61302411274194","16.7893071990342"
"A4_41","229","0.253739782667761","3.76324308907895","8.39560426976089"
"A4_42","627","0.69473730887636","1.41859586776358","3.19689066749107"
"A4_43","182","0.201662185351671","4.74043886961326","14.4489431915421"
"A4_44","1563","1.73185711925638","0.571744426254801","1.26162785653294"
"A5_11","7338","8.13075338522285","0.122193181424288","0.674449195834152"
"A5_12","7933","8.79003360656485","0.113026930345436","0.651858886531565"
"A5_13","3780","4.18836846499623","0.237188893850225","0.985277541742693"
"A5_14","212","0.234903204915133","4.24519052398104","7.59583537108919"
"A5_21","1159","1.28421138913509","0.770475057141623","2.12658784560711"
"A5_22","686","0.760111314017835","1.3021700440292","3.42026558160979"
"A5_23","6913","7.65983894140714","0.129701145355903","0.694558656267767"
"A5_24","3365","3.72853436103501","0.266437293579073","0.977869167020849"
"A5_31","2895","3.2077583878741","0.309768393099516","1.00118090211848"
"A5_32","5357","5.9357380600489","0.168449876215459","0.349375735101316"
"A5_33","762","0.844321896911939","1.17238653306176","2.94098751173286"
"A5_34","1745","1.93351930460805","0.513995399558486","1.60933155398786"
"A5_41","259","0.286980802231224","3.45737074724806","5.15398062761362"
"A5_42","8615","9.54571278464089","0.104736516697237","0.134497575310883"
"A5_43","886","0.981718111107583","1.00790935844068","2.68436574871635"
"A5_44","1788","1.98116476598235","0.499351193240067","1.49078810576131"
"A6_11","8554","9.47812271152852","0.105206772509061","0.524101340555903"
"A6_12","14218","15.7540272051102","0.0632914231624112","0.424219851390287"
"A6_13","4241","4.6991721322881","0.212386362518868","0.570566569981041"
"A6_14","4456","4.93739943915958","0.201967117070707","0.763810597510697"
"A6_21","6904","7.6498666355381","0.130350923417355","0.604640703073092"
"A6_22","11034","12.2260469954414","0.0815586829167044","0.477338190668748"
"A6_23","5665","6.27701252756711","0.158858280319562","0.670724892322215"
"A6_24","3050","3.37950365561866","0.295096260131191","0.940991857666414"
"A6_31","5873","6.50748359654045","0.153240213302112","0.653392098201409"
"A6_32","1211","1.34182915637842","0.743619383305785","1.48724114901501"
"A6_33","303","0.335734297590968","2.96451450400662","4.8937773801698"
"A6_34","4435","4.91413072546516","0.202930639546685","0.792867132052526"
"A6_41","3564","3.94903312413931","0.252537282371597","0.849920112560112"
"A6_42","8206","9.09252688459236","0.109665736884826","0.554659979658233"
"A6_43","3537","3.91911620653219","0.254460397186086","0.911585337109148"
"A6_44","10340","11.45707140954","0.0870297218831608","0.494411558431431"
"A7_11","754","0.83545762502835","1.19775000197875","1.41145055433067"
"A7_12","1287","1.42603973927253","0.699937307325039","0.899455495686002"
"A7_13","76","0.0842105828941042","9.60053943706667","33.6716184076725"
"A7_14","1935","2.14404576184331","0.465491688578076","0.55143485449843"
"A7_21","70","0.0775623789814118","10.4352544831884","26.8059797963574"
"A7_22","1932","2.14072165988696","0.467180370315898","0.632854342191815"
"A7_23","889","0.985042213063929","1.01419066537162","1.37597784676169"
"A7_24","83","0.0919668207922454","8.78087647280488","32.2966219554635"
"A7_31","271","0.300277210056608","3.3054407857037","5.8393459874404"
"A7_32","254","0.28144063230398","3.54159990766798","5.68718891195167"
"A7_33","1742","1.9301952026517","0.517439600206778","0.771227378683392"
"A7_34","1406","1.55789578354093","0.641645578355872","0.668355282697602"
"A7_41","143","0.15844885991917","5.81361448549296","15.3930372827643"
"A7_42","276","0.305817379983852","3.23655058167273","6.63450859142413"
"A7_43","1148","1.27202301529515","0.785699638212729","0.826687679227562"
"A7_44","507","0.561773230622511","1.76414267843874","2.0127601520749"
"A8_11","387","0.428809152368662","2.27735075305699","5.03143122668485"
"A8_12","712","0.788920197639502","1.26804995030942","2.55044480395621"
"A8_13","4865","5.39058533920812","0.185527137094984","0.192749482975603"
"A8_14","757","0.838781726984696","1.18889167978836","1.97716781843715"
"A8_21","645","0.714681920614437","1.37342070503106","4.05993802602354"
"A8_22","1372","1.52022262803567","0.656381526958425","1.33498285442713"
"A8_23","476","0.5274241770736","1.8307046292","4.29783092466068"
"A8_24","523","0.579501774389691","1.70548155065134","3.42978712598806"
"A8_31","1087","1.20443294218278","0.827312019779005","1.75938207744462"
"A8_32","1008","1.11689825733233","0.892509732482622","1.66438885346134"
"A8_33","474","0.525208109102702","1.84179360336152","4.36194469306843"
"A8_34","283","0.313573617881993","3.03304312698582","9.8490455603783"
"A8_41","1133","1.25540250551342","0.793448760715548","2.03302070628075"
"A8_42","395","0.437673424252252","2.24305378449239","6.10186855896537"
"A8_43","921","1.02049930059829","0.976836965315217","1.80308977994065"
"A8_44","508","0.56288126460796","1.71669655143984","4.25918295759621"
"B1_11","1221","1.35290949623291","0.732642211614754","2.51477546936051"
"B1_12","4317","4.78338271518221","0.208556517900834","0.940123047916797"
"B1_13","2150","2.38227306871479","0.417379066314565","1.64683925775974"
"B1_14","7032","7.79169498567554","0.128033679796615","0.5014208084569"
"B1_21","6343","7.02825956970135","0.141936411830653","0.674981098629748"
"B1_22","3435","3.80609674001642","0.262127201156086","0.821885485091289"
"B1_23","5714","6.3313061928541","0.157566523264485","0.658516745367059"
"B1_24","4505","4.99169310444657","0.199861413725577","0.759087967081624"
"B1_31","6416","7.10914605063911","0.140318217569758","0.567404078835637"
"B1_32","13513","14.9728632453688","0.0666190900518058","0.315800839647655"
"B1_33","5130","5.68421434535203","0.17579126380776","0.62810459543891"
"B1_34","1596","1.76842224077619","0.56225241953605","1.70082092969711"
"B1_41","1639","1.81606770215048","0.547510902399267","2.02764331658853"
"B1_42","6284","6.96288556455988","0.14327288970078","0.638197343328735"
"B1_43","420","0.465374273888471","2.13479632410501","4.44715152645412"
"B1_44","1736","1.92354699873901","0.520087621786744","1.09421126778846"
"B2_11","11794","13.0681528243824","0.0764679150487577","0.233987073251907"
"B2_12","11441","12.677016827519","0.0788131453583916","0.419702547208444"
"B2_13","10246","11.3529162149078","0.0879140326110298","0.380032041875117"
"B2_14","1624","1.79944719236875","0.554914676179914","1.24761651546903"
"B2_21","7726","8.56067057157696","0.116727888899676","0.512696513488671"
"B2_22","3167","3.50914363191616","0.284464153682881","0.83604852340415"
"B2_23","12833","14.2194001352637","0.0702671329044576","0.396967771687977"
"B2_24","3940","4.36565390266803","0.228634399106372","0.76825568375032"
"B2_31","4475","4.95845208488311","0.201300866260617","0.692543821590479"
"B2_32","3269","3.62216309843193","0.275578413151775","0.83231362363629"
"B2_33","11933","13.2221695483598","0.0754829111406302","0.414340937024916"
"B2_34","6288","6.96731770050167","0.143259345360267","0.595138793238328"
"B2_41","1957","2.16842250952318","0.46042866650818","1.07328482007907"
"B2_42","4279","4.74127742373516","0.21051567058906","0.716035658995062"
"B2_43","10502","11.6365729151827","0.0858682351928388","0.448440221586534"
"B2_44","6909","7.65540680546534","0.130378034952229","0.553259728808683"
"B3_11","1876","2.07867175670183","0.480495941157333","1.06621743484002"
"B3_12","1100","1.21883738399361","0.813532580282075","2.99308811543232"
"B3_13","2984","3.30637341257904","0.302539938327187","0.750641269883266"
"B3_14","746","0.82659335314476","1.17861708008054","4.18634967603708"
"B3_21","1415","1.56786808940997","0.63760728927157","1.37489127582409"
"B3_22","1062","1.17673209254656","0.849556884995287","2.1922928970104"
"B3_23","454","0.503047429393728","1.93835270030905","8.95744928015861"
"B3_24","802","0.888643256329889","1.09621159018727","4.51243485932624"
"B3_31","527","0.583933910331486","1.66933577809886","6.00653983146317"
"B3_32","1000","1.10803398544874","0.901909995755756","2.58518048067885"
"B3_33","1051","1.16454371870662","0.847413258352381","3.57148721495114"
"B3_34","1899","2.10415653836716","0.475288992571127","0.834573369867802"
"B3_41","648","0.718006022570783","1.38520272709428","6.42162586763513"
"B3_42","2382","2.6393369533389","0.378416171936161","0.979141913627379"
"B3_43","570","0.631579371705781","1.54317866314587","6.1284499926563"
"B3_44","2259","2.5030487731287","0.3995249444907","0.839491969334129"
"B4_11","5288","5.85928371505293","0.170566963096274","0.287886024843136"
"B4_12","1169","1.29529172898958","0.770791798664384","1.27890189893512"
"B4_13","572","0.633795439676679","1.56392117180385","2.10080012526195"
"B4_14","360","0.398892234761546","2.47747632816156","6.07251738409831"
"B4_21","305","0.337950365561866","2.25452401269737","12.5526285430392"
"B4_22","336","0.372299419110776","2.39566435755224","9.4449335938428"
"B4_23","283","0.313573617881993","2.43036819808511","13.3740697570578"
"B4_24","229","0.253739782667761","3.77689206350877","13.2768989512906"
"B4_31","188","0.208310389264363","4.73181068850267","9.38671844471781"
"B4_32","1893","2.09750833445446","0.476478665792812","0.726065113186292"
"B4_33","1070","1.18559636443015","0.842352090233864","1.38332946796252"
"B4_34","3268","3.62105506444648","0.275888350391797","0.422754723361115"
"B4_41","246","0.27257636042039","3.66395105493878","10.274806870736"
"B4_42","1395","1.54570740970099","0.646497343737446","0.870814105704988"
"B4_43","259","0.286980802231224","2.65643780484496","13.8949196992188"
"B4_44","2375","2.63158071544076","0.379786912072452","0.522975692829368"
"B5_11","369","0.408864540630585","2.42378425951087","4.89310626677812"
"B5_12","2527","2.80000188122896","0.354865506567696","1.07543161156635"
"B5_13","249","0.275900462376736","3.58965177665323","6.46025388951324"
"B5_14","345","0.382271724979815","2.59768537674419","4.02967302520445"
"B5_21",NA,NA,NA,NA
"B5_22","2093","2.31911513154421","0.427672817992352","1.24545231994583"
"B5_23","2642","2.92742578955557","0.338795128727755","0.816712413762167"
"B5_24","1339","1.48365750651586","0.665347118811659","2.20951260024622"
"B5_31","3856","4.27257904789034","0.233954368376135","0.693543188924306"
"B5_32","3379","3.74404683683129","0.266739524304322","0.564245488354167"
"B5_33","1952","2.16288233959594","0.462290642660174","0.689104067069798"
"B5_34","563","0.62382313380764","1.59120756902135","3.1418188571047"
"B5_41","374","0.414404710557829","2.39805355431635","4.79740353440052"
"B5_42","2463","2.72908770616025","0.364434535588952","1.05936948508267"
"B5_43","3783","4.19169256695258","0.238488830922792","0.209543177516674"
"B5_44","3109","3.44487766076013","0.290123157934363","0.573823607122437"
"B6_11","286","0.316897719838339","3.04826441115789","7.39450986635839"
"B6_12","2259","2.5030487731287","0.399184039960142","1.07224024351993"
"B6_13","314","0.347922671430904","2.82504055166134","6.9937409988623"
"B6_14","361","0.400000268746995","2.44917907925","7.03736607943102"
"B6_21","234","0.259279952595005","3.78257433304721","7.4458131571265"
"B6_22","1954","2.16509840756684","0.461697048689196","1.06548756813482"
"B6_23","1352","1.4980619483267","0.665850130022206","2.08820774279642"
"B6_24","65","0.0720222090541681","13.4139322271875","18.7457794443247"
"B6_31","2767","3.06593003773666","0.326110043120029","0.615204329360303"
"B6_32","2114","2.34238384523863","0.426690764377662","0.763808280697454"
"B6_33","346","0.383379758965264","2.51335933736232","7.45353969150334"
"B6_34","5099","5.64986529180312","0.176957825637505","0.494268537448322"
"B6_41","3702","4.10194181413123","0.243436834017833","0.74400043017157"
"B6_42","1416","1.56897612339541","0.627877018353357","1.59570565774885"
"B6_43","5766","6.38892396009743","0.156528625895924","0.38174074767938"
"B6_44","5687","6.30138927524698","0.1586583612223","0.453875391600593"
"B7_11","1499","1.66094294418766","0.600418905086782","1.05844554798861"
"B7_12","2973","3.2941850387391","0.303589325871467","0.551007923277744"
"B7_13","410","0.454293934033983","2.01898842244499","9.76835844343226"
"B7_14","332","0.367867283168981","2.49475409927492","10.4489303009606"
"B7_21","615","0.681440901050975","1.42016367368078","5.33696738952628"
"B7_22","1286","1.42493170528708","0.69965225336965","1.58579365224445"
"B7_23","522","0.578393740404242","1.63753476199616","5.78249156044618"
"B7_24","1151","1.2753471172515","0.780229177269565","1.25103993511906"
"B7_31","303","0.335734297590968","2.74337386738411","9.13642668396378"
"B7_32","621","0.688089104963667","1.33189132919355","7.63927463043156"
"B7_33","340","0.376731555052571","2.58026113356932","10.0567093623163"
"B7_34","1521","1.68531969186753","0.593691556835526","0.882422247618595"
"B7_41","862","0.955125295456813","1.03796724680604","3.44656045871925"
"B7_42","531","0.588366046273281","1.55802493324528","8.63699897086152"
"B7_43","515","0.570637502506101","1.66562249793774","6.51566755269433"
"B7_44","360","0.398892234761546","2.30012353181058","5.43947042726524"
"B8_11","177","0.196122015424427","5.02735425471591","18.1391499675043"
"B8_12","11605","12.8587344011326","0.0777501948121337","0.172782050162329"
"B8_13","718","0.795568401552195","1.2529427893166","2.19654446806371"
"B8_14","4110","4.55401968019432","0.219508550776345","0.407142318703488"
"B8_21","484","0.53628844895719","1.8449203973499","3.66250484119656"
"B8_22","4117","4.56177591809246","0.219241419229835","0.415585622809691"
"B8_23","1008","1.11689825733233","0.892456126425025","1.40134675587618"
"B8_24","393","0.435457356281355","2.2276200107398","7.34432152089393"
"B8_31","2193","2.42991853008909","0.410327592399635","0.911347291026232"
"B8_32","532","0.589474080258729","1.65607450357815","6.2197031323578"
"B8_33","383","0.424377016426867","2.2802467178534","8.60480766049827"
"B8_34","265","0.293629006143916","3.05988587806818","13.1131293940991"
"B8_41","989","1.0958456116088","0.910625379787449","1.38098855528049"
"B8_42","9631","10.6714753138568","0.0937048185659398","0.18418417920952"
"B8_43","5109","5.66094563165761","0.176642323472984","0.303852941590105"
"B8_44","5708","6.3246579889414","0.158060678736639","0.24201238730057"
"C1_11","7990","8.85319154373543","0.11265964413819","0.507299737631124"
"C1_12","1037","1.14903124291034","0.866360917895753","1.63049143132328"
"C1_13","9822","10.8831098050775","0.0918892581631199","0.464366803363425"
"C1_14","4319","4.78559878315311","0.208440875192219","0.691290113414172"
"C1_21","13567","15.032697080583","0.0665259543122512","0.395200051978072"
"C1_22","2945","3.26316008714654","0.305720524572011","0.848478323865754"
"C1_23","10777","11.9412822611811","0.083525811407758","0.426687139360745"
"C1_24","2421","2.6825502787714","0.371895509892562","1.01268619223024"
"C1_31","20324","22.5196827202602","0.0442903584928406","0.255580978125968"
"C1_32","1773","1.96454425620062","0.50783476","1.26475618975627"
"C1_33","8607","9.5368485127573","0.104583860958634","0.49798215905811"
"C1_34","3857","4.27368708187579","0.233337848226141","0.778821353596107"
"C1_41",NA,NA,NA,NA
"C1_42","2014","2.23158044669376","0.44700001360159","1.21070181105453"
"C1_43","11302","12.5230001035417","0.0796436219157597","0.43431362749449"
"C1_44","6906","7.65208270350899","0.130346658267922","0.539691380508345"
"C2_11","8014","8.8797843593862","0.112513424907026","0.505305994531718"
"C2_12","4080","4.52077866063086","0.221023696874234","0.887513050236165"
"C2_13","1002","1.11025005341964","0.899383283586414","2.05500880839637"
"C2_14","2593","2.87313212426858","0.347790555794753","1.09776186235459"
"C2_21","7250","8.03324639450336","0.124368882996275","0.614318455033924"
"C2_22","2324","2.57507098218287","0.387566830176496","1.26846323301118"
"C2_23","2323","2.57396294819742","0.388249633897502","1.23729756425336"
"C2_24","1532","1.69750806570747","0.588805865166558","1.77831583996514"
"C2_31","3082","3.41496074315301","0.292608337000974","0.9881688955421"
"C2_32","9379","10.3922507495237","0.0961366377255278","0.563201632494212"
"C2_33","10568","11.7097031582223","0.085323002194568","0.37157220978552"
"C2_34","5044","5.58892342260344","0.178777360479873","0.781776963997907"
"C2_41","1477","1.63656619650779","0.609930895453929","1.74607183332451"
"C2_42","9588","10.6238298524825","0.0940406109022635","0.452306190119727"
"C2_43","4429","4.90748252155247","0.203587492759711","0.828871760221703"
"C2_44","7911","8.76565685888498","0.113973480661188","0.606621830124566"
"C3_11","2805","3.10803532918371","0.32141400592368","0.606330347061531"
"C3_12","1676","1.85706495961209","0.537450541116418","1.52771702244185"
"C3_13","1760","1.95013981438978","0.512433988038658","0.921838142389919"
"C3_14","1034","1.145707140954","0.872310695914811","1.7508655714304"
"C3_21","488","0.540720584898985","1.82521464529774","7.57252127445361"
"C3_22","520","0.576177672433345","1.71263559456647","8.13115096227318"
"C3_23","638","0.706925682716296","1.39538671613815","5.55867693059249"
"C3_24","418","0.463158205917573","2.15780366882494","7.26419643974717"
"C3_31","1945","2.1551261016978","0.46386915218107","0.880407976974109"
"C3_32","1867","2.0686994508328","0.482498577470525","1.12294279032965"
"C3_33","1767","1.95789605228792","0.510499717383918","0.893063880944681"
"C3_34","839","0.929640513791492","1.06102873856802","2.95807085377929"
"C3_41","509","0.563989298593408","1.74972663273622","8.21431457220598"
"C3_42","807","0.894183426257133","1.10283152617866","3.93470684861471"
"C3_43","936","1.03711981038002","0.961572352748663","2.35565087001105"
"C3_44","1901","2.10637260633805","0.473949148384211","0.932986853614836"
"C4_11","3517","3.89695552682322","0.256534698421502","0.360066673157655"
"C4_12","2461","2.72687163818935","0.365067803910569","0.521877329707651"
"C4_13","386","0.427701118383213","2.28463639192208","5.64771389795206"
"C4_14","198","0.21939072911885","4.54170733538071","12.4661469535439"
"C4_21","1513","1.67645541998394","0.594715753544974","0.851949574638762"
"C4_22","1752","1.94127554250619","0.512980292741291","0.794565697470801"
"C4_23","55","0.0609418691996807","14.8993140053704","24.4928004891223"
"C4_24","494","0.547368788811677","1.73352014018256","7.51783289129296"
"C4_31","154","0.170637233759106","5.25935033437908","16.0380144106714"
"C4_32","413","0.457618035990329","1.95362713410194","9.38125921096642"
"C4_33","1036","1.14792320892489","0.864120483555556","1.93637477218684"
"C4_34","283","0.313573617881993","2.85476748847518","10.5532434995255"
"C4_41","1006","1.11468218936143","0.888162554676617","2.12086594832562"
"C4_42","445","0.493075123524689","1.95468553047297","6.30433641900523"
"C4_43","378","0.418836846499623","2.17464915583554","10.1207825079869"
"C4_44","371","0.411080608601482","2.21871778502703","10.4724053250035"
"C5_11","3872","4.29030759165752","0.231827588796177","0.578601247807048"
"C5_12","152","0.168421165788208","5.91330972185431","11.9301097654618"
"C5_13","2114","2.34238384523863","0.426908201093232","0.729344194532906"
"C5_14",NA,NA,NA,NA
"C5_21","22","0.0243767476798723","39.3325562938095","32.0406848615904"
"C5_22","776","0.859834372708222","1.15293349332903","4.31976924555268"
"C5_23",NA,NA,NA,NA
"C5_24","2019","2.237120616621","0.446673135257681","0.529811351418486"
"C5_31","447","0.495291191495586","2.0021300246861","5.76241296543981"
"C5_32","449","0.497507259466484","1.99363379877232","4.56610744599069"
"C5_33","799","0.885319154373543","1.11913309478697","2.64499385982746"
"C5_34","401","0.444321628164944","2.234412860825","7.48674904509596"
"C5_41","401","0.444321628164944","2.235493972","5.59145035912939"
"C5_42","443","0.490859055553792","2.02062786095023","5.0344485989115"
"C5_43","293","0.324653957736481","3.05804091520548","8.53241316149848"
"C5_44","9986","11.0648273786911","0.0903697396424637","0.14908799108288"
"C6_11","1979","2.19279925720306","0.454904348124368","1.15976092702532"
"C6_12","3271","3.62437916640283","0.275168854376147","0.914792907325072"
"C6_13","192","0.212742525206158","4.56374778371728","6.10390524339481"
"C6_14","3397","3.76399144856937","0.264954568345112","0.784792987897988"
"C6_21","4916","5.447095072466","0.183250769416073","0.480136746802548"
"C6_22","2049","2.27036163618447","0.439338463291016","1.25139094637993"
"C6_23","3894","4.31468433933739","0.23141194357308","0.436939086134129"
"C6_24","637","0.705817648730847","1.41472265001572","3.01969897406703"
"C6_31","4486","4.97064045872304","0.20086972174136","0.407134408252915"
"C6_32","971","1.07590099987073","0.927625636536082","2.26422474267479"
"C6_33","2617","2.89972493991935","0.343956264545107","1.02240677296938"
"C6_34","3497","3.87479484711424","0.257374519001716","0.872978619158395"
"C6_41","3241","3.59113814683936","0.277708355876543","1.00927209615566"
"C6_42","1442","1.59778500701708","0.624433079902845","1.80651762232157"
"C6_43","3601","3.99003038160091","0.249931296216667","0.7758538531744"
"C6_44","690","0.76454344995963","1.30594783927431","2.9444640424512"
"C7_11","416","0.460942137946676","2.10507565043373","6.04901025191216"
"C7_12","451","0.499723327437381","1.95566914337778","4.92009366168653"
"C7_13","355","0.393352064834302","2.42598134454802","12.8783248924273"
"C7_14","487","0.539612550913536","1.82831369713992","6.45861433086052"
"C7_21","272","0.301385244042057","3.16897462767528","12.930952646867"
"C7_22","311","0.344598569474558","2.77031665164516","13.7312194179793"
"C7_23","4418","4.89529414771253","0.204289865121123","0.42735163782601"
"C7_24","3669","4.06537669261142","0.24589882806434","0.34777574445972"
"C7_31","313","0.346814637445455","2.83103584650641","13.6418147057533"
"C7_32","438","0.485318885626548","2.01785598773455","8.52725858496896"
"C7_33","661","0.732410464381617","1.34343702945455","4.60205600910499"
"C7_34","3992","4.42327166991137","0.22607531340015","0.470115481358448"
"C7_41","241","0.267036190493146","3.57827708716667","14.7441577703423"
"C7_42","2691","2.98171945484256","0.335473383241636","0.606185195115679"
"C7_43","424","0.469806409830266","2.03028956593381","10.3881012884704"
"C7_44","814","0.901939664155274","1.10695109605166","1.87917540500057"
"C8_11","326","0.361219079256289","2.73494102467692","6.96355701640192"
"C8_12","3272","3.62548720038828","0.275854263913176","0.528122658269312"
"C8_13","1042","1.15457141283759","0.853852908165226","3.25099217232401"
"C8_14","1049","1.16232765073573","0.849841534685114","2.9556749636944"
"C8_21","5329","5.90471310845633","0.169335166662913","0.409741836508901"
"C8_22","4397","4.87202543401811","0.205251273007279","0.429266953501923"
"C8_23","1370","1.51800656006477","0.649283200723156","2.0537787389269"
"C8_24","3846","4.26149870803585","0.234489317971391","0.58683171350188"
"C8_31","478","0.529640245044497","1.87405407111111","5.32588460429611"
"C8_32","6193","6.86205447188404","0.145707744507429","0.225208564489985"
"C8_33","5321","5.89584883657274","0.169521744729323","0.371240967882281"
"C8_34","1360","1.50692622021029","0.657156748837381","1.98547447724868"
"C8_41","2999","3.32299392236077","0.300503004996664","0.568079878462163"
"C8_42","694","0.768975585901425","1.28258541518038","4.55084538864631"
"C8_43","337","0.373407453096225","2.45759179952381","9.8663596990188"
"C8_44","1096","1.21440524805182","0.820968177415525","1.41785837321281"
"D1_11","4378","4.85097278829458","0.20613480169294","0.649479421655626"
"D1_12","4923","5.45485131036414","0.182653319790735","0.729320736568118"
"D1_13","1008","1.11689825733233","0.892749005819265","2.22853907784884"
"D1_14","10727","11.8858805619086","0.0841109254465784","0.353411675310862"
"D1_21","2571","2.84875537658871","0.349803887949416","1.10844034941393"
"D1_22","6492","7.19335663353322","0.138502563169003","0.565809267673913"
"D1_23","4981","5.51911728152017","0.181186757477912","0.535232048229565"
"D1_24","264","0.292520972158467","3.37659608646388","6.55724941265272"
"D1_31","6148","6.81219294253885","0.146777625047991","0.426681382411638"
"D1_32","1418","1.57119219136631","0.634441274700071","1.35229563563627"
"D1_33","5301","5.87368815686377","0.170245963471698","0.544619852486134"
"D1_34","7833","8.67923020801998","0.115016304369254","0.501556909821456"
"D1_41","9373","10.385602545611","0.0962286936438327","0.448057544614814"
"D1_42","9074","10.0543003839619","0.0994438314041662","0.419934482118923"
"D1_43","2440","2.70360292449492","0.36859825196802","1.06710156239213"
"D1_44","5349","5.92687378816531","0.16810528158003","0.647221659958417"
"D2_11","4159","4.60831334548131","0.216176113956229","0.840306466210777"
"D2_12","2082","2.30692675770428","0.431614037890437","1.44871755342582"
"D2_13","8684","9.62216712963685","0.103716012861914","0.459391011796351"
"D2_14","5700","6.31579371705781","0.1580141169907","0.548376790523668"
"D2_21","3209","3.555681059305","0.279987501701995","0.938150724562006"
"D2_22","893","0.989474349005724","1.00767000413677","2.40779219570715"
"D2_23","5733","6.35235883857762","0.157104408028611","0.546903119386789"
"D2_24","3795","4.20498897477797","0.237354018133896","0.737923129509504"
"D2_31","5673","6.2858767994507","0.158774686789492","0.564110219472831"
"D2_32","11951","13.2421141600979","0.0753650446786611","0.392547059519826"
"D2_33","5244","5.81053021969319","0.17175716144383","0.617303836099691"
"D2_34","4749","5.26205339689606","0.189173026147852","0.734908476751849"
"D2_41","4848","5.37174876145549","0.185658629271714","0.650251667606022"
"D2_42","8545","9.46815040565948","0.105413375436564","0.457623876797866"
"D2_43","10298","11.4105339821511","0.0874604000038846","0.421102098363659"
"D2_44","2032","2.25152505843184","0.443045143835549","1.09911691001527"
"D3_11","185","0.204986287308017","4.38062941972826","13.4499365025375"
"D3_12","1567","1.73628925519817","0.574933898224777","0.677523639542699"
"D3_13","395","0.437673424252252","2.28638861309645","4.02560185106242"
"D3_14","5189","5.74958835049351","0.173923192453739","0.270413130812595"
"D3_21","477","0.528532211059049","1.88531740453781","3.75448285289355"
"D3_22","4372","4.84432458438189","0.206446397611531","0.23603036351209"
"D3_23","1303","1.44376828303971","0.691509241735791","0.926370446111246"
"D3_24","613","0.679224833080077","1.47360731","2.47830430991225"
"D3_31","692","0.766759517930528","1.30171899884226","2.01043003916288"
"D3_32","633","0.701385512789052","1.42636412449367","2.25295422362845"
"D3_33","3827","4.24044606231233","0.23564040673288","0.332837916060802"
"D3_34","144","0.159556893904618","5.26537041895105","20.3434091265693"
"D3_41","603","0.66814449322559","1.48572762533223","2.80426589557382"
"D3_42","1096","1.21440524805182","0.819353909461187","1.07692758319927"
"D3_43","2894","3.20665035388865","0.311781487182855","0.371936072440663"
"D3_44","547","0.60609459004046","1.63522174520147","2.65996753417167"
"D4_11","1026","1.13684286907041","0.877105328263415","1.32664412980001"
"D4_12","359","0.397784200776097","2.49389941963687","4.03426609181861"
"D4_13","444","0.49196708953924","1.95262479693002","12.8509762939303"
"D4_14","481","0.532964347000844","1.87250050222917","5.55031563446793"
"D4_21","410","0.454293934033983","2.11504018833741","13.3987920231507"
"D4_22","277","0.306925413969301","3.13407418231884","15.8429224927652"
"D4_23","345","0.382271724979815","2.51458477415698","14.6801852814381"
"D4_24","432","0.478670681713855","2.00698466227378","10.8410252437444"
"D4_31",NA,NA,NA,NA
"D4_32","408","0.452077866063086","2.12544662992629","13.5228443208205"
"D4_33","488","0.540720584898985","1.77620916841889","12.3853954874398"
"D4_34","544","0.602770488084114","1.59302327552486","11.7293845779897"
"D4_41","621","0.688089104963667","1.39524878964516","4.90492425323693"
"D4_42","702","0.777839857785015","1.28569545631954","2.82568100576087"
"D4_43","410","0.454293934033983","2.11494033533007","13.0614212999866"
"D4_44","1349","1.49473784637035","0.667847163649852","1.37729110077484"
"D5_11","1206","1.33628898645118","0.730064214240664","2.87174759292822"
"D5_12","195","0.216066627162504","4.51796320783505","10.0591899377525"
"D5_13","3411","3.77950392436565","0.264600354604106","0.404513325997935"
"D5_14","212","0.234903204915133","4.15410423507109","9.30824328946173"
"D5_21","217","0.240443374842376","4.05784275388889","9.52350681044209"
"D5_22","288","0.319113787809237","3.05403789303136","8.00675381502683"
"D5_23","539","0.597230318156871","1.62940210667286","6.26156171427814"
"D5_24","1677","1.85817299359754","0.53777231977327","1.53209490250766"
"D5_31","3250","3.6011104527084","0.277500794299785","0.501006456894551"
"D5_32","664","0.735734566337963","1.34702457312217","5.36250298914871"
"D5_33","867","0.960665465384057","1.02805847576212","1.98968793978981"
"D5_34","386","0.427701118383213","2.27668663571429","7.42434723045093"
"D5_41","1227","1.3595577001456","0.735160108996737","1.27696769527389"
"D5_42","385","0.426593084397765","2.30425996442708","6.56513155830125"
"D5_43","1024","1.13462680109951","0.87856142971652","2.62128402277684"
"D5_44","17092","18.9385168792899","0.0528020083880405","0.0404659942142416"
"D6_11","2571","2.84875537658871","0.349967377821012","0.799555588666346"
"D6_12","2491","2.76011265775281","0.361216946935743","0.807231160907947"
"D6_13","5510","6.10526725982255","0.163732262042113","0.479853371583466"
"D6_14","4538","5.02825822596638","0.198251478871501","0.595702536601009"
"D6_21","8295","9.19114190929729","0.108446593965517","0.444461193015822"
"D6_22","7329","8.12078107935381","0.122748012449509","0.475304363644866"
"D6_23","5042","5.58670735463254","0.178449395673477","0.517459556214784"
"D6_24","880","0.975069907194891","1.02207316125142","2.15557326281329"
"D6_31","3644","4.03767584297521","0.246889533464178","0.665874583944533"
"D6_32","2323","2.57396294819742","0.388318900055986","0.76078698416128"
"D6_33","2670","2.95845074114813","0.337000247096291","0.920689303945756"
"D6_34","6474","7.17341202179514","0.138957732827128","0.478392920746118"
"D6_41","7888","8.74017207721966","0.114329393253455","0.359974358662317"
"D6_42","2082","2.30692675770428","0.432133549332052","0.987205392981531"
"D6_43","1144","1.26759087935336","0.786000782580927","1.49912087976931"
"D6_44","6252","6.92742847702552","0.14389332575108","0.496335953704775"
"D7_11","321","0.355678909329045","2.6815540084375","8.81704874322882"
"D7_12","795","0.880887018431748","1.12958989882872","1.92166438044798"
"D7_13","335","0.371191385125328","2.47690804326347","15.4147998142179"
"D7_14","514","0.569529468520652","1.74107330830409","3.70900024655399"
"D7_21","942","1.04376801429271","0.956111359914984","1.724953368367"
"D7_22","1440","1.59556893904618","0.626959417943016","0.918190817102152"
"D7_23","3064","3.39501613141494","0.294519992167809","0.367847997648265"
"D7_24","495","0.548476822797126","1.81944204712551","3.21938126548324"
"D7_31","1811","2.00664954764767","0.498412178939227","0.746031910126702"
"D7_32","148","0.163989029846413","5.6277764447619","27.843768204017"
"D7_33","285","0.315789685852891","3.14202542278169","12.7124119103442"
"D7_34","1863","2.064267314891","0.484368210171858","0.644249094614087"
"D7_41","181","0.200554151366222","4.59596099594444","25.2373145869562"
"D7_42","1777","1.96897639214241","0.507255641627252","0.726002047270712"
"D7_43","644","0.713573886628988","1.39668990620529","2.1977644958621"
"D7_44","263","0.291412938173018","3.24385188240458","7.26360231422052"
"D8_11","199","0.220498763104299","4.55483546560606","8.53768882186709"
"D8_12","938","1.03933587835092","0.962456916894344","1.44451317207343"
"D8_13","1415","1.56786808940997","0.637806759335219","0.700296891133717"
"D8_14","133","0.147368520064682","6.30919913583333","21.1954480579192"
"D8_21","1817","2.01329775156036","0.49669778878304","0.585465260338518"
"D8_22","1409","1.56121988549727","0.639874055767045","0.778065182376157"
"D8_23","120","0.132964078253849","7.2056795202521","14.595809786114"
"D8_24","148","0.163989029846413","5.99502029040816","14.254393639231"
"D8_31","813","0.900831630169825","1.10487059142857","1.30591025835484"
"D8_32","465","0.515235803233664","1.92917774105603","2.82041819129411"
"D8_33","100","0.110803398544874","4.11954487939394","11.3514014413353"
"D8_34","610","0.675900731123731","1.47532185646962","2.09390426970988"
"D8_41","1685","1.86703726548113","0.53567208533848","0.766270862498472"
"D8_42","52","0.0576177672433345","7.99664935607843","14.8692038371338"
"D8_43","220","0.243767476798723","4.11109038520548","6.42007492849566"
"D8_44","230","0.25484781665321","3.8339406519214","9.23998254049375"
"E1_11","1229","1.3617737681165","0.729316443338762","1.92700756023586"
"E1_12","1631","1.80720343026689","0.549623510595092","1.64007232961806"
"E1_13","546","0.604986556055012","1.64256830717431","3.66178611372892"
"E1_14","3596","3.98449021167367","0.249420373324061","0.940949184292624"
"E1_21","11102","12.3013933064519","0.0812959546689487","0.288814128383706"
"E1_22","1248","1.38282641384003","0.718075946399358","2.23762290859177"
"E1_23","2802","3.10471122722737","0.320253487875759","1.12279701022943"
"E1_24","4187","4.63933829707387","0.215581487408027","0.71398616729624"
"E1_31","5809","6.43656942147173","0.154455393546832","0.510046840747974"
"E1_32","1921","2.12853328604703","0.469902758541667","0.738410574642995"
"E1_33","2388","2.64598515725159","0.375280604645999","1.25610937329656"
"E1_34","1877","2.07977979068728","0.480571604275053","1.33135630301798"
"E1_41","922","1.02160733458374","0.972504023854506","2.75670066396863"
"E1_42","4580","5.07479565335523","0.195954311482857","0.521653425936996"
"E1_43","5517","6.11302349772069","0.163443008384699","0.380169923347333"
"E1_44","2286","2.53296569073582","0.392744372109409","0.912219032397844"
"E2_11","6231","6.9041597633311","0.144843033945425","0.641300615727387"
"E2_12","5697","6.31246961510147","0.158424737176966","0.652065571686319"
"E2_13","6603","7.31634840591803","0.136641285360497","0.607837575274604"
"E2_14","8455","9.36842734696909","0.106739872048734","0.542077496021349"
"E2_21","2148","2.38005700074389","0.417837959296693","1.25560160885132"
"E2_22","3061","3.39169202945859","0.293188912261438","0.94188048745281"
"E2_23","4931","5.46371558224773","0.183042107440162","0.723686406392624"
"E2_24","5977","6.62271913102712","0.151004869044511","0.650616065055244"
"E2_31","6694","7.41717949859386","0.134829995099358","0.593534921644556"
"E2_32","6185","6.85319020000045","0.145926101182083","0.604252059262607"
"E2_33","12088","13.3939148161044","0.0746570564614876","0.218645063860454"
"E2_34","12590","13.9501478767996","0.0716833622400508","0.349899028012099"
"E2_41","8538","9.46039416776134","0.105705421976104","0.54336084782165"
"E2_42","2213","2.45207920979806","0.405659680809222","1.21874784801616"
"E2_43","6557","7.26537884258738","0.13763978057047","0.473973108698728"
"E2_44","3045","3.37396348569141","0.294669975634034","0.938678242612442"
"E3_11","2733","3.0282568822314","0.329773077207174","0.945062006119002"
"E3_12","4426","4.90415841959612","0.203604807905085","0.505126117163381"
"E3_13","2260","2.50415680711415","0.39775264249668","0.996595441212669"
"E3_14","12603","13.9645523186105","0.0715947474012062","0.141281009340549"
"E3_21","10477","11.6088720655464","0.0861080700906835","0.178254118863581"
"E3_22","1489","1.64986260433317","0.605440611458333","1.31598459730579"
"E3_23","20860","23.1135889364607","0.0432662507622609","0.0724510840864969"
"E3_24","3128","3.46593030648366","0.288100123210745","0.805276191821"
"E3_31","2559","2.83545896876332","0.351431020289288","1.03140609504349"
"E3_32","6458","7.15568347802796","0.139716093417996","0.295891144158082"
"E3_33","3205","3.55124892336321","0.280805428773408","0.854665237798686"
"E3_34","3973","4.40221902418784","0.227060312109768","0.5656427154902"
"E3_41","21574","23.9047252020711","0.0418324026806657","0.0762621883933554"
"E3_42","5433","6.019948642943","0.166014658243741","0.431832108074577"
"E3_43","2521","2.79335367731627","0.355148910678571","1.02134056398602"
"E3_44","3750","4.15512744543277","0.239117638855695","0.882801265450768"
"E4_11","161","0.178393471657247","5.357815482","6.28987212021152"
"E4_12","4042","4.4786733691838","0.223228348361792","0.37303301218173"
"E4_13","2499","2.7689769296364","0.360074906040833","1.15674726087557"
"E4_14","3094","3.4282571509784","0.290997450054963","0.710195123720316"
"E4_21","5542","6.14072434735691","0.16269856860675","0.41179307793504"
"E4_22","2556","2.83213486680698","0.351975663988258","1.24321127541732"
"E4_23","1715","1.90027828504459","0.516275245280047","2.06264136189966"
"E4_24","1579","1.74958566302356","0.561673042775665","2.20052122343261"
"E4_31","1251","1.38615051579637","0.704565458248","2.31836386212433"
"E4_32","7187","7.96344025342009","0.125481659398831","0.213272612966137"
"E4_33","1790","1.98338083395324","0.493380566634992","1.89274005000628"
"E4_34","2441","2.70471095848037","0.367520112733607","1.43629348533983"
"E4_41","5566","6.16731716300768","0.161862718395328","0.4674350564114"
"E4_42","10299","11.4116420161366","0.0876183778422995","0.19632004972031"
"E4_43","2141","2.37230076284575","0.414275382523364","1.75849975166001"
"E4_44","2872","3.18227360620878","0.313818252695925","0.792126332471284"
"E5_11","274","0.303601312012955","3.10561529388278","8.79489112591546"
"E5_12","3079","3.41163664119667","0.292090079282001","0.487203463846893"
"E5_13","109","0.120775704413913","8.27329936648148","13.074081416654"
"E5_14","51","0.0565097332578857","17.3500069414","16.8815461300101"
"E5_21","6810","7.54571144090592","0.132524079773829","0.130607218719028"
"E5_22","1346","1.491413744414","0.664352802907063","2.97282101363572"
"E5_23","1781","1.9734085280842","0.504946385252809","1.42074205902496"
"E5_24","264","0.292520972158467","3.39743993939163","6.42101334873682"
"E5_31","419","0.464266239903022","2.13767761363636","5.30931742008329"
"E5_32","6415","7.10803801665366","0.140694007690988","0.117850853917099"
"E5_33","5202","5.76399279230434","0.173421335983465","0.217986519576216"
"E5_34","608","0.673684663152834","1.47208184398682","4.55527385496568"
"E5_41","439","0.486426919611997","2.0400717160274","4.2197140793144"
"E5_42","288","0.319113787809237","2.95416206641115","8.12062735721094"
"E5_43","2410","2.67036190493146","0.374544861805728","1.06354375619866"
"E5_44","400","0.443213594179496","2.23949250989975","5.51436340583272"
"E6_11","2903","3.21662265975769","0.310310699745003","1.2518868071931"
"E6_12","1462","1.61994568672606","0.616365395455168","1.74111810678602"
"E6_13","471","0.521884007146356","1.88495096210638","4.35236542384116"
"E6_14","2513","2.78448940543268","0.358540162794586","0.996474259292142"
"E6_21","2728","3.02271671230416","0.330242125559223","1.26652493699466"
"E6_22","730","0.80886480937758","1.23145334632373","3.30001568516174"
"E6_23","5872","6.506375562555","0.153403421877023","0.619214312240824"
"E6_24","2042","2.26260539828633","0.441130884497795","1.28847861904973"
"E6_31",NA,NA,NA,NA
"E6_32","5508","6.10305119185166","0.163551216807699","0.701151733678555"
"E6_33","4523","5.01163771618465","0.199158432485626","0.6785367739584"
"E6_34","7542","8.35679231825439","0.119425920262565","0.528613466609179"
"E6_41","4193","4.64598650098656","0.214837615436546","0.654923650470171"
"E6_42","10346","11.4637196134527","0.08708889879942","0.359454208634878"
"E6_43","2134","2.36454452494761","0.422206273924051","1.32609177005751"
"E6_44","1957","2.16842250952318","0.460202036191207","1.72578151665013"
"E7_11","2286","2.53296569073582","0.394448585439825","0.78419660365895"
"E7_12","1480","1.63989029846413","0.597931057917512","1.84470553283166"
"E7_13","1848","2.04764680510927","0.487413154547916","1.18161147465083"
"E7_14","1650","1.82825607599042","0.545690619108551","0.927441229077728"
"E7_21","1160","1.28531942312054","0.77040716580673","3.67775839251996"
"E7_22","1644","1.82160787207773","0.539044487328058","1.82157095062411"
"E7_23","4468","4.95069584698497","0.202011453680322","0.389735105140272"
"E7_24","887","0.982826145093032","1.01270764268623","2.30246582191524"
"E7_31","749","0.829917455101106","1.17016192644385","5.07033235210891"
"E7_32","1219","1.35069342826201","0.73546622317734","2.48048847865571"
"E7_33","2752","3.04930952795493","0.327400508182479","0.654876211601003"
"E7_34","3319","3.67756479770437","0.271408010994575","0.597927931733543"
"E7_41","3035","3.36288314583692","0.29674358055702","0.676011763923777"
"E7_42","5687","6.30138927524698","0.15863795353324","0.298319805526992"
"E7_43","910","1.00831092675835","0.962889535775577","4.62402865574046"
"E7_44","1286","1.42493170528708","0.689393883719844","2.49466196325822"
"E8_11",NA,NA,NA,NA
"E8_12","399","0.442105560194047","2.25014020309045","2.42207314948728"
"E8_13","962","1.06592869400169","0.934862085837669","1.16147572185701"
"E8_14","35","0.0387811894907059","23.1649660582353","17.5657105221339"
"E8_21",NA,NA,NA,NA
"E8_22","49","0.0542936652869882","6.80442568208333","5.34249830564904"
"E8_23","45","0.0498615293451933","9.99567062045455","8.73777431348716"
"E8_24","1839","2.03767449924023","0.489523272513602","1.12028616702326"
"E8_31",NA,NA,NA,NA
"E8_32",NA,NA,NA,NA
"E8_33",NA,NA,NA,NA
"E8_34",NA,NA,NA,NA
"E8_41",NA,NA,NA,NA
"E8_42",NA,NA,NA,NA
"E8_43",NA,NA,NA,NA
"E8_44",NA,NA,NA,NA
"F1_11","1968","2.18061088336312","0.456936016410778","1.2873298422036"
"F1_12","761","0.843213862926491","1.18259423519737","2.04940987134876"
"F1_13","6511","7.21440927925674","0.138065249605223","0.610816187101341"
"F1_14","10152","11.2487610202756","0.0888223295478278","0.43684096112024"
"F1_21","6948","7.69862013089784","0.129380790166979","0.572113299074532"
"F1_22","758","0.839889760970144","1.18403809528402","2.08222574752372"
"F1_23","6698","7.42161163453566","0.134283905099298","0.59079365521044"
"F1_24","7686","8.51634921215901","0.11700195365257","0.536185932368201"
"F1_31","3231","3.58005780698488","0.278362514702786","0.856519852840723"
"F1_32","4253","4.71246854011349","0.211385298280809","0.768825495409653"
"F1_33","3855","4.27147101390489","0.233920708365335","0.60872429992142"
"F1_34","5684","6.29806517329063","0.158380267696639","0.610086359180584"
"F1_41","4293","4.75678989953144","0.209423214834576","0.747130030082509"
"F1_42","2668","2.95623467317724","0.337002715575553","0.989486117373009"
"F1_43","441","0.488642987582894","2.03317631352273","2.82442134742491"
"F1_44","1552","1.71966874541644","0.57947813686009","1.38053542464556"
"F2_11","4445","4.92521106531965","0.202497398445095","1.09619228470609"
"F2_12","3107","3.44266159278923","0.289510839191887","1.32130549717157"
"F2_13","2836","3.14238438273262","0.317126867936508","1.38020888117556"
"F2_14","5801","6.42770514958814","0.155062919217241","0.946628771903026"
"F2_21","6184","6.852082166015","0.145455034507521","0.909685072756379"
"F2_22","6287","6.96620966651622","0.143073756056316","0.900122862923468"
"F2_23","8295","9.19114190929729","0.108453880974198","0.78618892064369"
"F2_24","6382","7.07147289513386","0.140954003507287","0.903272228618565"
"F2_31","5723","6.34127849872314","0.157152630001748","0.906066994103315"
"F2_32","1378","1.52687083194836","0.652667103856209","1.97320164447873"
"F2_33","5757","6.37895165422839","0.156237775246699","0.952452776997956"
"F2_34","8455","9.36842734696909","0.106376199465342","0.781253352970203"
"F2_41","6831","7.56898015460034","0.131665239355783","0.647606060203156"
"F2_42","4585","5.08033582328247","0.196167479821117","1.06868431426862"
"F2_43","8212","9.09917508850505","0.109540093304104","0.777133940858613"
"F2_44","7201","7.97895272921637","0.124923575127778","0.841715002018251"
"F3_11","1557","1.72520891534369","0.578646217975578","0.789419688858488"
"F3_12","7759","8.59723569309677","0.11631537733952","0.199249918600362"
"F3_13","244","0.270360292449492","3.60449094835391","9.00958901678612"
"F3_14","282","0.312465583896544","3.11706215608541","9.23284898147394"
"F3_21","4232","4.68919982641907","0.213195886275112","0.320288087599192"
"F3_22","3270","3.62327113241738","0.275875933842154","0.433200410592476"
"F3_23","85","0.0941828887631428","10.427112660119","21.8778326598088"
"F3_24","2896","3.20886642185955","0.311530379098446","0.423831809253815"
"F3_31","238","0.2637120885368","3.69578170008439","13.8789635409357"
"F3_32","367","0.406648472659687","2.41737256379781","4.05695452492721"
"F3_33","166","0.183933641584491","5.36464457721212","12.2999378877672"
"F3_34","186","0.206094321293466","4.73452333756757","15.2966623676434"
"F3_41","3684","4.08199720239316","0.24491597580505","0.459514177295547"
"F3_42","235","0.260387986580454","3.78250920700855","9.62007549852682"
"F3_43","817","0.90526376611162","1.10202346658088","1.39306259030601"
"F3_44","280","0.310249515925647","3.16958680566308","8.28155978458487"
"F4_11","1498","1.65983491020221","0.602154706305945","0.812580012467852"
"F4_12","1523","1.68753575983843","0.591255579546649","0.67291798918082"
"F4_13","76","0.0842105828941042","11.8117127341333","33.6487361845859"
"F4_14","684","0.757895246046938","1.31974241071742","2.17781058564999"
"F4_21","147","0.162880995860965","5.69409123739726","26.5100511025895"
"F4_22","3508","3.88698322095418","0.257203867895637","0.418505955446882"
"F4_23","3088","3.42160894706571","0.292251476482021","0.430453469195674"
"F4_24","608","0.673684663152834","1.48603965970346","2.4344324333536"
"F4_31","1392","1.54238330774465","0.648025948900072","0.968300894961146"
"F4_32","400","0.443213594179496","2.08361197904762","10.8894272409035"
"F4_33","5327","5.90249704048543","0.169431296047691","0.315460231959438"
"F4_34","634","0.702493546774501","1.42469759889415","2.94575444311314"
"F4_41","2354","2.60831200174633","0.382933121338717","0.692437024324863"
"F4_42","2665","2.95291057122089","0.338555767995496","0.576084459488238"
"F4_43","415","0.459834103961227","2.17318479118357","5.49701887921715"
"F4_44","1841","2.03989056721113","0.490263220875","0.921601203780329"
"F5_11",NA,NA,NA,NA
"F5_12","70","0.0775623789814118","12.6897114343478","15.3085015288353"
"F5_13",NA,NA,NA,NA
"F5_14",NA,NA,NA,NA
"F5_21",NA,NA,NA,NA
"F5_22","4851","5.37507286341183","0.186055523717526","0.28100297525514"
"F5_23","1722","1.90803452294273","0.323944199343405","9.13000337127987"
"F5_24",NA,NA,NA,NA
"F5_31","643","0.712465852643539","1.38440884948598","2.5354569815281"
"F5_32",NA,NA,NA,NA
"F5_33","208","0.230471068973338","4.15518400951691","22.5375091810257"
"F5_34",NA,NA,NA,NA
"F5_41",NA,NA,NA,NA
"F5_42","2783","3.08365858150384","0.323948480323508","0.634263721857687"
"F5_43","619","0.68587303699277","1.45813759153722","2.06456939366668"
"F5_44",NA,NA,NA,NA
"F6_11",NA,NA,NA,NA
"F6_12","245","0.271468326434941","3.51157818836066","8.16732308776626"
"F6_13","1202","1.33185685050938","0.747674840982515","1.9824762531601"
"F6_14","30","0.0332410195634622","27.3218924817241","28.4235880892075"
"F6_21","3756","4.16177564934546","0.240227623571238","0.664195895569635"
"F6_22","7702","8.53407775592619","0.117174657170497","0.172979750776232"
"F6_23","14161","15.6908692679396","0.0637270298975989","0.0776673602952343"
"F6_24","1449","1.60554124491522","0.622571489530387","0.978611749663513"
"F6_31","926","1.02603947052553","0.925594069362162","4.52161623895229"
"F6_32","90","0.0997230586903865","9.46389452797753","15.0352606900242"
"F6_33","1353","1.49916998231214","0.667018527906805","0.779007983058104"
"F6_34","480","0.531856313015395","1.86975307613779","5.75104287445721"
"F6_41","179","0.198338083395324","4.91014740162921","12.1193048324775"
"F6_42","1943","2.1529100337269","0.464059589752832","0.7906334958599"
"F6_43","916","1.01495913067105","0.984320277508197","1.2728447735551"
"F6_44","1519","1.68310362389664","0.593018323069829","0.702735512187185"
"F7_11","384","0.425485050412316","2.3037115124282","4.35733035656918"
"F7_12","445","0.493075123524689","2.01403028932432","3.31321222041745"
"F7_13","6355","7.04155597752674","0.142012046310985","0.197081861525305"
"F7_14","90","0.0997230586903865","9.86607589","16.1458604303051"
"F7_21","5413","5.99778796323403","0.166726870330746","0.225750380205972"
"F7_22","575","0.637119541633025","1.53046126637631","4.97214034742152"
"F7_23","430","0.476454613742958","2.08692511864802","5.26055894015844"
"F7_24","285","0.315789685852891","3.09189804725352","10.1516186223221"
"F7_31","307","0.340166433532763","2.89168510235294","7.70244508283536"
"F7_32","8106","8.98172348604748","0.111347851170882","0.160667571776319"
"F7_33","2379","2.63601285138255","0.379144562342304","0.564203075730064"
"F7_34","6995","7.75069772821393","0.129011058554475","0.191014110128007"
"F7_41","646","0.715789954599886","1.3695545064031","2.80991412316764"
"F7_42","3419","3.78836819624924","0.2639911206378","0.342676206612039"
"F7_43","474","0.525208109102702","1.87524993509514","4.62240206193456"
"F7_44","1848","2.04764680510927","0.488369972566324","0.700232023450854"
"F8_11",NA,NA,NA,NA
"F8_12",NA,NA,NA,NA
"F8_13",NA,NA,NA,NA
"F8_14",NA,NA,NA,NA
"F8_21",NA,NA,NA,NA
"F8_22",NA,NA,NA,NA
"F8_23",NA,NA,NA,NA
"F8_24",NA,NA,NA,NA
"F8_31",NA,NA,NA,NA
"F8_32",NA,NA,NA,NA
"F8_33",NA,NA,NA,NA
"F8_34",NA,NA,NA,NA
"F8_41",NA,NA,NA,NA
"F8_42",NA,NA,NA,NA
"F8_43",NA,NA,NA,NA
"F8_44",NA,NA,NA,NA
