"A1","WT","14","77817","86.4154519179135","5.4009657448696","6.17253227985097","9.01442903561335","0.158894621915736","1.79172362851245","11"
"A2","HOM","15","43524","48.3332193386441","3.02082620866526","3.22221462257627","2.92799857419892","0.305413647025443","1.69044095867369","11"
"A3","WT_H","15","37617","41.773520629119","2.61084503931994","2.7849013752746","3.40411696823882","0.355040634098186","1.60180105037476","11"
"A4","HOM_H","16","25267","28.0588974595515","1.75368109122197","1.75368109122197","1.98360639454903","0.558009356729634","3.0246600262244","11"
"A5","WT","10","4681","5.19823085479719","0.324889428424825","0.519823085479719","0.460096353315567","1.84296103498394","6.17669365584975","11"
"A6","HOM","16","40001","44.420942623957","2.77630891399731","2.77630891399731","2.71256753999108","0.35205397114768","1.78335212939414","11"
"A7","WT_H","16","26300","29.2060396242611","1.82537747651632","1.82537747651632","2.20017753684612","0.544204204251255","2.27246145837157","11"
"A8","HOM_H","16","58561","65.0317447314203","4.06448404571377","4.06448404571377","4.43513579044214","0.245426716624477","0.921276584236251","11"
"B1","WT","14","32495","36.0855611251089","2.25534757031931","2.57754008036492","4.81421200118811","0.379168520942089","2.73568687396986","11"
"B2","HOM","16","37631","41.7890675703639","2.61181672314774","2.61181672314774","2.90024483401879","0.376845413896052","2.24310055667717","11"
"B3","WT_H","16","51167","56.8207387625311","3.55129617265819","3.55129617265819","4.46225234982361","0.271201784394635","1.28840822837859","11"
"B4","HOM_H","14","25003","27.7657265675057","1.73535791046911","1.98326618339327","4.14950786489783","0.486825785882588","2.8626271410607","11"
"B5","WT","7","1899","2.1088315302841","0.131801970642756","0.301261647183443","0.334495711034481","2.78848806146406","7.25490446803163","11"
"B6","HOM","6","2700","2.99833866865038","0.187396166790649","0.49972311144173","0.428864795273764","1.85034679444692","4.56866479637355","11"
"B7","WT_H","13","22828","25.3503981955374","1.58439988722108","1.95003063042595","3.24680535095361","0.483121879717291","2.54929650771682","11"
"B8","HOM_H","14","51350","57.0239594945174","3.56399746840734","4.0731399638941","4.52441561513029","0.244495608098995","0.800549146495319","11"
"C1","WT","14","28936","32.1333065615064","2.00833166009415","2.29523618296475","2.48046215413992","0.429357152163405","2.26887015152382","11"
"C2","HOM","16","38407","42.65081231365","2.66567576960313","2.66567576960313","3.23506468805768","0.369768684214269","2.45676828403765","11"
"C3","WT_H","14","52157","57.9201296077029","3.62000810048143","4.13715211483592","8.17048925563504","0.239712961335174","1.57014131379958","11"
"C4","HOM_H","12","20842","23.1449535303745","1.44655959564841","1.92874612753121","3.01107018205773","0.504017003795007","3.53467767146242","11"
"C5","WT","6","10553","11.7190622112102","0.732441388200635","1.95317703520169","3.72822933550993","0.474092895342752","2.49615396376071","11"
"C6","HOM","13","16048","17.8212366498153","1.11382729061346","1.3708643576781","3.02794289438536","0.691703259557842","6.10714762361768","11"
"C7","WT_H","14","26771","29.7290831475701","1.85806769672313","2.12350593911215","3.87021419713054","0.456657860424562","2.68424147378388","11"
"C8","HOM_H","13","41698","46.3054540019939","2.89409087512462","3.56195800015338","7.52615088889304","0.279054178369677","1.07957563876745","11"
"D1","WT","16","21025","23.3481742623608","1.45926089139755","1.45926089139755","1.75685861963593","0.656160755397211","3.19719947895441","11"
"D2","HOM","16","40727","45.227162577083","2.82669766106768","2.82669766106768","4.00232880177786","0.349414408774041","1.74572900910707","11"
"D3","WT_H","16","70334","78.1056118225392","4.8816007389087","4.8816007389087","5.00784760899249","0.201647888889474","1.36892874586349","11"
"D4","HOM_H","15","30651","34.037806864001","2.12736292900006","2.26918712426673","4.68624783188426","0.431519269110197","2.43473235866947","11"
"D5","WT","5","5541","6.1532572455525","0.384578577847031","1.2306514491105","1.65025269842105","0.719654481374639","5.75318120031104","11"
"D6","HOM","15","22839","25.3626136493726","1.58516335308579","1.69084090995817","2.81998021330713","0.576349508293901","3.78522325082241","11"
"D7","WT_H","12","19537","21.6957565071935","1.35598478169959","1.80797970893279","5.17526226399469","0.540940932376953","2.77215120818765","11"
"D8","HOM_H","13","8741","9.7068438158048","0.6066777384878","0.746680293523446","0.610133744807791","1.32093481539299","4.12627498263737","11"
"E1","WT","13","10961","12.1721444989173","0.760759031182333","0.936318807609026","1.17552077288538","1.04934314984472","5.56592282760462","11"
"E2","HOM","15","18544","20.5930341746121","1.28706463591326","1.37286894497414","1.36702100817741","0.718515749144044","2.6869215865794","11"
"E3","WT_H","10","4447","4.93837483684749","0.308648427302968","0.493837483684749","0.831550062094896","2.00291323260086","5.09167935899694","11"
"E4","HOM_H","14","12705","14.1088491797048","0.881803073731552","1.00777494140749","1.68290944322382","0.962098036101174","3.71532455366899","11"
"E5","WT","6","7569","8.4053427344499","0.525333920903118","1.40089045574165","2.35163251693705","0.643599345497818","3.26210345517544","11"
"E6","HOM","13","45512","50.5408849954134","3.15880531221333","3.88776038426257","5.08481101938779","0.253661075989143","0.93561281894287","11"
"E7","WT_H","11","6879","7.63910063023924","0.477443789389953","0.694463693658113","0.743781417933112","1.41184526439138","3.86919301349974","11"
"E8","HOM_H","11","5050","5.60800380617941","0.350500237886213","0.509818527834492","0.623167353952488","1.81746240012899","4.419804952608","11"
"F1","WT","13","43951","48.8074010466121","3.05046256541326","3.75441546512401","5.38215692273542","0.255770044138786","1.90477708363928","11"
"F2","HOM","16","35274","39.1716289622124","2.44822681013827","2.44822681013827","1.56902406848156","0.404924478318112","1.51034100187754","11"
"F3","WT_H","13","32034","35.5736225598319","2.2233514099895","2.73643250460246","3.08315218572942","0.359853973078917","1.87462234244114","11"
"F4","HOM_H","14","48486","53.8434995141416","3.36521871963385","3.84596425101011","4.54032359711136","0.259114813317379","0.873714387120327","11"
"F5",NA,NA,NA,NA,NA,NA,NA,NA,NA,"11"
"F6","HOM","6","2699","2.99722817284718","0.187326760802948","0.499538028807863","0.766173030404208","1.95487000372076","6.75824530155017","11"
"F7","WT_H","11","47203","52.418733398631","3.27617083741444","4.76533939987555","6.39928270183016","0.209250011554925","0.662981695004902","11"
"F8","HOM_H","10","17990","19.9778194996372","1.24861371872732","1.99778194996372","2.33577668787006","0.491404727616796","2.15443451275183","11"
"A1","WT","16","35447","39.3637244916859","2.46023278073037","2.46023278073037","2.73538941317015","0.402339495818069","1.98539487265568","13"
"A2","HOM","16","31165","34.6085839079017","2.16303649424386","2.16303649424386","1.45339932680178","0.462055988983916","2.50780751222623","13"
"A3","WT_H","16","13365","14.8417687768043","0.927610548550269","0.927610548550269","1.01731438998813","1.02764416423103","5.44734151834191","13"
"A4","HOM_H","16","14995","16.6518760051014","1.04074225031884","1.04074225031884","1.29616581177452","0.91737329120502","5.35389622380156","13"
"A5","WT","15","17703","19.6590970935852","1.22869356834908","1.31060647290568","2.04137975958592","0.748543548411918","2.98576213688839","13"
"A6","HOM","16","38082","42.2898794282276","2.64311746426422","2.64311746426422","1.83670476884618","0.376244476836547","1.36359226061315","13"
"A7","WT_H","16","25677","28.514186074224","1.782136629639","1.782136629639","2.18516095599356","0.556676544953821","2.117314393581","13"
"A8","HOM_H","16","29287","32.5230738620477","2.03269211637798","2.03269211637798","2.08013169488564","0.487148333201121","2.17392254875264","13"
"B1","WT","16","27186","30.189923379439","1.88687021121494","1.88687021121494","2.52926340995329","0.524992249488774","2.69725249644503","13"
"B2","HOM","16","30879","34.2909822715256","2.14318639197035","2.14318639197035","1.64684475858342","0.465019426805884","1.70523026294347","13"
"B3","WT_H","16","26943","29.9200730380425","1.87000456487766","1.87000456487766","1.69865882202875","0.522446049299959","2.20383281991262","13"
"B4","HOM_H","15","18412","20.4464382131329","1.27790238832081","1.36309588087553","2.01781077882656","0.707877489237376","3.21989180796043","13"
"B5","WT","14","17106","18.996131440031","1.18725821500194","1.35686653143079","2.49355093506876","0.732154080143927","3.12543385097068","13"
"B6","HOM","12","17225","19.128280372649","1.19551752329056","1.59402336438742","3.32374194428488","0.612146546920351","3.62113589804844","13"
"B7","WT_H","16","18043","20.0366654724938","1.25229159203087","1.25229159203087","1.7868761451952","0.76259850362179","3.65026245962072","13"
"B8","HOM_H","16","40625","45.1138688034175","2.81961680021359","2.81961680021359","3.50294283368595","0.346799658600557","2.11997773885263","13"
"C1","WT","15","11079","12.30317667626","0.76894854226625","0.820211778417334","0.526134680405182","1.02594020304049","4.73335233693401","13"
"C2","HOM","16","46794","51.9645138901445","3.24778211813403","3.24778211813403","3.02086513533862","0.307283689371072","1.38348565402034","13"
"C3","WT_H","16","38757","43.0394637098844","2.68996648186777","2.68996648186777","4.07620965608106","0.361377808802561","2.70172016405067","13"
"C4","HOM_H","15","24811","27.5524972032392","1.72203107520245","1.83683314688261","2.56421911317196","0.524090145742458","2.67887238876938","13"
"C5","WT","13","16410","18.2232267585005","1.13895167240628","1.40178667373081","2.62322156633051","0.694620542480332","3.67654573338816","13"
"C6","HOM","15","24793","27.5325082890617","1.72078176806635","1.83550055260411","3.234509637948","0.532922811913794","2.25882230214152","13"
"C7","WT_H","16","23329","25.9067432692905","1.61917145433066","1.61917145433066","2.45929765195058","0.591694560926093","3.35288865467524","13"
"C8","HOM_H","14","47048","52.2465796790938","3.26541122994337","3.7318985485067","7.21738575672483","0.26471230916571","1.28880222406368","13"
"D1","WT","16","19056","21.1615971425951","1.32259982141219","1.32259982141219","0.977721441101134","0.749245607714286","3.36990952021923","13"
"D2","HOM","16","42260","46.9295285078751","2.93309553174219","2.93309553174219","2.73380682332493","0.337946962066092","1.42095007022297","13"
"D3","WT_H","16","32710","36.3242990414717","2.27026869009198","2.27026869009198","2.19535134863659","0.436315978919374","1.74957001905243","13"
"D4","HOM_H","16","26939","29.9156310571142","1.86972694106964","1.86972694106964","2.70730273510677","0.529497737259592","2.60436336154636","13"
"D5","WT","13","5787","6.42643590807082","0.401652244254426","0.494341223697756","0.942794957097764","1.97830260062348","6.72474169157229","13"
"D6","HOM","15","25388","28.1932529521517","1.76207830950948","1.87955019681012","2.00245530412087","0.518988827720017","2.80020755981662","13"
"D7","WT_H","16","27731","30.7951432809248","1.9246964550578","1.9246964550578","4.94844457824949","0.501411262080101","3.0767781500017","13"
"D8","HOM_H","15","6042","6.70961219225227","0.419350762015767","0.447307479483485","0.551543850035378","2.11916527211382","9.03602041908837","13"
"E1","WT","14","24156","26.8251228262241","1.67657017663901","1.91608020187315","1.77471146828027","0.517394516939773","2.13260639719514","13"
"E2","HOM","16","45955","51.0328083904259","3.18955052440162","3.18955052440162","2.88497161143704","0.310867311444742","1.42703356702033","13"
"E3","WT_H","14","31363","34.8284619638544","2.1767788727409","2.48774728313245","4.71637155873722","0.397688869736196","1.47769970183228","13"
"E4","HOM_H","15","23693","26.3109635337691","1.64443522086057","1.75406423558461","3.26557353988353","0.559133363346989","3.05070338432028","13"
"E5","WT","11","17725","19.6835279886911","1.23022049929319","1.78941163533555","3.23176227321812","0.538201048304166","3.17007990432467","13"
"E6","HOM","16","46501","51.6391387871438","3.22744617419649","3.22744617419649","3.3237440940653","0.306785376018285","1.76833567833975","13"
"E7","WT_H","13","22595","25.0916397689408","1.5682274855588","1.93012613607237","3.32017483977013","0.499586123931893","2.400644526435","13"
"E8","HOM_H","12","7397","8.21433323172626","0.513395826982891","0.684527769310522","0.895822057335573","1.42121842990521","6.15345874754932","13"
"F1","WT","15","11443","12.7073969407386","0.794212308796164","0.847159796049242","0.715586552488898","1.14423812860518","5.20184393047813","13"
"F2","HOM","16","31504","34.9850417915782","2.18656511197364","2.18656511197364","0.91624313967742","0.452154997877604","2.42920677934787","13"
"F3","WT_H","15","23949","26.5952503131827","1.66220314457392","1.77301668754551","1.66004412821168","0.552995942961895","2.99929708132037","13"
"F4","HOM_H","15","43253","48.0322502733346","3.00201564208341","3.20215001822231","3.49839225433202","0.306123545608955","1.98558037747068","13"
"F5","WT","9","28997","32.2010302447433","2.01256439029646","3.57789224941593","8.01102469555307","0.279007066658962","1.02700829057436","13"
"F6","HOM","9","27207","30.2132437793127","1.88832773620705","3.35702708659031","7.62839782735809","0.294069788842562","2.49200119913496","13"
"F7","WT_H","14","80381","89.2627172501539","5.57891982813462","6.37590837501099","9.06109933170381","0.151917622974977","1.44323029571271","13"
"F8","HOM_H","11","65251","72.4609243887211","4.52880777429507","6.58735676261101","7.78043728955745","0.150820513411404","1.33838208427981","13"
"A1","WT","16","17324","19.206269662846","1.20039185392788","1.20039185392788","0.831726145796802","0.822701576668593","4.1166528155854","15"
"A2","HOM","16","44768","49.6320872931362","3.10200545582101","3.10200545582101","1.71403848326192","0.317815845746112","1.9189130518989","15"
"A3","WT_H","16","20866","23.1331114514515","1.44581946571572","1.44581946571572","1.05553020748733","0.68584323341199","2.51772164960953","15"
"A4","HOM_H","16","19866","22.0244604665262","1.37652877915788","1.37652877915788","1.12734123623544","0.720806249528464","2.84159988064393","15"
"A5","WT","15","32003","35.4801574705646","2.21750984191029","2.36534383137097","2.84812542421201","0.416578418014568","1.67275699181255","15"
"A6","HOM","16","61932","68.6609727983941","4.29131079989963","4.29131079989963","2.47341376444384","0.232004654053718","1.1894174412644","15"
"A7","WT_H","16","24389","27.0388888713433","1.68993055445896","1.68993055445896","0.857585952796241","0.589215390871866","2.23034436308104","15"
"A8","HOM_H","16","29580","32.7938961340906","2.04961850838066","2.04961850838066","1.50997664508173","0.486365129309972","1.6675311104439","15"
"B1","WT","16","15481","17.1630258976287","1.07268911860179","1.07268911860179","0.748280883291427","0.922623246549628","3.74013554916267","15"
"B2","HOM","16","41565","46.0810781884204","2.88006738677627","2.88006738677627","1.93170355096514","0.341226804684349","1.74105049878419","15"
"B3","WT_H","16","33566","37.2129789600029","2.32581118500018","2.32581118500018","2.0464566028174","0.425343174173472","2.01184112942458","15"
"B4","HOM_H","16","18130","20.0998423566958","1.25624014729349","1.25624014729349","1.28714763700694","0.7827583670912","2.61351695740803","15"
"B5","WT","16","32388","35.9069880997609","2.24418675623505","2.24418675623505","2.68046337316177","0.438280322085753","1.88409650873342","15"
"B6","HOM","14","29910","33.1597509591159","2.07248443494475","2.36855363993685","4.44498296023947","0.416853375925542","2.05449575785114","15"
"B7","WT_H","16","13469","14.932420115959","0.933276257247435","0.933276257247435","1.31939368415454","1.04362512307961","5.42903641237456","15"
"B8","HOM_H","16","38029","42.1608883057245","2.63505551910778","2.63505551910778","3.44662378507435","0.371476752737748","1.97652146557741","15"
"C1","WT","15","8421","9.33594994405601","0.583496871503501","0.622396662937068","0.380620543766013","1.24489000662622","10.9147243537421","15"
"C2","HOM","16","74592","82.6964942675485","5.16853089172178","5.16853089172178","3.19167151959501","0.193005517856281","0.965140808930968","15"
"C3","WT_H","16","30987","34.3537680698805","2.14711050436753","2.14711050436753","2.68543823166348","0.460642437459236","2.63736697293168","15"
"C4","HOM_H","16","27803","30.8238233338783","1.92648895836739","1.92648895836739","2.24320188498449","0.512454968035412","2.56792815798935","15"
"C5","WT","16","33002","36.587699804505","2.28673123778156","2.28673123778156","4.67711319885228","0.429393168219548","2.61919574883386","15"
"C6","HOM","16","31318","34.7207315458908","2.17004572161817","2.17004572161817","2.80190413886909","0.457476185740528","1.76047246646356","15"
"C7","WT_H","16","21893","24.2716960129698","1.51698100081061","1.51698100081061","1.59063220978941","0.647671165498926","2.99940913699963","15"
"C8","HOM_H","15","32272","35.7783845855095","2.23614903659434","2.38522563903397","4.16242428291585","0.411914318946275","2.44831360699193","15"
"D1","WT","16","8198","9.08872077441767","0.568045048401104","0.568045048401104","0.340226635696871","1.61895357089954","11.122121464579","15"
"D2","HOM","16","48410","53.6697941802341","3.35436213626463","3.35436213626463","2.24025950170164","0.296630033919081","1.55224125542588","15"
"D3","WT_H","16","25144","27.8759203649619","1.74224502281012","1.74224502281012","1.53707849524164","0.571613217633317","1.46799661379192","15"
"D4","HOM_H","16","26035","28.8637283925304","1.80398302453315","1.80398302453315","1.99369284252591","0.55163859293939","2.67366255757706","15"
"D5","WT","15","15014","16.6452858876686","1.04033036797929","1.10968572584457","1.60619700645841","0.885827301586772","3.3418834564282","15"
"D6","HOM","16","23167","25.6841173677646","1.60525733548529","1.60525733548529","1.0208344825882","0.620961986856723","2.20952661086241","15"
"D7","WT_H","16","30107","33.3781552031462","2.08613470019664","2.08613470019664","4.95769579363307","0.463027709159549","3.47528190031371","15"
"D8","HOM_H","16","13131","14.5576960830542","0.909856005190888","0.909856005190888","1.07660957437259","1.07924769208235","3.91090804386541","15"
"E1","WT","16","18064","20.0266713916908","1.25166696198067","1.25166696198067","0.932339665087698","0.787257391284353","3.50459935848562","15"
"E2","HOM","16","54119","59.9990826531727","3.74994266582329","3.74994266582329","2.42650229318188","0.266057973115909","0.939197406546586","15"
"E3","WT_H","16","43757","48.5112411473767","3.03195257171104","3.03195257171104","5.47768725109158","0.315393924959877","2.46454759123329","15"
"E4","HOM_H","15","39601","43.9036876540271","2.74398047837669","2.92691251026847","3.85974656158346","0.33980111962032","1.7356187933575","15"
"E5","WT","13","21119","23.4136001506376","1.46335000941485","1.80104616543366","3.00272464129737","0.549496495278594","3.01452151383096","15"
"E6","HOM","16","40130","44.4901640250526","2.78063525156579","2.78063525156579","2.27881624232479","0.35707010286658","1.6172806867753","15"
"E7","WT_H","16","33884","37.5655299732091","2.34784562332557","2.34784562332557","4.4236847801922","0.418884718053029","2.59704742646451","15"
"E8","HOM_H","14","12727","14.1098010851444","0.881862567821524","1.00784293465317","1.45061805381676","0.960302214058051","3.28390245664418","15"
"F1","WT","16","13216","14.6519314167729","0.915745713548304","0.915745713548304","0.494133757611366","1.06504108926894","5.07294817646601","15"
"F2","HOM","16","39044","43.2861690554237","2.70538556596398","2.70538556596398","1.12225204088938","0.365679100776109","2.68112267695268","15"
"F3","WT_H","16","28460","31.5522070309742","1.97201293943589","1.97201293943589","2.39808783445143","0.498917694336943","3.68920816900344","15"
"F4","HOM_H","16","51087","56.6376528668792","3.53985330417995","3.53985330417995","4.02427165307003","0.279465799063656","1.53414265803492","15"
"F5","WT","10","36283","40.2251836860449","2.51407398037781","4.02251836860449","7.89914851212638","0.245784070326138","1.39398074717951","15"
"F6","HOM","12","44971","49.857143443076","3.11607146519225","4.15476195358967","8.32402501396629","0.239363673311906","1.26656011994591","15"
"F7","WT_H","15","73865","81.8905050015078","5.11815656259424","5.45936700010052","8.3547667708938","0.181255922061611","1.00408556559999","15"
"F8","HOM_H","12","104490","115.842941414845","7.24018383842783","9.65357845123711","11.9536734574071","0.10280935508174","1.08205567969009","15"
"A1","WT","16","28853","32.0056014437032","2.00035009023145","2.00035009023145","1.13970127959023","0.493145107521587","2.46471991480349","17"
"A2","HOM","16","48995","54.3484019940471","3.39677512462794","3.39677512462794","2.0839738256742","0.285444920434472","2.75957045154744","17"
"A3","WT_H","16","17066","18.9307037132444","1.18316898207777","1.18316898207777","0.785821134409726","0.838258424492082","3.30733268247338","17"
"A4","HOM_H","16","16531","18.3372473387814","1.14607795867383","1.14607795867383","1.02686193807571","0.867045100722979","3.7236877267358","17"
"A5","WT","16","29121","32.3028842630604","2.01893026644128","2.01893026644128","1.52430713818469","0.483683245346504","2.21478299338732","17"
"A6","HOM","16","50514","56.0333743918215","3.50208589948884","3.50208589948884","2.01247728367759","0.282722876522635","1.98396437683278","17"
"A7","WT_H","16","29636","32.8741553524968","2.05463470953105","2.05463470953105","1.24472211804579","0.484983658132343","1.63115704578649","17"
"A8","HOM_H","16","24269","26.920734115594","1.68254588222463","1.68254588222463","0.946164408771761","0.591724945044324","2.24794733943441","17"
"B1","WT","16","57510","63.7937870941453","3.98711169338408","3.98711169338408","2.6877150016382","0.248278173720562","1.16001671402434","17"
"B2","HOM","16","45173","50.1087940254534","3.13179962659084","3.13179962659084","1.74568087353545","0.314259255610204","1.74836914209626","17"
"B3","WT_H","16","32864","36.4548603557988","2.27842877223743","2.27842877223743","1.3488673973265","0.436178005345531","1.55809536467381","17"
"B4","HOM_H","16","19645","21.7914962174315","1.36196851358947","1.36196851358947","1.42557712691435","0.723469478955627","2.71322530146184","17"
"B5","WT","16","26425","29.3123078414674","1.83201924009171","1.83201924009171","1.82129200652303","0.542039406378129","1.80895142186377","17"
"B6","HOM","16","28507","31.6217960127421","1.97636225079638","1.97636225079638","2.33752462437363","0.501207782378295","2.31422516649511","17"
"B7","WT_H","16","22385","24.8308802660832","1.5519300166302","1.5519300166302","2.3991491254693","0.624972815776745","2.92965787589803","17"
"B8","HOM_H","16","30843","34.2130373038554","2.13831483149096","2.13831483149096","2.15281852285622","0.464053559931878","1.979565837096","17"
"C1","WT","15","35149","38.9895291700941","2.43684557313088","2.59930194467294","1.30325254315833","0.372411282997666","2.66068417389995","17"
"C2","HOM","16","86191","95.6085950866193","5.97553719291371","5.97553719291371","3.36288907717821","0.165498897973426","1.04161782863679","17"
"C3","WT_H","16","29442","32.6589580877382","2.04118488048364","2.04118488048364","1.62242840817582","0.486356349217699","1.91271137946549","17"
"C4","HOM_H","16","25060","27.7981621383982","1.73738513364989","1.73738513364989","1.99321299850888","0.563730094758825","2.60030700710655","17"
"C5","WT","16","29298","32.4992240355463","2.03120150222164","2.03120150222164","3.80732756488487","0.487383078178745","2.59045671881408","17"
"C6","HOM","16","34418","38.1786570023699","2.38616606264812","2.38616606264812","1.81365602339595","0.417497771833905","1.90304693086164","17"
"C7","WT_H","16","25118","27.8624994649755","1.74140621656097","1.74140621656097","1.86957604707063","0.567830940108756","2.21159268068014","17"
"C8","HOM_H","16","23852","26.4581709227883","1.65363568267427","1.65363568267427","2.29698076357005","0.589681075641886","3.47138862131946","17"
"D1","WT","16","29768","33.0205782336727","2.06378613960454","2.06378613960454","1.07238299585942","0.475947222067424","3.04154739036584","17"
"D2","HOM","16","56947","63.169271320645","3.94807945754031","3.94807945754031","2.32396585053505","0.249205682998893","1.41880489231327","17"
"D3","WT_H","16","33370","37.0161480669732","2.31350925418582","2.31350925418582","1.58608579313761","0.430071193153745","1.64213219344052","17"
"D4","HOM_H","16","23933","26.5480213271462","1.65925133294664","1.65925133294664","1.54583415271538","0.593959632615295","2.13654875434124","17"
"D5","WT","16","15479","17.1703013463793","1.07314383414871","1.07314383414871","1.04212661513603","0.920309597724245","3.66446027395199","17"
"D6","HOM","16","36676","40.6833756818792","2.54271098011745","2.54271098011745","1.37571078862108","0.389203275681942","1.63021624610431","17"
"D7","WT_H","16","26625","29.5341606917339","1.84588504323337","1.84588504323337","2.46177918323136","0.53326190554662","2.97286990523276","17"
"D8","HOM_H","16","17775","19.7171720674393","1.23232325421495","1.23232325421495","1.33203971860371","0.800044058738668","3.20920678685725","17"
"E1","WT","16","38649","42.8719540497587","2.67949712810992","2.67949712810992","1.69378774076622","0.370085756956488","1.57041880014333","17"
"E2","HOM","16","51297","56.901928300615","3.55637051878844","3.55637051878844","1.59488405050858","0.279460396378776","1.35139659353055","17"
"E3","WT_H","16","26151","29.0083694366022","1.81302308978764","1.81302308978764","2.63147489224864","0.539130183159747","2.89046434419353","17"
"E4","HOM_H","16","33333","36.9751052896739","2.31094408060462","2.31094408060462","2.94457493533971","0.426996838993907","2.33185224265274","17"
"E5","WT","14","19626","21.7704201966562","1.36065126229101","1.55503001404687","2.21230776732622","0.633348712243524","3.11349444949762","17"
"E6","HOM","16","42213","46.8253718415085","2.92658574009428","2.92658574009428","1.81486478472689","0.335892899598313","1.76505492405371","17"
"E7","WT_H","16","32566","36.1242996089017","2.25776872555635","2.25776872555635","4.44208428015552","0.437049359025499","2.83442257802412","17"
"E8","HOM_H","16","18097","20.0743551563684","1.25464719727303","1.25464719727303","2.29582609829305","0.754882548464687","4.14510793921733","17"
"F1","WT","16","15995","17.742681700067","1.10891760625419","1.10891760625419","0.752447852135288","0.801799281299205","7.30475234849594","17"
"F2","HOM","16","59978","66.5314512664345","4.15821570415215","4.15821570415215","1.44060308897746","0.239122548009072","1.63906392438732","17"
"F3","WT_H","16","30440","33.7660038105683","2.11037523816052","2.11037523816052","2.51149087224472","0.466404400163687","2.23470190344012","17"
"F4","HOM_H","16","35072","38.9041158227415","2.43150723892134","2.43150723892134","2.63299523214674","0.405365959615758","1.81582251203884","17"
"F5","WT","13","57929","64.2585688154537","4.01616055096586","4.94296683195798","6.76092250090291","0.200853124367532","1.46318381272715","17"
"F6","HOM","14","68698","76.2042355380559","4.76276472112849","5.44315968128971","10.3952062126321","0.181301049288772","1.38660178935336","17"
"F7","WT_H","16","40304","44.7077863857143","2.79423664910715","2.79423664910715","3.22081026539701","0.348986058114079","2.17373495993652","17"
"F8","HOM_H","12","59877","66.4194155770499","4.15121347356562","5.53495129808749","6.42789810097708","0.173639000894513","2.02038022734311","17"
"A1","WT","16","41894","46.4972736845718","2.90607960528574","2.90607960528574","1.60474378827993","0.342071374325899","2.06667683599563","19"
"A2","HOM","16","52104","57.8291389712352","3.6143211857022","3.6143211857022","2.3545089060406","0.275601330065658","1.7276036787598","19"
"A3","WT_H","16","10277","11.4062271842351","0.712889199014692","0.712889199014692","0.437168336594799","1.3669797284865","5.0714267554877","19"
"A4","HOM_H","16","5837","6.47836412127859","0.404897757579912","0.404897757579912","0.351332674851492","2.19728348578251","8.25588137487614","19"
"A5","WT","16","18979","21.0643948360025","1.31652467725015","1.31652467725015","0.923150877613989","0.740143986101883","3.88168311808145","19"
"A6","HOM","16","54739","60.7536703160303","3.79710439475189","3.79710439475189","2.16625024820286","0.261572232943187","1.43728586198516","19"
"A7","WT_H","16","15644","17.3629481434439","1.08518425896525","1.08518425896525","0.689728480824793","0.914909758635782","2.52141999832767","19"
"A8","HOM_H","16","20584","22.8457507405171","1.42785942128232","1.42785942128232","0.919117744096685","0.689597748168028","2.4902620836406","19"
"B1","WT","16","67458","74.8702221848914","4.67938888655572","4.67938888655572","3.11603977509448","0.213406619777735","1.12905641423722","19"
"B2","HOM","16","51033","56.6404584891572","3.54002865557232","3.54002865557232","2.19834428028838","0.275162928135523","1.83494969351828","19"
"B3","WT_H","16","22018","24.4373173243639","1.52733233277274","1.52733233277274","0.862035470156218","0.64724381167303","2.32133446482421","19"
"B4","HOM_H","16","16983","18.8490762158085","1.17806726348803","1.17806726348803","1.4589662110812","0.837161546088289","3.56374494276509","19"
"B5","WT","16","16905","18.7625056484863","1.17265660303039","1.17265660303039","0.773151028447953","0.83793862739653","3.51099412999757","19"
"B6","HOM","16","18768","20.8302103526052","1.30188814703783","1.30188814703783","1.29021482074321","0.755457324547782","3.86704444044768","19"
"B7","WT_H","16","13872","15.3962424345343","0.962265152158393","0.962265152158393","0.924597346350123","1.00833530023095","3.55740360352007","19"
"B8","HOM_H","16","26186","29.0632932807609","1.81645583004756","1.81645583004756","2.022369847785","0.539075809439817","2.45065788671574","19"
"C1","WT","15","63132","70.0688853357136","4.3793053334821","4.67125902238091","2.66877749339533","0.210082537283141","1.46749695711192","19"
"C2","HOM","16","52698","58.4884071377659","3.65552544611037","3.65552544611037","2.44846747947198","0.270851837770206","2.05721010583375","19"
"C3","WT_H","16","14121","15.6726023225244","0.979537645157776","0.979537645157776","0.728573176684047","1.0045711393123","3.42110184753125","19"
"C4","HOM_H","16","22638","25.1254423466686","1.57034014666679","1.57034014666679","1.72044864184114","0.628958187666873","2.72855525511101","19"
"C5","WT","16","15802","17.5383090362248","1.09614431476405","1.09614431476405","1.39619086402624","0.902247130196377","4.77729155148577","19"
"C6","HOM","16","27554","30.5816078461042","1.91135049038151","1.91135049038151","1.23787759384728","0.49970576689992","3.27766248855697","19"
"C7","WT_H","16","17178","19.065502634114","1.19159391463213","1.19159391463213","1.22668327313018","0.832938055478383","3.38395503887856","19"
"C8","HOM_H","16","32338","35.891269308533","2.24320433178331","2.24320433178331","3.30953598173501","0.439080825078275","2.67612849596044","19"
"D1","WT","16","50204","55.7203687415917","3.48252304634948","3.48252304634948","2.11058289561353","0.281381174869291","1.94239737244775","19"
"D2","HOM","16","71329","79.1665640580231","4.94791025362644","4.94791025362644","3.53070681304494","0.20044712378262","1.19948277300013","19"
"D3","WT_H","16","22857","25.3685058626118","1.58553161641323","1.58553161641323","1.16170669487316","0.62467463083928","2.22648090161072","19"
"D4","HOM_H","16","13773","15.2863644067792","0.955397775423699","0.955397775423699","1.19065960203325","1.03077912160355","4.08720300507584","19"
"D5","WT","16","12382","13.7425226228665","0.858907663929154","0.858907663929154","0.802608787919179","1.15340391504609","4.97049389550574","19"
"D6","HOM","15","39778","44.1487695761898","2.75929809851186","2.94325130507932","1.58439358326535","0.337561974218998","1.45021248951166","19"
"D7","WT_H","16","18530","20.5660591343657","1.28537869589785","1.28537869589785","1.24482859877703","0.762255621614994","2.93696572958341","19"
"D8","HOM_H","16","15228","16.9012384510588","1.05632740319118","1.05632740319118","1.11703392715662","0.926851078752301","3.8727155294476","19"
"E1","WT","16","16350","18.1465227656168","1.13415767285105","1.13415767285105","0.751265095228824","0.855518672342966","6.31833514288314","19"
"E2","HOM","16","65218","72.3840930720485","4.52400581700303","4.52400581700303","2.12518693676795","0.220473873758474","1.44676209158869","19"
"E3","WT_H","16","27062","30.0355473445334","1.87722170903334","1.87722170903334","2.3311891380073","0.523982200923612","2.48354223730204","19"
"E4","HOM_H","16","31247","34.6803912450903","2.16752445281815","2.16752445281815","2.35547510702908","0.455728669462713","2.00127359025814","19"
"E5","WT","14","13793","15.3085619881438","0.956785124258991","1.09346871343885","1.16863484947172","0.902211714040932","3.9278858526364","19"
"E6","HOM","16","44737","49.6526598755594","3.10329124222247","3.10329124222247","1.83672453539489","0.317931093708325","1.98844023854578","19"
"E7","WT_H","16","20928","23.2275491399894","1.45172182124934","1.45172182124934","1.76721607738892","0.68306655076272","2.38539456579519","19"
"E8","HOM_H","16","21538","23.9045753716118","1.49403596072574","1.49403596072574","2.35974906428796","0.650337990841929","5.30185543656269","19"
"F1","WT","16","37785","41.9367805932006","2.62104878707503","2.62104878707503","1.93998847858131","0.375526170712754","2.80864705130693","19"
"F2","HOM","16","75546","83.8469240887635","5.24043275554772","5.24043275554772","2.10918325405711","0.188118034387925","1.31218157773147","19"
"F3","WT_H","16","14935","16.5760438840664","1.03600274275415","1.03600274275415","0.857376895837391","0.937078757430793","3.99582180527765","19"
"F4","HOM_H","16","12075","13.4017897489188","0.837611859307425","0.837611859307425","0.940839340100297","1.14790586590679","4.91794186370501","19"
"F5","WT","13","32165","35.6992602297286","2.23120376435804","2.74609694074836","3.30327060892756","0.359578666194327","1.50014147570654","19"
"F6","HOM","16","19097","21.195360566054","1.32471003537838","1.32471003537838","2.01639380238343","0.727174555882815","3.81557258733865","19"
"F7","WT_H","16","26329","29.2220059875183","1.82637537421989","1.82637537421989","2.29910281304694","0.53977676113366","2.87430677611223","19"
"F8","HOM_H","12","68990","76.5705569174251","4.78565980733907","6.38087974311876","8.44016651929955","0.155392436393633","1.71036620243552","19"
"A1","WT","16","37247","41.3625983942779","2.58516239964237","2.58516239964237","1.69572356050903","0.372306512315006","2.54083674180284","21"
"A2","HOM","16","104461","116.003393316634","7.25021208228962","7.25021208228962","4.93686021024652","0.136729267269855","1.1253699480173","21"
"A3","WT_H","16","10741","11.9278242369302","0.745489014808137","0.745489014808137","0.57021596948427","1.3101814004662","6.2166453867369","21"
"A4","HOM_H","16","11653","12.9405954597288","0.808787216233052","0.808787216233052","0.923827235096328","1.20517273524104","7.99341604285438","21"
"A5","WT","16","30559","33.9356094270878","2.12097558919299","2.12097558919299","1.60530640316064","0.460205391742789","2.17143347133749","21"
"A6","HOM","16","82793","91.9411928170711","5.74632455106695","5.74632455106695","3.73055108584023","0.173872827476231","1.22235825818077","21"
"A7","WT_H","16","20076","22.2942928387125","1.39339330241953","1.39339330241953","0.73123265129442","0.709121738783649","2.51585758812463","21"
"A8","HOM_H","16","15691","17.4247733080413","1.08904833175258","1.08904833175258","0.938018451922898","0.906706133333333","3.88862705826795","21"
"B1","WT","16","52241","58.0133568533163","3.62583480333227","3.62583480333227","2.56118115335923","0.274658702154141","1.65488040796629","21"
"B2","HOM","16","66736","74.1099784261962","4.63187365163726","4.63187365163726","2.83240504687818","0.21503642206235","1.35631746659136","21"
"B3","WT_H","16","18524","20.5708049683358","1.28567531052099","1.28567531052099","0.698611951645843","0.764200618111087","2.69748239568287","21"
"B4","HOM_H","16","23561","26.164367083727","1.63527294273294","1.63527294273294","2.36227279274872","0.6063324629433","3.25507249625603","21"
"B5","WT","16","9439","10.4819600570137","0.655122503563356","0.655122503563356","0.43523451800903","1.3476909858856","6.35448603196073","21"
"B6","HOM","16","18519","20.5652524945266","1.28532828090791","1.28532828090791","1.21674149524652","0.764344968923958","4.53299656074822","21"
"B7","WT_H","16","14175","15.7412632490909","0.983828953068182","0.983828953068182","1.18878447614042","1.00577327777385","3.78153003335642","21"
"B8","HOM_H","16","23241","25.809008759938","1.61306304749613","1.61306304749613","1.64838140600994","0.612878074488698","2.56146160850634","21"
"C1","WT","15","67603","75.072777384712","4.6920485865445","5.00485182564747","3.273774313174","0.199202895188495","0.93604177353639","21"
"C2","HOM","16","73619","81.7535138719452","5.10959461699658","5.10959461699658","2.73969604973836","0.194661492602204","1.058086835552","21"
"C3","WT_H","16","13536","15.0316570962747","0.939478568517171","0.939478568517171","0.539351045608524","1.05739563313609","3.47254944857825","21"
"C4","HOM_H","16","18905","20.9939034725971","1.31211896703732","1.31211896703732","2.19497691385148","0.732155434379798","4.2740520294836","21"
"C5","WT","16","18828","20.9083953759353","1.30677471099596","1.30677471099596","1.50960215708408","0.757624656602169","2.79700365774642","21"
"C6","HOM","16","53696","59.6291267317944","3.72682042073715","3.72682042073715","2.30883827383771","0.267878286140089","1.28080443261583","21"
"C7","WT_H","16","14056","15.6091143724319","0.975569648276992","0.975569648276992","0.948961103309227","1.00854568660969","3.91446801864001","21"
"C8","HOM_H","16","31006","34.4320005856305","2.15200003660191","2.15200003660191","3.58166709939133","0.453008516295579","3.1067183295902","21"
"D1","WT","16","68406","75.96450467847","4.74778154240438","4.74778154240438","3.29475811993935","0.208603986547741","1.21006403074982","21"
"D2","HOM","16","77099","85.6180356431506","5.35112722769691","5.35112722769691","3.69050394600967","0.185504361791835","1.01445489133049","21"
"D3","WT_H","16","20547","22.8173358715394","1.42608349197121","1.42608349197121","0.872352854501418","0.699277903657883","2.37616465835524","21"
"D4","HOM_H","16","12278","13.6346546858792","0.852165917867452","0.852165917867452","1.46599962295167","1.12721910291959","4.77734272817588","21"
"D5","WT","16","12413","13.7845714787277","0.861535717420482","0.861535717420482","0.77760215117088","1.13657011857708","4.4530713905932","21"
"D6","HOM","16","61474","68.2665549893908","4.26665968683692","4.26665968683692","2.38736662560902","0.234064542289043","1.04048870636678","21"
"D7","WT_H","16","10465","11.6213276826622","0.726332980166386","0.726332980166386","0.893887028660151","1.33317546176668","6.77463193363867","21"
"D8","HOM_H","16","14171","15.7368212700435","0.983551329377721","0.983551329377721","0.861168625040738","1.00235034969975","3.74471090016723","21"
"E1","WT","16","21585","23.97002943433","1.49812683964562","1.49812683964562","0.962185661522265","0.630666133803143","3.83680601081284","21"
"E2","HOM","16","117769","130.781857607209","8.17386610045056","8.17386610045056","4.20447614710885","0.121895733611882","0.765838078626974","21"
"E3","WT_H","16","33077","36.7318352374025","2.29573970233765","2.29573970233765","3.50928589768068","0.4303524587883","3.08106151959397","21"
"E4","HOM_H","16","34935","38.7951345049024","2.4246959065564","2.4246959065564","3.31266624375579","0.409313934534208","2.87434484547951","21"
"E5","WT","16","9428","10.4697446146334","0.65435903841459","0.65435903841459","0.589487537288932","1.45396730131747","6.90691360249133","21"
"E6","HOM","16","74095","82.2821093785814","5.14263183616133","5.14263183616133","3.75984033288225","0.194170963430932","1.30602169272865","21"
"E7","WT_H","16","20526","22.7940154815407","1.4246259675963","1.4246259675963","2.13217654335189","0.692368620185275","3.89747874892624","21"
"E8","HOM_H","16","32096","35.6424398760368","2.2276524922523","2.2276524922523","3.37105674443072","0.434765326683292","3.13758220157105","21"
"F1","WT","16","47711","52.9828155821782","3.31142597388614","3.31142597388614","2.37275929405086","0.300916369430758","1.59626418174116","21"
"F2","HOM","16","73927","82.0955462585921","5.13097164116201","5.13097164116201","1.81037377692743","0.193412945840267","1.23339662663012","21"
"F3","WT_H","16","14374","15.9622517066972","0.997640731668574","0.997640731668574","0.745035217238523","0.986749536147096","3.81623624171538","21"
"F4","HOM_H","16","20678","22.9628106853405","1.43517566783378","1.43517566783378","2.09365061325962","0.674006957700126","3.35420027709265","21"
"F5","WT","14","41249","45.8067984311641","2.86292490194775","3.27191417365458","4.224444583451","0.299167877773736","2.00892557089621","21"
"F6","HOM","15","34493","38.3042958201688","2.39401848876055","2.55361972134459","3.94149714774608","0.384420019722722","2.1626221203124","21"
"F7","WT_H","16","36837","40.9072955419232","2.5567059713702","2.5567059713702","3.61774964220121","0.387694078922354","2.27708137366467","21"
"F8","HOM_H","13","92367","102.573069666933","6.41081685418333","7.89023612822564","10.3251369350305","0.124321955085865","1.31159268218303","21"
"A1","WT","16","53860","59.7947483646925","3.73717177279328","3.73717177279328","2.55957653543681","0.263092577074512","2.38045613674171","23"
"A2","HOM","16","80281","89.1270366406586","5.57043979004117","5.57043979004117","3.54097096329441","0.178180697439731","1.06469599103087","23"
"A3","WT_H","16","7348","8.15766451882213","0.509854032426383","0.509854032426383","0.300698791583722","1.93342472449536","7.06817882008152","23"
"A4","HOM_H","16","8335","9.25342049052565","0.578338780657853","0.578338780657853","0.443362697470484","1.70951297992547","6.49430283123014","23"
"A5","WT","16","48022","53.3134683618504","3.33209177261565","3.33209177261565","3.48924681386534","0.295771653543307","1.81266825454866","23"
"A6","HOM","16","104599","116.124598666886","7.25778741668036","7.25778741668036","4.81917972938145","0.13755190499412","0.665841456977734","23"
"A7","WT_H","16","9653","10.7166488296394","0.66979055185246","0.66979055185246","0.398664672591661","1.45792888243229","5.80490055587607","23"
"A8","HOM_H","16","14478","16.0733079618273","1.0045817476142","1.0045817476142","1.25524888760615","0.978878722168441","4.13913855076221","23"
"B1","WT","16","93300","103.580579695986","6.47378623099912","6.47378623099912","5.35311546575292","0.152960517130483","1.02708362325843","23"
"B2","HOM","16","55915","62.076185570215","3.87976159813844","3.87976159813844","2.46775112657792","0.256627431617739","1.37419802482458","23"
"B3","WT_H","16","10325","11.4626954486715","0.716418465541972","0.716418465541972","0.564152376158919","1.36340221553982","5.33427777671922","23"
"B4","HOM_H","16","20156","22.3769578172807","1.39855986358005","1.39855986358005","2.13836621206571","0.697867086395233","4.59861192561922","23"
"B5","WT","16","24734","27.4594004094375","1.71621252558984","1.71621252558984","1.04946535813786","0.57479551096367","2.21478368407191","23"
"B6","HOM","16","27688","30.7388970055998","1.92118106284999","1.92118106284999","1.53432061710325","0.503496718704828","2.50685477682026","23"
"B7","WT_H","16","12837","14.2514887626728","0.89071804766705","0.89071804766705","1.31602116427428","1.0987017237345","4.15207351159509","23"
"B8","HOM_H","16","23960","26.6001145714451","1.66250716071532","1.66250716071532","2.15896547130123","0.588993668559973","2.91017794188104","23"
"C1","WT","15","91407","101.478993014694","6.3424370634184","6.76526620097963","4.15291955631158","0.146330835959384","1.04686042341438","23"
"C2","HOM","16","127526","141.577888599253","8.84861803745332","8.84861803745332","5.42008495238387","0.112520831307348","0.673258337616285","23"
"C3","WT_H","16","14287","15.8612619733821","0.991328873336383","0.991328873336383","0.621788439918084","1.00065405928106","3.17988354710478","23"
"C4","HOM_H","16","30131","33.4510873185397","2.09069295740873","2.09069295740873","3.95117322900567","0.470423106093309","3.08126251286648","23"
"C5","WT","16","24071","26.7233454861959","1.67020909288724","1.67020909288724","1.81540197540496","0.577376033257119","2.35283015071197","23"
"C6","HOM","16","67110","74.5047449453121","4.65654655908201","4.65654655908201","3.24619769868486","0.20919799445554","1.09039290880892","23"
"C7","WT_H","16","14083","15.6347835354616","0.977173970966352","0.977173970966352","0.984787586899045","1.0094417629914","4.12670920203709","23"
"C8","HOM_H","16","32481","36.06003010831","2.25375188176937","2.25375188176937","3.97537073205269","0.421543264438626","3.1948111452653","23"
"D1","WT","16","77816","86.3904221824528","5.3994013864033","5.3994013864033","4.51852899340474","0.18474220874036","1.23331098833202","23"
"D2","HOM","16","106755","118.518164902947","7.40738530643421","7.40738530643421","5.15737415033735","0.133862208190071","0.699604871844163","23"
"D3","WT_H","16","15130","16.7971508124359","1.04982192577724","1.04982192577724","0.86124158643813","0.936397252878126","3.62237995015231","23"
"D4","HOM_H","16","19750","21.9262213182821","1.37038883239263","1.37038883239263","2.15948924594894","0.720999614877876","3.12991229098817","23"
"D5","WT","15","17352","19.2639894842953","1.20399934276845","1.28426596561968","1.34898852330601","0.773299440502971","2.93250380143876","23"
"D6","HOM","16","60134","66.7600705191685","4.17250440744803","4.17250440744803","2.0957222943084","0.238676706477261","0.855114993682933","23"
"D7","WT_H","16","6914","7.67584274403052","0.479740171501907","0.479740171501907","0.61086246936272","1.91190952739925","10.1917393420177","23"
"D8","HOM_H","16","8927","9.91065203586353","0.61941575224147","0.61941575224147","0.658854376158139","1.57040579059589","6.24041545010633","23"
"E1","WT","16","22188","24.6328606891162","1.53955379306976","1.53955379306976","1.20217604694463","0.621411026519935","6.01032525013043","23"
"E2","HOM","15","117283","130.206228601118","8.13788928756989","8.68041524007455","4.06066507336959","0.115015804482041","0.63340318590148","23"
"E3","WT_H","16","23495","26.0838769555969","1.63024230972481","1.63024230972481","1.91125751388307","0.600710193790196","3.34913113222334","23"
"E4","HOM_H","16","38056","42.249330556382","2.64058315977388","2.64058315977388","3.34632303189312","0.372853711882229","1.93866800460357","23"
"E5","WT","14","4823","5.35443875534556","0.334652422209097","0.382459911096111","0.27796993579979","2.44448813474735","13.869650159996","23"
"E6","HOM","16","126586","140.534311483345","8.78339446770906","8.78339446770906","6.83603798260524","0.112886019751916","0.635964666101278","23"
"E7","WT_H","16","19726","21.8995767961738","1.36872354976087","1.36872354976087","1.75804721042015","0.717128754946728","2.99906987842148","23"
"E8","HOM_H","16","19668","21.8351858677455","1.36469911673409","1.36469911673409","2.13611628862735","0.6768239975575","4.58976701358037","23"
"F1","WT","16","59561","66.123932553833","4.13274578461456","4.13274578461456","2.82053605848205","0.240591357796624","1.36992214224339","23"
"F2","HOM","16","95981","106.556994853166","6.6598121783229","6.6598121783229","2.95715987057322","0.149091933934247","0.92317254209305","23"
"F3","WT_H","16","13341","14.8110237269469","0.925688982934184","0.925688982934184","0.661356207114443","1.05887032195122","3.84273161526985","23"
"F4","HOM_H","16","18569","20.6150887928699","1.28844304955437","1.28844304955437","1.39156993971921","0.732802962324152","4.5959904567753","23"
"F5","WT","15","25212","27.990070474761","1.74937940467256","1.8660046983174","2.03848052156226","0.528794094535064","2.80657183480246","23"
"F6","HOM","16","22104","24.5396048617371","1.53372530385857","1.53372530385857","1.62615727091554","0.643214081854401","3.20036772800051","23"
"F7","WT_H","16","27649","30.6955996571738","1.91847497857336","1.91847497857336","2.79297443710868","0.517119719176347","3.23572520673841","23"
"F8","HOM_H","13","69956","77.6643411919871","4.85402132449919","5.97418009169132","7.47596137707268","0.162556540039747","2.14689623607109","23"
"A1","WT","16","58404","63.6036707576572","3.97522942235358","3.97522942235358","2.90083610914787","0.246206393366445","1.72108848818269","25"
"A2","HOM","16","139794","152.239770390657","9.51498564941607","9.51498564941607","6.59440895963839","0.104759372191117","0.697020098779867","25"
"A3","WT_H","16","6246","6.80207738429435","0.425129836518397","0.425129836518397","0.206672362246314","2.30598482310112","7.43426803061381","25"
"A4","HOM_H","16","6931","7.54806249608456","0.471753906005285","0.471753906005285","0.443660139425511","2.06263378870282","7.07878622983447","25"
"A5","WT","16","63124","68.7438893381679","4.29649308363549","4.29649308363549","4.86430637386517","0.229174823774799","1.37788250290345","25"
"A6","HOM","16","118983","129.575980373918","8.0984987733699","8.0984987733699","5.4882001126858","0.123287822369817","0.635759479935639","25"
"A7","WT_H","16","6177","6.72693435843519","0.420433397402199","0.420433397402199","0.2876757082328","2.32121554356436","8.98664352868862","25"
"A8","HOM_H","16","10231","11.1418593850009","0.696366211562555","0.696366211562555","0.710514555543819","1.414183806372","4.59449148716136","25"
"B1","WT","16","74944","81.61621637665","5.10101352354062","5.10101352354062","3.85670043215105","0.194676452738896","1.20850265102847","25"
"B2","HOM","16","63532","69.1882133171612","4.32426333232257","4.32426333232257","2.82358188980413","0.229899859180836","1.29175587807397","25"
"B3","WT_H","16","12693","13.8230496700045","0.863940604375282","0.863940604375282","0.794953909710006","1.13193285223476","5.0901849312709","25"
"B4","HOM_H","15","26693","29.0694607138919","1.81684129461825","1.9379640475928","3.42786340175369","0.507472060904116","4.97916133566611","25"
"B5","WT","16","31683","34.5037172216775","2.15648232635485","2.15648232635485","1.58485637326767","0.46147329258692","1.75256369015593","25"
"B6","HOM","16","26229","28.5641510907231","1.78525944317019","1.78525944317019","1.66027744678876","0.552838207349788","2.82770213909776","25"
"B7","WT_H","16","8389","9.1358673033694","0.570991706460588","0.570991706460588","0.624974422522441","1.69212665253553","5.6544085262359","25"
"B8","HOM_H","16","23478","25.5682313205992","1.59801445753745","1.59801445753745","2.20206245948324","0.610483559607024","2.93674221199379","25"
"C1","WT","15","121207","131.997981671176","8.2498738544485","8.79986544474506","5.90070329692993","0.11349214507418","0.605201306671455","25"
"C2","HOM","16","99007","107.821529873012","6.73884561706323","6.73884561706323","4.30323161992262","0.14826517557586","0.722100843016772","25"
"C3","WT_H","16","8019","8.73292644006666","0.545807902504167","0.545807902504167","0.445237365519102","1.77782165137698","6.10889315926541","25"
"C4","HOM_H","16","19717","21.4723918965949","1.34202449353718","1.34202449353718","1.6705541289858","0.724855442122227","3.26916366535748","25"
"C5","WT","16","17236","18.770510053746","1.17315687835912","1.17315687835912","1.49079580890337","0.83961314287108","3.27911718337574","25"
"C6","HOM","16","49927","54.3719688705834","3.39824805441146","3.39824805441146","2.13500725358657","0.292183894200878","1.20578920605852","25"
"C7","WT_H","16","14784","16.1002100623451","1.00626312889657","1.00626312889657","1.48539037774352","0.969798630916847","5.5144497053376","25"
"C8","HOM_H","16","33846","36.8592877279581","2.30370548299738","2.30370548299738","4.21715188905473","0.416905582953887","3.19307668033921","25"
"D1","WT","16","118032","128.540313452294","8.0337695907684","8.0337695907684","6.45129744774382","0.123538375442906","0.781418498120283","25"
"D2","HOM","16","103887","113.135993151167","7.07099957194792","7.07099957194792","4.64476603825929","0.141061453384679","0.658204172670714","25"
"D3","WT_H","16","15763","17.166369806057","1.07289811287856","1.07289811287856","1.19600628255434","0.915919730391821","4.15577259307188","25"
"D4","HOM_H","16","20452","22.272828476399","1.39205177977494","1.39205177977494","2.70621476262354","0.711275291513016","3.48334337345329","25"
"D5","WT","16","18365","20.0000242014995","1.25000151259372","1.25000151259372","1.77474697923541","0.790833497717042","3.14009631105884","25"
"D6","HOM","16","61637","67.124502679435","4.19528141746469","4.19528141746469","2.18342746988639","0.238196608736794","0.870498486414351","25"
"D7","WT_H","16","11324","12.3321684757844","0.770760529736523","0.770760529736523","0.914246774641398","1.27821372882649","4.40760873093469","25"
"D8","HOM_H","16","6415","6.98612334618128","0.43663270913633","0.43663270913633","0.563974154643113","2.13687767293171","8.93401313594035","25"
"E1","WT","16","45303","49.3362971086594","3.08351856929122","3.08351856929122","2.46655163425367","0.314608866961821","2.17297202739785","25"
"E2","HOM","16","135106","147.134400749675","9.19590004685471","9.19590004685471","4.08257261456819","0.108513944454808","0.593898678937183","25"
"E3","WT_H","16","32118","34.9774449933983","2.1860903120874","2.1860903120874","2.90504158610685","0.452086693987602","2.75415380324649","25"
"E4","HOM_H","15","38750","42.1998877107598","2.63749298192249","2.81332584738399","3.60962320367711","0.352904494148186","1.84334179617602","25"
"E5","WT","15","18177","19.7952866817673","1.23720541761045","1.31968577878448","1.44302661265822","0.730335645224645","3.49752777165661","25"
"E6","HOM","16","75265","81.9657948012991","5.12286217508119","5.12286217508119","3.64618398027628","0.193856747443421","1.06010257965524","25"
"E7","WT_H","16","22108","24.0762610970188","1.50476631856368","1.50476631856368","2.23053973413343","0.651039093012403","3.34870090444554","25"
"E8","HOM_H","16","21102","22.9806975605795","1.43629359753622","1.43629359753622","2.21488760279733","0.665845237465143","5.38291416211163","25"
"F1","WT","16","45738","49.8100248803802","3.11312655502376","3.11312655502376","2.22295301766418","0.32037269461769","1.84022634616093","25"
"F2","HOM","16","140014","152.479356849918","9.52995980311989","9.52995980311989","4.40039195953116","0.104300666784811","0.687125127597538","25"
"F3","WT_H","16","13942","15.1832473409913","0.948952958811958","0.948952958811958","0.890751802965938","1.02800541603045","4.00635235482396","25"
"F4","HOM_H","16","17018","18.5331016532054","1.15831885332534","1.15831885332534","1.61045686713666","0.859035495992236","4.44298395092905","25"
"F5","WT","15","35197","38.3305663936933","2.39566039960583","2.55537109291289","2.95609709842396","0.387071650868058","1.9300081477342","25"
"F6","HOM","15","29895","32.5565327255011","2.03478329534382","2.1704355150334","2.45746022300783","0.454457418386546","2.08489321271614","25"
"F7","WT_H","16","22577","24.587015866989","1.53668849168681","1.53668849168681","2.36651659443962","0.63238291814237","3.89860282627499","25"
"F8","HOM_H","13","100951","109.938602949391","6.87116268433696","8.45681561149165","11.1982610673414","0.117270795896095","1.85770636419474","25"
"A1","WT","16","54875","60.8370502284141","3.80231563927588","3.80231563927588","2.31285628532476","0.25473554399187","1.99570731007256","27"
"A2","HOM","16","127393","141.233974300653","8.82712339379084","8.82712339379084","4.87232208359478","0.11301139767352","0.849482279256059","27"
"A3","WT_H","16","8083","8.96120049195939","0.560075030747462","0.560075030747462","0.334484821024806","1.76401348281269","6.61529476524762","27"
"A4","HOM_H","16","9131","10.1230634284401","0.632691464277505","0.632691464277505","0.615789321275399","1.54113871406692","5.81376841131381","27"
"A5","WT","16","68173","75.5798492067731","4.72374057542332","4.72374057542332","4.41141378799709","0.210150167723051","1.27673681269947","27"
"A6","HOM","16","160118","177.514474869671","11.0946546793545","11.0946546793545","6.700620415042","0.0898575687531698","0.638313241009566","27"
"A7","WT_H","16","12117","13.4334858791379","0.83959286744612","0.83959286744612","0.663632154453058","1.17700146432278","6.32998372299313","27"
"A8","HOM_H","16","15813","17.5310482963446","1.09569051852154","1.09569051852154","1.48675590343337","0.892408154619232","3.73940725830375","27"
"B1","WT","16","66450","73.6696489781889","4.60435306113681","4.60435306113681","3.59102648543634","0.216112327862992","1.36246195874705","27"
"B2","HOM","16","79703","88.362558803741","5.52265992523381","5.52265992523381","3.29450589393004","0.180536958955288","0.881376334838621","27"
"B3","WT_H","16","18936","20.9933555011435","1.31208471882147","1.31208471882147","1.85600354850514","0.741397650220402","4.53695255084253","27"
"B4","HOM_H","16","32080","35.5654227121189","2.22283891950743","2.22283891950743","3.42144211618438","0.443022447791292","3.7746575927907","27"
"B5","WT","16","41500","46.0088853663633","2.87555533539771","2.87555533539771","1.9939803416363","0.346532203290666","1.40415189563226","27"
"B6","HOM","16","39615","43.9190841876743","2.74494276172964","2.74494276172964","2.25117709091243","0.362301412065204","1.67451126773207","27"
"B7","WT_H","16","12861","14.258319872212","0.89114499201325","0.89114499201325","0.736577283810683","1.10246661829272","4.12698094123358","27"
"B8","HOM_H","16","30928","34.2882604002623","2.14301627501639","2.14301627501639","2.86894447745876","0.460666603643569","2.9137371846047","27"
"C1","WT","15","60830","67.4390481165272","4.21494050728295","4.49593654110181","2.85118741402851","0.221357929474801","1.31557697966688","27"
"C2","HOM","16","112869","125.131973070266","7.82074831689165","7.82074831689165","4.54474124884511","0.127740539714496","0.733667594625554","27"
"C3","WT_H","16","17093","18.9501175317409","1.18438234573381","1.18438234573381","0.881418840273415","0.832540320454998","2.956470614367","27"
"C4","HOM_H","16","24493","27.1541115488756","1.69713197180472","1.69713197180472","1.86651362191065","0.583855898745761","2.50447519389278","27"
"C5","WT","16","28985","32.1341576468443","2.00838485292777","2.00838485292777","2.83680760722077","0.495420244672236","2.3144656892236","27"
"C6","HOM","16","70532","78.1951494616948","4.88719684135593","4.88719684135593","3.11853225807008","0.20402663554243","0.838191656120309","27"
"C7","WT_H","16","27289","30.2538909099443","1.89086818187152","1.89086818187152","2.51054501538357","0.514270505933707","2.65479361137876","27"
"C8","HOM_H","16","43450","48.1707486546623","3.01067179091639","3.01067179091639","5.00695035488942","0.316906627951835","3.35574707770577","27"
"D1","WT","16","98268","108.944605956188","6.80903787226173","6.80903787226173","4.48383389716968","0.145147273353112","0.900398626171908","27"
"D2","HOM","11","78136","86.6253076382208","5.4140817273888","7.87502796711098","4.86902256397303","0.126390192938368","0.646449647064616","27"
"D3","WT_H","16","18250","20.2328230827983","1.26455144267489","1.26455144267489","1.09891038610351","0.778770072973566","2.77239297411779","27"
"D4","HOM_H","15","22343","24.7705186925459","1.54815741828412","1.65136791283639","3.09760551045953","0.59165513021005","2.89612037019247","27"
"D5","WT","13","30438","33.7450229585871","2.1090639349117","2.59577099681439","3.86078381045026","0.384134027008381","1.70803473378293","27"
"D6","HOM","16","73472","81.4545741117456","5.0909108819841","5.0909108819841","2.46284870468481","0.196351735951318","0.698463078235275","27"
"D7","WT_H","16","17601","19.5133106345388","1.21958191465868","1.21958191465868","1.94784709734563","0.805420149077054","4.07343342342014","27"
"D8","HOM_H","16","8607","9.54213196019973","0.596383247512483","0.596383247512483","0.646748886826592","1.53749915649284","6.28909345443769","27"
"E1","WT","16","47872","53.0731894038203","3.31707433773877","3.31707433773877","2.52737706734436","0.296049956126505","1.95510914193948","27"
"E2","HOM","12","96101","106.542166086575","6.65888538041096","8.87851384054795","3.38495498249792","0.110389162248124","0.627442400471773","27"
"E3","WT_H","16","43066","47.7450278840434","2.98406424275271","2.98406424275271","4.36404055143329","0.330283313219745","1.88206689346405","27"
"E4","HOM_H","16","37518","41.5942496668727","2.59964060417954","2.59964060417954","2.35766735903793","0.381794780741294","1.63987070920981","27"
"E5","WT","16","22200","24.611982051404","1.53824887821275","1.53824887821275","1.54882375380058","0.639109018183375","2.95820297741463","27"
"E6","HOM","15","88724","98.3636709697642","6.14772943561027","6.55757806465095","4.91676338329582","0.151793047739914","0.796756219564382","27"
"E7","WT_H","16","38474","42.6541170020593","2.66588231262871","2.66588231262871","3.41801219523809","0.366799595567372","2.00384289694805","27"
"E8","HOM_H","16","30506","33.8204110117176","2.11377568823235","2.11377568823235","2.90385462778444","0.458445248437192","4.50106200207619","27"
"F1","WT","16","61099","67.7372743855285","4.23357964909553","4.23357964909553","2.60045995610279","0.231646955396264","1.2475346234985","27"
"F2","HOM","16","84287","93.4446005030039","5.84028753143774","5.84028753143774","2.51689120441792","0.168943664531927","1.0933329444336","27"
"F3","WT_H","16","34932","38.7272863522362","2.42045539701476","2.42045539701476","2.04798274257796","0.408918090418146","2.15946825281214","27"
"F4","HOM_H","16","51490","57.0842772894951","3.56776733059344","3.56776733059344","4.74713010949785","0.277295661050822","2.10301733260784","27"
"F5","WT","13","113937","126.31600896355","7.89475056022189","9.71661607411925","11.5860240888473","0.101208043367508","0.951326689520183","27"
"F6","HOM","14","66176","73.3658794699869","4.58536746687418","5.24041996214192","7.19484425817927","0.189558653299326","1.19803072719735","27"
"F7","WT_H","15","51938","57.5809515218838","3.59880947011774","3.83873010145892","4.40863400499098","0.257428809259095","1.7710623533271","27"
"F8","HOM_H","12","91523","101.466776274353","6.34167351714709","8.45556468952945","9.17446937135876","0.117696101325742","0.554512559566484","27"
"A1","WT","16","45944","50.5852416928195","3.16157760580122","3.16157760580122","2.06273178453087","0.314160870985891","1.8315143146009","29"
"A2","HOM","16","120899","133.11216122715","8.31951007669688","8.31951007669688","5.46577882548562","0.120153827606777","0.632461019077784","29"
"A3","WT_H","16","6190","6.81531094546736","0.42595693409171","0.42595693409171","0.339619318088871","2.27655419048915","7.67011539888299","29"
"A4","HOM_H","16","7993","8.80044917400979","0.550028073375612","0.550028073375612","0.624697434373594","1.78673779198571","6.44459805479819","29"
"A5","WT","16","61796","68.0386034226335","4.25241271391459","4.25241271391459","3.94311732268572","0.233251373774199","1.1729104243875","29"
"A6","HOM","16","111332","122.578707298994","7.66116920618712","7.66116920618712","5.1358144159529","0.129937669879442","0.654903451848069","29"
"A7","WT_H","16","5676","6.24938690249964","0.390586681406227","0.390586681406227","0.367811612880941","2.30270375994523","8.43433270719651","29"
"A8","HOM_H","16","8153","8.97661230022543","0.561038268764089","0.561038268764089","0.788646491822439","1.67542864899349","7.50488899023167","29"
"B1","WT","16","86516","95.255806422949","5.95348790143431","5.95348790143431","5.50761867930107","0.166762623671098","0.935761102689977","29"
"B2","HOM","16","101425","111.67090672763","6.97943167047685","6.97943167047685","4.62339970351383","0.143063057988443","0.639527833001632","29"
"B3","WT_H","16","16744","18.4354711584662","1.15221694740413","1.15221694740413","1.2770509155852","0.854856348030846","3.52820659273408","29"
"B4","HOM_H","15","26261","28.9138741096799","1.80711713185499","1.92759160731199","2.54859936702429","0.477130212273108","3.64178689785708","29"
"B5","WT","15","29807","32.8180893944339","2.05113058715212","2.18787262629559","1.57725375641242","0.453313808154538","1.89845837036447","29"
"B6","HOM","16","31020","34.1536260950561","2.13460163094101","2.13460163094101","1.94803062690709","0.462949364767127","2.6857593830912","29"
"B7","WT_H","16","7385","8.13102929439038","0.508189330899399","0.508189330899399","0.61950603312888","1.90963605578097","6.55017377374782","29"
"B8","HOM_H","16","18725","20.6165908649235","1.28853692905772","1.28853692905772","1.87866740409003","0.698735029594313","5.10472576329136","29"
"C1","WT","15","84555","93.0967071072686","5.81854419420429","6.20644714048457","4.28011350456854","0.160533560441921","0.843556707319485","29"
"C2","HOM","16","104956","115.558606719301","7.2224129199563","7.2224129199563","4.7431427192261","0.13750579059939","0.677592349314524","29"
"C3","WT_H","16","11583","12.7531093184731","0.797069332404568","0.797069332404568","0.671147948302221","1.2359111277773","4.39642558527998","29"
"C4","HOM_H","16","15490","17.0547926567511","1.06592454104694","1.06592454104694","1.23010029334583","0.925470237046659","4.85475376082668","29"
"C5","WT","14","26133","28.7729436087074","1.79830897554421","2.05521025776481","2.81337865034166","0.474799192016157","2.83071167964037","29"
"C6","HOM","16","57114","62.8836299417484","3.93022687135928","3.93022687135928","2.51250120504949","0.254047960939087","1.03182372156727","29"
"C7","WT_H","16","19136","21.0691098953899","1.31681936846187","1.31681936846187","2.35998734144524","0.746767129019874","4.37698941800757","29"
"C8","HOM_H","15","27397","30.1646323058109","1.88528951911318","2.01097548705406","3.23638532183429","0.450739760532467","3.68224149327123","29"
"D1","WT","16","114964","126.577610264089","7.91110064150555","7.91110064150555","6.07601708742384","0.125920355875265","0.752107579313009","29"
"D2","HOM","16","116722","128.513202613383","8.03207516333644","8.03207516333644","5.38111950261578","0.124347482467568","0.527756779127721","29"
"D3","WT_H","16","26849","29.5612735985223","1.84757959990765","1.84757959990765","1.79083226973744","0.53561439954869","2.05835959667189","29"
"D4","HOM_H","16","19355","21.3102331743975","1.33188957339985","1.33188957339985","2.85529582209704","0.72568216925901","4.45500142059031","29"
"D5","WT","16","30926","34.0501302584045","2.12813314115028","2.12813314115028","3.36501213408214","0.467830076245552","1.95152135446092","29"
"D6","HOM","16","84742","93.3025977610331","5.83141236006457","5.83141236006457","3.27926894667776","0.170717106992541","0.69564450310583","29"
"D7","WT_H","16","12880","14.1811316603586","0.886320728772411","0.886320728772411","0.940088540477234","1.11149071222792","4.49220654312487","29"
"D8","HOM_H","16","5142","5.66144246875495","0.353840154297185","0.353840154297185","0.37833160594898","2.74937279422747","11.0212912011831","29"
"E1","WT","16","62768","69.1087944143934","4.31929965089959","4.31929965089959","3.24480133127571","0.229834937056189","1.24529170322921","29"
"E2","HOM","16","157518","173.430395720215","10.8393997325134","10.8393997325134","4.77182374315711","0.0920063905279933","0.445805093380144","29"
"E3","WT_H","16","54023","59.4803785471702","3.71752365919813","3.71752365919813","3.85847758805168","0.267966360759161","1.08647948029683","29"
"E4","HOM_H","15","30032","33.0658187906746","2.06661367441716","2.20438791937831","3.05199293534848","0.436799154070027","2.8949174810324","29"
"E5","WT","16","22365","24.6243019863292","1.53901887414557","1.53901887414557","1.61232083349738","0.645639075688845","2.85895768024219","29"
"E6","HOM","16","90181","99.2910430328259","6.20569018955162","6.20569018955162","4.87180465772784","0.160263498700161","0.70159119352991","29"
"E7","WT_H","16","33461","36.8412147893834","2.30257592433646","2.30257592433646","2.64398462266788","0.428014838815369","2.01557357206965","29"
"E8","HOM_H","16","9116","10.0368941161358","0.627305882258486","0.627305882258486","0.806432539664766","1.47102051587253","7.64873898219292","29"
"F1","WT","16","84274","92.7873206168524","5.79920753855328","5.79920753855328","4.20613312582332","0.172190098888414","0.934073777103658","29"
"F2","HOM","16","94220","103.738060950232","6.48362880938949","6.48362880938949","3.26651398877388","0.152528755445522","0.924542657770435","29"
"F3","WT_H","16","29374","32.3413479341128","2.02133424588205","2.02133424588205","1.83454406727282","0.489731484898835","2.29167058327557","29"
"F4","HOM_H","15","26780","29.4853032503418","1.84283145314636","1.96568688335612","2.79405358461797","0.481732057905474","2.78307434814183","29"
"F5","WT","15","64250","70.7405053709657","4.42128158568536","4.71603369139772","6.17840309481974","0.211468357901456","1.27525787590106","29"
"F6","HOM","16","36299","39.9659082406332","2.49786926503958","2.49786926503958","3.31964064495072","0.398763359337431","2.62026946141829","29"
"F7","WT_H","16","37380","41.1561103621276","2.57225689763298","2.57225689763298","3.40984890841891","0.382949964107162","2.13376799687184","29"
"F8","HOM_H","13","70227","77.3212991546585","4.83258119716616","5.94779224266604","8.01419457327968","0.165734015277865","1.30480076551124","29"
"A1","WT","16","34792","38.5936631055396","2.41210394409622","2.41210394409622","1.30983712434671","0.408660364681965","2.20615717370838","31"
"A2","HOM","16","84724","93.9816484523378","5.87385302827111","5.87385302827111","3.24081018583264","0.169730611901946","0.989919241084072","31"
"A3","WT_H","16","8198","9.09378162046486","0.568361351279054","0.568361351279054","0.338038514652648","1.69835310746761","8.15063348490778","31"
"A4","HOM_H","16","11430","12.678936804332","0.792433550270747","0.792433550270747","0.712916066059936","1.21050999164009","5.77279724801513","31"
"A5","WT","16","61816","68.5705299647055","4.2856581227941","4.2856581227941","3.85513005288083","0.231676277883657","1.0645524480943","31"
"A6","HOM","16","122119","135.462736973597","8.46642106084981","8.46642106084981","5.61345949784896","0.117930311177367","0.628255642948389","31"
"A7","WT_H","16","11375","12.6179270471808","0.788620440448797","0.788620440448797","0.753232823246233","1.2324852197491","6.18806882367933","31"
"A8","HOM_H","16","12044","13.3600275478018","0.83500172173761","0.83500172173761","0.992158127963441","1.16245267170353","5.1265827613676","31"
"B1","WT","16","74372","82.4985028881694","5.15615643051059","5.15615643051059","3.83648088999585","0.19194762042821","1.00641720110764","31"
"B2","HOM","16","86784","96.2667411747283","6.01667132342052","6.01667132342052","3.49714977516926","0.16583370081885","0.861393149938415","31"
"B3","WT_H","16","13657","15.1492773347998","0.946829833424987","0.946829833424987","1.13265257293517","1.03312806813357","5.82276714418292","31"
"B4","HOM_H","16","22980","25.4909858060847","1.5931866128803","1.5931866128803","1.48632287385452","0.620100891353858","2.87530656806624","31"
"B5","WT","15","29317","32.5204190982152","2.03252619363845","2.16802793988101","1.41927784922488","0.458739268144837","1.69632186122595","31"
"B6","HOM","16","38893","43.1427724523957","2.69642327827473","2.69642327827473","2.4374269158668","0.368627764965918","1.73788613836492","31"
"B7","WT_H","16","8416","9.335602112446","0.583475132027875","0.583475132027875","0.799887423859889","1.70611449856905","9.42545197352512","31"
"B8","HOM_H","16","25469","28.2519546342546","1.76574716464092","1.76574716464092","1.98981885161226","0.551975468212784","2.87798079105711","31"
"C1","WT","15","86713","96.1879831245877","6.01174894528673","6.41253220830584","4.46790040149647","0.155381048510231","0.707787101052774","31"
"C2","HOM","16","84522","93.7575762533461","5.85984851583413","5.85984851583413","3.70477988941463","0.170514475153717","0.7297882733556","31"
"C3","WT_H","16","16340","18.1254442154667","1.13284026346667","1.13284026346667","0.848383846713378","0.871037938422568","3.2248795273044","31"
"C4","HOM_H","16","29253","32.4494259262575","2.02808912039109","2.02808912039109","2.27388033321927","0.479585680821562","3.29824164465848","31"
"C5","WT","16","22927","25.4321945855572","1.58951216159732","1.58951216159732","2.17339634043234","0.613515865120248","3.36302168322644","31"
"C6","HOM","16","56794","62.9997845026447","3.9374865314153","3.9374865314153","2.46831081566267","0.252279686374828","0.889916349273539","31"
"C7","WT_H","16","10406","11.5430460530077","0.721440378312983","0.721440378312983","1.1324779373203","1.27027832141867","8.55952853619889","31"
"C8","HOM_H","16","22858","25.3556550720402","1.58472844200251","1.58472844200251","2.57307126311357","0.600382176720077","5.55396600554589","31"
"D1","WT","16","74577","82.7259028920966","5.17036893075604","5.17036893075604","3.45608615607207","0.193020091661458","0.84733553687224","31"
"D2","HOM","16","85400","94.7315138311417","5.92071961444635","5.92071961444635","3.92636903736456","0.168683243655486","0.626212771830116","31"
"D3","WT_H","16","22847","25.34345312061","1.58396582003812","1.58396582003812","1.51707137047515","0.624234931525119","2.82203257296879","31"
"D4","HOM_H","16","16930","18.7799125194523","1.17374453246577","1.17374453246577","1.66779513751782","0.78739851797505","3.81301264888407","31"
"D5","WT","16","29418","32.6324551977111","2.03952844985694","2.03952844985694","4.3197753377396","0.474978072299503","2.61000833648959","31"
"D6","HOM","16","73645","81.6920648254617","5.10575405159135","5.10575405159135","2.4931385179378","0.195367238779557","0.619893611283399","31"
"D7","WT_H","16","9831","10.9052167736997","0.681576048356231","0.681576048356231","0.739139026358357","1.38792231203974","7.90529245845008","31"
"D8","HOM_H","16","9677","10.7343894536763","0.67089934085477","0.67089934085477","0.731541072631293","1.42712770484939","5.80826066215206","31"
"E1","WT","16","45146","50.0790272063316","3.12993920039573","3.12993920039573","2.35038391067861","0.31817213171704","1.33385571017626","31"
"E2","HOM","16","115353","127.957427575687","7.99733922348045","7.99733922348045","3.77954053775123","0.124954060647667","0.533690264771761","31"
"E3","WT_H","16","46068","51.1017725898482","3.19386078686551","3.19386078686551","4.08151620723992","0.309855232136064","1.60596085577284","31"
"E4","HOM_H","16","21639","24.0034569999072","1.5002160624942","1.5002160624942","1.70247856048766","0.656552053802433","4.43489085166302","31"
"E5","WT","16","27153","30.1199624713933","1.88249765446208","1.88249765446208","2.08018242470564","0.524726156783359","2.32644272983766","31"
"E6","HOM","14","69187","76.7469466912787","4.79668416820492","5.48192476366276","4.29380970772678","0.181479163467827","0.801488765986723","31"
"E7","WT_H","16","31552","34.9996337751778","2.18747711094861","2.18747711094861","1.84187198585527","0.451068797414384","1.81731191386052","31"
"E8","HOM_H","16","18910","20.9762637768957","1.31101648605598","1.31101648605598","1.37390027559769","0.760185262859638","4.08916466329644","31"
"F1","WT","16","75507","83.7575224221079","5.23484515138174","5.23484515138174","3.43474293899023","0.190071440090872","0.86023716682905","31"
"F2","HOM","16","100587","111.577971683057","6.97362323019105","6.97362323019105","2.73328216058059","0.142206916325581","0.716224262195284","31"
"F3","WT_H","16","24433","27.1027526631883","1.69392204144927","1.69392204144927","1.63049343742032","0.557671367669247","4.15848085483778","31"
"F4","HOM_H","16","25758","28.5725331763764","1.78578332352353","1.78578332352353","1.83719922675634","0.543986879464688","4.02811012114616","31"
"F5","WT","14","96032","106.525254522625","6.65782840766408","7.60894675161609","9.49104450891407","0.13067095098367","0.933620571772313","31"
"F6","HOM","15","47627","52.8311218880068","3.30194511800043","3.52207479253379","4.98051277207842","0.279820617494749","1.66764874495665","31"
"F7","WT_H","16","45280","50.2276691601182","3.13922932250739","3.13922932250739","3.69226158748672","0.315006090920599","1.49445917585536","31"
"F8","HOM_H","15","69156","76.7125593736116","4.79453496085073","5.11417062490744","6.75231183868772","0.190526259497838","1.79710637918719","31"
"A1","WT","16","58353","64.7827261222696","4.04892038264185","4.04892038264185","2.23439077784557","0.245850156742205","1.2589570950517","33"
"A2","HOM","16","176909","196.402023813079","12.2751264883174","12.2751264883174","7.10536504364138","0.0810372671855868","0.431721387288973","33"
"A3","WT_H","16","6894","7.65362730085731","0.478351706303582","0.478351706303582","0.401086742345422","1.93426621515557","10.9237605203352","33"
"A4","HOM_H","16","9609","10.6677842665996","0.666736516662478","0.666736516662478","0.859455577354147","1.41817193449286","9.95160573488154","33"
"A5","WT","16","75037","83.3050814874427","5.20656759296517","5.20656759296517","4.84886065216217","0.190663728969089","0.971314969152254","33"
"A6","HOM","16","123861","137.50883828133","8.59430239258311","8.59430239258311","5.5568619743549","0.116181187192378","0.580251514678318","33"
"A7","WT_H","16","10813","12.0044490867668","0.750278067922923","0.750278067922923","0.734097374311879","1.26168930258127","5.47828755969462","33"
"A8","HOM_H","16","10624","11.7946237952289","0.737163987201807","0.737163987201807","1.0654244794764","1.30038348633955","6.71887073947593","33"
"B1","WT","16","103752","115.184093373738","7.19900583585861","7.19900583585861","6.10639562711839","0.138135602167618","0.639598722688988","33"
"B2","HOM","16","84604","93.9262379114784","5.8703898694674","5.8703898694674","3.51572962318074","0.169426014879415","0.774654342828192","33"
"B3","WT_H","16","13677","15.1840238749384","0.949001492183651","0.949001492183651","0.898248709960064","0.998139589101823","3.89553565640685","33"
"B4","HOM_H","16","20905","23.2084535428521","1.45052834642825","1.45052834642825","2.15763511327749","0.6574239447154","5.23787756439116","33"
"B5","WT","16","26194","29.0802311457291","1.81751444660807","1.81751444660807","1.47092286224517","0.540629033765376","2.60661402746343","33"
"B6","HOM","16","32329","35.8912267202518","2.24320167001574","2.24320167001574","1.87224425446523","0.442648985528425","2.13515793656923","33"
"B7","WT_H","16","14227","15.7946265751809","0.987164160948805","0.987164160948805","1.64331064065863","0.989915060377876","5.84363713912429","33"
"B8","HOM_H","16","21476","23.8423701643765","1.49014813527353","1.49014813527353","2.00829947812019","0.637900215331314","4.7568578653667","33"
"C1","WT","15","119090","132.212137403408","8.26325858771303","8.81414249356056","5.28149398072186","0.113302969348226","0.610053179859969","33"
"C2","HOM","16","99116","110.037267704058","6.8773292315036","6.8773292315036","4.22602256138648","0.144461065430172","0.718829516648365","33"
"C3","WT_H","16","49954","55.4582677962034","3.46614173726271","3.46614173726271","1.42672226142627","0.287091680097321","1.18497130505248","33"
"C4","HOM_H","15","55418","61.5243280764303","3.8452705047769","4.10162187176202","4.42652874410081","0.243026309702363","0.739208629152965","33"
"C5","WT","16","25302","28.0899445846086","1.75562153653804","1.75562153653804","3.84158936212612","0.551073376074112","3.61949569345731","33"
"C6","HOM","16","47778","53.0425014766987","3.31515634229367","3.31515634229367","1.88443662768792","0.300679954278297","1.0986317916343","33"
"C7","WT_H","16","17622","19.5637105157684","1.22273190723553","1.22273190723553","1.60802157339419","0.778575574652391","5.43872692052601","33"
"C8","HOM_H","16","22666","25.1634923703557","1.57271827314723","1.57271827314723","2.00773050318763","0.559552259436645","5.74034886984316","33"
"D1","WT","16","136127","151.126388683464","9.44539929271652","9.44539929271652","6.02014798260493","0.105586218368097","0.534165838314535","33"
"D2","HOM","16","109691","121.777492349629","7.61109327185179","7.61109327185179","4.30851660853239","0.131177988551539","0.499059102677379","33"
"D3","WT_H","16","31086","34.5112646177039","2.15695403860649","2.15695403860649","2.31640340132407","0.456933704073705","2.38460177854333","33"
"D4","HOM_H","15","77135","85.6342532421858","5.35214082763661","5.70895021614572","3.32511993978098","0.174912207709933","0.505733277089851","33"
"D5","WT","16","32060","35.5925864904969","2.22453665565605","2.22453665565605","4.11396612553765","0.442913593050181","2.24192394241442","33"
"D6","HOM","16","81859","90.8787753439047","5.67992345899404","5.67992345899404","3.01971489841304","0.175802391061056","0.580188398012692","33"
"D7","WT_H","16","14611","16.2209382786229","1.01380864241393","1.01380864241393","1.00045350017783","0.957749385501199","4.33449138585985","33"
"D8","HOM_H","16","7314","8.11990572649701","0.507494107906063","0.507494107906063","0.766924177899616","1.90140823987531","10.8610884066614","33"
"E1","WT","16","67578","75.0241986854273","4.6890124178392","4.6890124178392","3.07788074087091","0.212863536208224","0.948522722287576","33"
"E2","HOM","16","122106","135.560460574193","8.47252878588703","8.47252878588703","3.79122563367213","0.117664209177001","0.547073953976535","33"
"E3","WT_H","16","64991","72.1521456208323","4.50950910130202","4.50950910130202","4.70777557540166","0.220733779563832","1.06713015643578","33"
"E4","HOM_H","16","27493","30.522363705029","1.90764773156431","1.90764773156431","1.41006783822237","0.520633147977581","2.37118277162729","33"
"E5","WT","16","21478","23.8445905378319","1.4902869086145","1.4902869086145","1.35974190364831","0.658667874604883","2.55091655522595","33"
"E6","HOM","14","69280","76.9137364959957","4.80710853099973","5.49383832114255","4.45534588160334","0.181313134024197","0.778906097194071","33"
"E7","WT_H","16","35932","39.8912295002038","2.49320184376274","2.49320184376274","1.91391626128245","0.397322969242956","1.53981614865507","33"
"E8","HOM_H","16","15670","17.3966260232716","1.08728912645447","1.08728912645447","1.30026782561452","0.904145654285167","6.65861292327753","33"
"F1","WT","16","64419","71.5171188125801","4.46981992578626","4.46981992578626","2.93945407706935","0.220894461607844","1.13463059897593","33"
"F2","HOM","16","167275","185.706484878287","11.6066553048929","11.6066553048929","4.05868790169209","0.0853357558284457","0.452016161795229","33"
"F3","WT_H","16","29675","32.9447911449","2.05904944655625","2.05904944655625","2.45931620755722","0.47161469821201","2.88916117040326","33"
"F4","HOM_H","16","35436","39.3405768832579","2.45878605520362","2.45878605520362","2.92947571465958","0.395138050455392","3.21726674337927","33"
"F5","WT","13","83471","92.6683963489789","5.79177477181118","7.12833818069069","9.97085142969009","0.132043245199142","1.23321230502801","33"
"F6","HOM","15","51179","56.8182465376525","3.55114040860328","3.78788310251017","5.31351965526899","0.261979917547885","1.42004415065648","33"
"F7","WT_H","16","38184","42.3913700110148","2.64946062568842","2.64946062568842","2.51878529309255","0.373412116010532","1.6201431707814","33"
"F8",NA,NA,NA,NA,NA,NA,NA,NA,NA,"33"
"A1","WT","16","50347","55.7861870653877","3.48663669158673","3.48663669158673","2.14799799018267","0.284010411741869","1.24229402036019","35"
"A2","HOM","16","100124","110.94079475907","6.93379967244185","6.93379967244185","3.70120797918928","0.143703076469413","0.988241272730985","35"
"A3","WT_H","16","7155","7.92798316588573","0.495498947867858","0.495498947867858","0.351093577000377","1.97578445436476","7.74968327277607","35"
"A4","HOM_H","16","9379","10.3922507495237","0.649515671845233","0.649515671845233","0.684554386636616","1.495530913799","6.35945650097425","35"
"A5","WT","16","53693","59.4936687806992","3.7183542987937","3.7183542987937","3.27231653773004","0.266928903440021","1.24577609118498","35"
"A6","HOM","16","95591","105.91807670303","6.6198797939394","6.6198797939394","4.12666214453623","0.150593296692022","0.709714551013459","35"
"A7","WT_H","16","12773","14.1529180961367","0.884557381008547","0.884557381008547","0.764126321288641","1.07904868431371","4.98195975169469","35"
"A8","HOM_H","16","15546","17.2254963377861","1.07659352111163","1.07659352111163","1.20159242594713","0.91440966671539","2.85302307151155","35"
"B1","WT","16","71451","79.1701362942979","4.94813351839362","4.94813351839362","3.59720607267781","0.201362460313012","0.931952458903429","35"
"B2","HOM","16","112383","124.524183386686","7.78276146166785","7.78276146166785","4.34810277002259","0.128288480888072","0.546287944490256","35"
"B3","WT_H","16","20775","23.0194060476976","1.4387128779811","1.4387128779811","0.844088137118949","0.688040684189508","2.96566787592395","35"
"B4","HOM_H","16","19236","21.314141744092","1.33213385900575","1.33213385900575","1.57106619758898","0.707227454515089","3.93673172246219","35"
"B5","WT","15","29043","32.1806310393877","2.01128943996173","2.14537540262585","1.45740495780213","0.463220733053603","1.54522588725375","35"
"B6","HOM","16","33722","37.3651220573024","2.3353201285814","2.3353201285814","2.20846214826224","0.422593218692814","2.08235540726452","35"
"B7","WT_H","16","13841","15.336298392596","0.95851864953725","0.95851864953725","0.775431228517299","0.998725947394575","4.67786157686613","35"
"B8","HOM_H","16","47422","52.5451876579501","3.28407422862188","3.28407422862188","3.9189870825764","0.299895944465679","2.07816971224789","35"
"C1","WT","15","107661","119.292046907397","7.4557529317123","7.95280312715978","5.97213120035349","0.125433145534437","0.570090565288405","35"
"C2","HOM","16","80596","89.3031070912266","5.58144419320166","5.58144419320166","3.61002661158918","0.178963089923058","0.80403704802854","35"
"C3","WT_H","16","19910","22.0609566502844","1.37880979064277","1.37880979064277","0.791486586983859","0.720843026502463","3.03722045403789","35"
"C4","HOM_H","16","14462","16.0243874975597","1.00152421859748","1.00152421859748","1.06993327398508","0.951211921529143","4.85281589408062","35"
"C5","WT","14","22174","24.5695455933403","1.53559659958377","1.75496754238145","2.92201113519888","0.56267153011417","3.02198113595717","35"
"C6","HOM","16","40880","45.2964293251445","2.83102683282153","2.83102683282153","1.61458708625983","0.351692439462118","1.19449249577685","35"
"C7","WT_H","16","19953","22.1086021116587","1.38178763197867","1.38178763197867","1.66359498195433","0.707072567548277","4.64327082412393","35"
"C8","HOM_H","16","39109","43.3341011369147","2.70838132105717","2.70838132105717","2.2406604229661","0.365057196421098","1.76953852518939","35"
"D1","WT","16","82280","91.1690363227223","5.69806477017014","5.69806477017014","3.43335366151364","0.175013598730915","0.767052931324399","35"
"D2","HOM","16","87595","97.0582369553823","6.0661398097114","6.0661398097114","3.38634326357846","0.164389467367976","0.677306746493844","35"
"D3","WT_H","16","24537","27.1878299009557","1.69923936880973","1.69923936880973","1.7899331568159","0.577194548607316","2.3910013709163","35"
"D4","HOM_H","15","8296","9.19224994328274","0.574515621455171","0.612816662885516","0.316071557943335","1.58705748860403","9.07315292855447","35"
"D5","WT","16","32640","36.1662292850469","2.26038933031543","2.26038933031543","4.58251639622085","0.435715824242889","2.47210141995954","35"
"D6","HOM","16","69133","76.6017135160277","4.78760709475173","4.78760709475173","2.69054616074866","0.208286204305019","0.66213894967244","35"
"D7","WT_H","16","14878","16.4853296355063","1.03033310221915","1.03033310221915","0.922574130734753","0.947249486322164","5.37583026187224","35"
"D8","HOM_H","16","10354","11.4725838853362","0.717036492833515","0.717036492833515","0.686899080506315","1.28330854669762","4.56897922661103","35"
"E1","WT","16","51641","57.2199830425584","3.5762489401599","3.5762489401599","2.93255136190104","0.278339467036707","1.03909381250857","35"
"E2","HOM","16","101013","111.925836972134","6.99536481075834","6.99536481075834","3.39013586916044","0.142746784262107","0.616723307235935","35"
"E3","WT_H","16","107449","119.057143702482","7.4410714814051","7.4410714814051","7.10072602710428","0.134105498108496","0.49384061398274","35"
"E4","HOM_H","16","54735","60.6482401935368","3.79051501209605","3.79051501209605","2.85922077142394","0.261029467355398","1.09419992852087","35"
"E5","WT","16","29895","33.1246759949901","2.07029224968688","2.07029224968688","2.56120247255486","0.476082058656916","2.45100011452703","35"
"E6","HOM","15","54924","60.8576586167866","3.80360366354916","4.0571772411191","3.00980084801405","0.245697566518057","1.05264151554612","35"
"E7","WT_H","16","34380","38.0942084197277","2.38088802623298","2.38088802623298","1.54461741891824","0.416124718534222","1.68419489522999","35"
"E8","HOM_H","6","3329","3.68864513755885","0.230540321097428","0.614774189593142","0.80287393800302","1.27828252368944","3.6172002675719","35"
"F1","WT","16","67459","74.7468646243865","4.67167903902416","4.67167903902416","3.16159661900362","0.213248447574396","0.811690779220037","35"
"F2","HOM","16","91479","101.361840954865","6.33511505967908","6.33511505967908","2.24621378921834","0.157321983055553","0.941316944036292","35"
"F3","WT_H","16","26298","29.1390777493309","1.82119235933318","1.82119235933318","2.41345572006844","0.541380886811506","3.2564965907426","35"
"F4","HOM_H","16","26160","28.986169059339","1.81163556620869","1.81163556620869","1.60773763644431","0.545741422258262","3.29744244766995","35"
"F5","WT","7","10896","12.0731383054495","0.754571144090592","1.72473404363564","1.92592678453792","0.540612969165213","5.13310116694464","35"
"F6","HOM","15","35951","39.8349298108676","2.48968311317923","2.65566198739118","4.20138546453573","0.368080454001558","2.17713964594688","35"
"F7","WT_H","16","38151","42.2726045788549","2.64203778617843","2.64203778617843","3.07874054339253","0.374383446127704","1.96051971742203","35"
"F8",NA,NA,NA,NA,NA,NA,NA,NA,NA,"35"
