"recording time (s): [160.75065017 ,1063]"
" "
"Spike statistics for wells"
"","treatment","nAE","nspikes_by_well","meanfiringrate_by_well","meanfiringrate_by_all_ectctordes","meanfiringrate_by_active_electordes","sdfiringrate_by_active_electordes","meanisis","sdisis"
"A1","WT","16","62382","69.1213823168926","4.32008639480579","4.32008639480579","3.18424988804453","0.231213981223904","0.888619721074666"
"A2","HOM","16","47278","52.3856354906551","3.27410221816594","3.27410221816594","2.80565100141001","0.30429112956117","1.26191009878215"
"A3","WT","16","80498","89.1945278084258","5.57465798802661","5.57465798802661","2.33627823783798","0.179153526102607","0.530565941910854"
"A4","HOM","16","97222","107.725289853049","6.73283061581559","6.73283061581559","7.61293453928414","0.147994442479271","0.753045690294634"
"A5","WT","16","61389","68.021104470067","4.25131902937919","4.25131902937919","2.70457513374371","0.234603589117038","0.835560596789773"
"A6","HOM_G","16","79141","87.690925554506","5.48068284715663","5.48068284715663","5.79381470968795","0.181719827030269","0.670796321720314"
"A7","WT_G","16","71884","79.6499221965872","4.9781201372867","4.9781201372867","4.09236736626668","0.199920302473145","0.879446873114947"
"A8","HOM","16","55223","61.1889662993453","3.82431039370908","3.82431039370908","6.06926529467498","0.260026277387107","1.55893785507886"
"B1","HOM","16","84159","93.2510405951615","5.82819003719759","5.82819003719759","6.06932844191696","0.170083853869009","0.938322161745127"
"B2","WT","16","47605","52.7479626365886","3.29674766478679","3.29674766478679","1.91121406094512","0.299611309843031","1.13728676110631"
"B3","HOM","13","75310","83.4460469732484","5.21537793582802","6.41892669024987","7.21258326164758","0.155337771009204","0.952109126192899"
"B4","WT","16","55622","61.6310718994293","3.85194199371433","3.85194199371433","1.83106973063424","0.256359592256771","1.0067622120284"
"B5","HOM","16","55008","60.9507389709792","3.8094211856862","3.8094211856862","4.75379192739519","0.260352716760983","1.53315835931466"
"B6","WT_G","16","42515","47.1080691417827","2.94425432136142","2.94425432136142","1.4796965700378","0.335189227606767","1.43918614014067"
"B7","HOM_G","16","46914","51.9823110835609","3.24889444272256","3.24889444272256","2.83125286017273","0.30580436601305","1.23029061990128"
"B8","WT","16","46120","51.1025320197346","3.19390825123341","3.19390825123341","2.6126709733629","0.310867051721543","1.6786877549133"
"C1","WT","16","41686","46.1895088849666","2.88684430531041","2.88684430531041","2.57931838234458","0.34587937486897","1.24970852579393"
"C2","HOM","16","79299","87.8659949400029","5.49162468375018","5.49162468375018","3.05900659971563","0.181510061963094","0.593145077239101"
"C3","WT","15","88642","98.2183574001153","6.13864733750721","6.54789049334102","3.65661078542434","0.147067117269568","0.636236480859674"
"C4","HOM","16","107744","119.384024499876","7.46150153124226","7.46150153124226","5.72234574592375","0.131850413185244","0.593510620242734"
"C5","WT","16","72422","80.2460445345451","5.01537778340907","5.01537778340907","3.01495874768615","0.18636349097782","0.838989802514742"
"C6","HOM_G","16","71319","79.0238829383229","4.93899268364518","4.93899268364518","4.4146700931463","0.201283691508492","0.806075868365142"
"C7","WT_G","16","45182","50.0631960476073","3.12894975297546","3.12894975297546","1.88527606085753","0.31810874351127","1.50211189202747"
"C8","HOM","16","46961","52.0343886855758","3.25214929284849","3.25214929284849","3.33538784016625","0.305671798364043","1.31469253012458"
"D1","HOM","15","54078","59.9202672715353","3.74501670447096","3.99468448476902","5.77791650778718","0.248194261689695","1.43699491546791"
"D2","WT","16","63337","70.1795548684721","4.3862221792795","4.3862221792795","2.30483597317887","0.22572577724799","1.30192799801689"
"D3","HOM","16","92443","102.42999495881","6.40187468492564","6.40187468492564","5.17012117034701","0.15547129929988","0.689171993130255"
"D4","WT","16","88624","98.1984127865776","6.1374007991611","6.1374007991611","2.71472469467764","0.155225397734177","0.753104871529362"
"D5","HOM","16","64095","71.0194447052231","4.43871529407645","4.43871529407645","1.93847825467202","0.222933265724652","0.829721880696138"
"D6","WT_G","16","59769","66.2260892516808","4.13913057823005","4.13913057823005","1.67191169613952","0.240287148382843","1.19414975526411"
"D7","HOM_G","16","70700","78.3380098394457","4.89612561496536","4.89612561496536","3.09756635170675","0.202633253075661","0.741652835952524"
"D8","WT","16","39772","44.0687316454659","2.75429572784162","2.75429572784162","2.81294296614464","0.360617515238203","1.41581739552405"
"E1","WT","16","53758","59.5656963641998","3.72285602276249","3.72285602276249","5.7527645470302","0.266181979206393","1.27556065149067"
"E2","HOM","16","78916","87.4416178852857","5.46510111783036","5.46510111783036","7.27803278378089","0.182434396623321","0.84864364149451"
"E3","WT","16","57009","63.1679151759118","3.94799469849449","3.94799469849449","2.61495591771006","0.252479803966277","0.979486365558989"
"E4","HOM","16","82174","91.0515929355957","5.69072455847473","5.69072455847473","3.91123850652428","0.175640327753718","0.540015290374908"
"E5","WT","16","57071","63.236613289208","3.9522883305755","3.9522883305755","2.44554381696123","0.251978426280782","1.02668974948899"
"E6","HOM_G","16","53092","58.8277456633077","3.67673410395673","3.67673410395673","2.50913707418318","0.270504224449846","0.997051955041398"
"E7","WT_G","16","91157","101.005063124956","6.31281644530972","6.31281644530972","4.91499104164613","0.158024647724734","0.732822708283119"
"E8","HOM","15","45014","49.8770463212562","3.11731539507851","3.32513642141708","3.59638295506421","0.299579928002844","0.948169919913906"
"F1","HOM","15","55246","61.21445108331","3.82590319270688","4.080963405554","6.45719727018246","0.243887251384005","0.871648241019426"
"F2","WT","16","57815","64.0609906487632","4.0038119155477","4.0038119155477","2.11591797262062","0.249776517975744","1.01909142457734"
"F3","HOM","16","126870","140.576284417687","8.78601777610545","8.78601777610545","8.63625107344279","0.113708064988254","0.498950553337528"
"F4","WT","16","83797","92.8499322562381","5.80312076601488","5.80312076601488","2.76900834137119","0.172155315651401","0.567658989040303"
"F5","HOM","16","59331","65.7407703222653","4.10879814514158","4.10879814514158","5.01881524790222","0.240959486050915","1.1521478030128"
"F6","WT_G","16","35109","38.9019687051358","2.43137304407099","2.43137304407099","1.58013413618822","0.409613042351751","1.56086492284206"
"F7","HOM_G","15","48069","53.2620904522251","3.32888065326407","3.55080603014834","4.89747335528712","0.280230346010322","1.23041384754179"
"F8","WT","16","38749","42.9352127760776","2.68345079850485","2.68345079850485","2.96977781341297","0.370842126378282","1.32923242759504"
" "
"Spike statistics for electrodes"
"electrode","nspikes","meanfiringrate","meanisis","sdisis"
"A1_11","375","0.415512782033835","2.3951282807754","4.78580078108943"
"A1_12","1647","1.8249321386926","0.5478991268226","1.60278359786989"
"A1_13","2825","3.13019629132156","0.319139882623938","1.20754627664807"
"A1_14","10659","11.8105353165297","0.0846376062638394","0.130912947511575"
"A1_21","3208","3.55457334603878","0.281025299625819","0.841248157841411"
"A1_22","6634","7.3506981226999","0.136050117141565","0.363954115441384"
"A1_23","3972","4.40111138730238","0.226920553371947","0.67511023739342"
"A1_24","2993","3.31634601767272","0.301398374592246","0.923792999680701"
"A1_31","8604","9.53352527098432","0.10487723488318","0.322216358542152"
"A1_32","3866","4.28365977424749","0.233363344711514","0.593743786370401"
"A1_33","2688","2.97839562161853","0.335550684276144","1.04573245209175"
"A1_34","5848","6.47978333155698","0.154335772572259","0.316952639244804"
"A1_41","5345","5.92244218658893","0.168729145855165","0.648957297396224"
"A1_42","1265","1.4016631180608","0.712002486218354","1.94073881163375"
"A1_43","1364","1.51135849251774","0.661063948026412","1.65125722690773"
"A1_44","1089","1.20664911902626","0.828561186544118","2.09345325037422"
"A2_11","6836","7.57452100795546","0.132024617436723","0.230754175396915"
"A2_12","1796","1.99002921742072","0.498908475214485","1.44415453262248"
"A2_13","900","0.997230676881205","0.99468101567297","2.70874593624621"
"A2_14","794","0.879779063826307","1.13401224746532","1.83030323092209"
"A2_21","2307","2.55623463507215","0.390728877805724","0.729821338288986"
"A2_22","107","0.118559647140321","8.46339604367924","9.97032864014463"
"A2_23","5884","6.51967255863223","0.153303960781914","0.228927610720588"
"A2_24","2837","3.14349270034664","0.317618714023272","0.532787397508733"
"A2_31","2614","2.89640109929719","0.343962580516648","0.627064614451011"
"A2_32","3178","3.52133232347608","0.283761211221278","0.537827949617225"
"A2_33","7931","8.78781833149426","0.113765163809584","0.169367717915295"
"A2_34","597","0.661496348997866","1.50036741389262","4.08933510158712"
"A2_41","4410","4.8864303167179","0.204555253846677","0.325665065271217"
"A2_42","187","0.207202373974206","4.8072262644086","8.45335129732273"
"A2_43","5999","6.64709647845594","0.150423712267422","0.244914697456992"
"A2_44","901","0.998338710966628","0.993626506111111","3.16021963101704"
"A3_11","5895","6.53186093357189","0.15280609758568","0.341443401696106"
"A3_12","2872","3.18227389333647","0.313821818902821","0.811065993414764"
"A3_13","2453","2.71800761154399","0.366462841349918","1.2278561389452"
"A3_14","1426","1.580056605814","0.630637431417544","1.92781738753151"
"A3_21","8143","9.02272155760406","0.110829880070007","0.242539860947674"
"A3_22","8074","8.94626720570983","0.111682652144184","0.386994370965159"
"A3_23","4728","5.2387851558826","0.190796371207954","0.409766699170466"
"A3_24","5852","6.48421546789868","0.154114245954538","0.329928409706684"
"A3_31","3232","3.58116616408895","0.279174843587125","0.582227774054787"
"A3_32","4208","4.66260743146234","0.214090652022819","0.652693200620895"
"A3_33","5373","5.95346714098079","0.16797923299516","0.379548674809625"
"A3_34","7781","8.62161321868073","0.115838266661954","0.251713147973883"
"A3_41","3509","3.88809160575128","0.256469931490878","0.698023597019008"
"A3_42","6202","6.87202739779692","0.145454098211579","0.31485974986636"
"A3_43","7165","7.93906422205981","0.1259230643244","0.194053803656394"
"A3_44","3585","3.97230219624347","0.251704738630022","0.402392362243322"
"A4_11","6321","7.00388345396233","0.142779723789557","0.20406992361276"
"A4_12","14086","15.6077681272763","0.0640217627802627","0.104101027464047"
"A4_13","2618","2.90083323563888","0.343958205796714","0.830373601894673"
"A4_14","5126","5.67978272188117","0.176068969910244","0.193324824623889"
"A4_21","1716","1.90138649058683","0.524736612833819","1.01787345379449"
"A4_22","22386","24.8044510362918","0.0403098460040205","0.0545227694743175"
"A4_23","19157","21.2266089744592","0.0471113786594279","0.0595597360068968"
"A4_24","1213","1.34404534561878","0.739594300008251","2.09107413303126"
"A4_31","10504","11.6387900332891","0.0858934649376369","0.127119986867547"
"A4_32","2898","3.21108277955748","0.310049568881602","0.789500504336216"
"A4_33","4312","4.77784297634639","0.209060126854558","0.438026541748694"
"A4_34","954","1.05706451749408","0.943520335204617","2.91931622757495"
"A4_41","71","0.0786704200650728","12.6589795418571","12.5010710234798"
"A4_42","821","0.909695984132743","1.08630153563415","2.73017955568244"
"A4_43","1255","1.39058277720657","0.717043375031898","1.53904277393258"
"A4_44","3784","4.19280097924275","0.238269699471319","0.384057915260272"
"A5_11","969","1.07368502877543","0.927271491632231","2.27752258203032"
"A5_12","546","0.604986610641264","1.64672630510092","3.37550384629096"
"A5_13","4047","4.48421394370915","0.222842699438952","0.493985526201825"
"A5_14","6199","6.86870329554065","0.14552138231849","0.24231469416509"
"A5_21","1038","1.15013938066966","0.865469323741562","2.579334084081"
"A5_22","7178","7.95346866517032","0.125654952280897","0.23189616191111"
"A5_23","4741","5.2531895989931","0.189872501082278","0.5851796009482"
"A5_24","8009","8.8742449901573","0.112488002973277","0.328544268496984"
"A5_31","5063","5.60997657449949","0.178148911519162","0.42762733386831"
"A5_32","4663","5.16676294033006","0.193439798382668","0.542338294166605"
"A5_33","2571","2.84875563362397","0.349236033587549","1.29929688821262"
"A5_34","2402","2.66149787318739","0.37507207908788","0.647984480291184"
"A5_41","1626","1.80166342289871","0.552336401236923","1.50989505415363"
"A5_42","3388","3.75401948141502","0.266034006341896","0.749887630024812"
"A5_43","1671","1.85152495674277","0.537443988125749","1.59634767113211"
"A5_44","7278","8.06427207371268","0.123918564097843","0.193916591139739"
"A6_11","489","0.541828667772121","1.83185397536885","2.55063251810578"
"A6_12","10404","11.5279866247467","0.0867446517754494","0.0731996987874998"
"A6_13","140","0.155124771959299","6.36468959021583","6.34287407216211"
"A6_14","387","0.428809191058918","2.31419984088083","2.91126035899765"
"A6_21","939","1.04044400621272","0.959772805127932","1.26758912080036"
"A6_22","5770","6.39335667289395","0.156353628628878","0.148360206192795"
"A6_23","8878","9.83712661039037","0.101636120177988","0.163151941791575"
"A6_24","501","0.555125076797204","1.8043849285","1.65541716198153"
"A6_31","652","0.722438223696162","1.36432885384025","2.53702418831805"
"A6_32","6459","7.15679215775078","0.139738312463611","0.244071212579776"
"A6_33","10344","11.4615045796213","0.0872377908411486","0.101140911415568"
"A6_34","756","0.837673768580212","1.18962077741722","1.36945758728893"
"A6_41","3277","3.63102769793301","0.274678904407814","0.425928047378028"
"A6_42","18109","20.0653892529353","0.0498366303578529","0.0479670626828088"
"A6_43","2947","3.26537644974323","0.306125766866938","0.504357970853305"
"A6_44","9089","10.0709218024147","0.099291717209507","0.143141596268997"
"A7_11","500","0.55401704271178","1.79359415364729","4.12486766592681"
"A7_12","275","0.304709373491479","3.23661055164234","5.05225268116899"
"A7_13","923","1.02271546084595","0.970729299869848","2.78938439877731"
"A7_14","795","0.880887097911731","1.13020588002519","1.75070989404964"
"A7_21","116","0.128531953909133","7.68464771278261","8.42716695794747"
"A7_22","2559","2.83545922459889","0.350316402587959","1.00639660735437"
"A7_23","5179","5.73850852840862","0.174151202410197","0.435900177814016"
"A7_24","11095","12.2936381777744","0.081287309133766","0.130391935066376"
"A7_31","2034","2.25374132975152","0.442813008568618","0.874633487637538"
"A7_32","8817","9.76953653117954","0.10232113396098","0.198451055452423"
"A7_33","10076","11.1645514447278","0.0895084751990074","0.225693288393114"
"A7_34","7522","8.33463239055602","0.11969513710012","0.281354016069539"
"A7_41","7744","8.58061595752005","0.116483100455896","0.188614429880284"
"A7_42","3937","4.36233019431256","0.228784885881606","0.758985434376924"
"A7_43","5729","6.34792727539158","0.157335753638268","0.340530436731191"
"A7_44","4583","5.07812021349618","0.196916047800087","0.272300478010222"
"A8_11","182","0.201662203547088","4.91883007044199","7.35793533465139"
"A8_12","25","0.027700852135589","37.0923396545833","35.4050232685292"
"A8_13","411","0.455402009109084","2.19604383082927","4.07895346645656"
"A8_14","1554","1.72188496874821","0.577586945389569","1.20381403245939"
"A8_21","109","0.120775715311168","8.24291592666667","10.5183300532971"
"A8_22","5627","6.23490779867838","0.160387902074298","0.23397167419196"
"A8_23","2093","2.31911534079151","0.429245126821224","1.24644837279583"
"A8_24","2932","3.24875593846188","0.306833958611395","0.59450191875919"
"A8_31","620","0.686981132962608","1.44782803473344","3.33261338260491"
"A8_32","1639","1.81606786600922","0.547479869725275","1.16864674716951"
"A8_33","21902","24.2681625389468","0.0412075204031779","0.07719524792217"
"A8_34","1751","1.94016768357666","0.51298007744","1.4896565370355"
"A8_41","2795","3.09695526875885","0.321327198124553","1.26026606466845"
"A8_42","1076","1.19224467591575","0.835158293162791","1.47481730425625"
"A8_43","3063","3.39390840365237","0.293787756211626","0.74602360963826"
"A8_44","9444","10.4642739027401","0.0952183970200148","0.238905373457471"
"B1_11","228","0.252631771476572","3.88097924704846","5.87330602567814"
"B1_12","10748","11.9091503501324","0.0839456237349958","0.135565223073515"
"B1_13","4210","4.66482349963319","0.214154003687337","0.481199440727468"
"B1_14","97","0.107479306286085","9.19124959697917","11.0524605632588"
"B1_21","11997","13.2930849228265","0.0752244183702901","0.0824945497897999"
"B1_22","3090","3.4238253239588","0.290905281430884","0.673175340358852"
"B1_23","2630","2.91412964466396","0.343126273096234","0.663046639237545"
"B1_24","312","0.345706634652151","2.80335534363344","5.54228342013541"
"B1_31","1011","1.12022246036322","0.88086282350495","2.26624130745699"
"B1_32","11262","12.4786798700401","0.0801282687807477","0.103661557621413"
"B1_33","790","0.875346927484613","1.13321650366286","2.910138255221"
"B1_34","16603","18.3966899202874","0.0543483346169136","0.0498727527103929"
"B1_41","188","0.208310408059629","4.70225582679144","6.33175930714705"
"B1_42","1352","1.49806208349265","0.664138171850481","1.30469814143152"
"B1_43","9670","10.7146896060458","0.0933287625690351","0.146787599447418"
"B1_44","9971","11.0482078657583","0.0904916299618857","0.104448120185955"
"B2_11","581","0.643767803631089","1.52610033001724","3.60302257217615"
"B2_12","5311","5.88476902768453","0.168799489265537","0.703927001624343"
"B2_13","5270","5.83933963018217","0.170133955951794","0.584426611624506"
"B2_14","2568","2.8454315313677","0.348407908589794","0.957026448131814"
"B2_21","2781","3.08144279156292","0.321210631658273","1.30403240007885"
"B2_22","2777","3.07701065522123","0.320097394153458","1.09939565097887"
"B2_23","1077","1.19335271000117","0.822625179405205","2.38808030147883"
"B2_24","3989","4.41994796675458","0.222464637720662","0.849954759524111"
"B2_31","3935","4.36011412614171","0.227350893853584","0.877288689591568"
"B2_32","2104","2.33130371573117","0.424578081512126","1.37834511206144"
"B2_33","869","0.962881620233074","1.01973702686636","2.57137917892029"
"B2_34","3010","3.33518259712492","0.297156791977401","0.498017474394173"
"B2_41","1047","1.16011168743847","0.846308106873805","2.87276818401331"
"B2_42","6042","6.69474194412915","0.147948019356067","0.411619120019953"
"B2_43","4539","5.02936671373754","0.196936585456148","0.538208158257998"
"B2_44","1705","1.88919811564717","0.523942195575117","1.37849964553588"
"B3_11","4260","4.72022520390437","0.211775225186664","0.388141882351897"
"B3_12","38","0.0421052952460953","23.8573923305405","31.078209355922"
"B3_13","2811","3.11468381412563","0.320887722476868","0.491866048298711"
"B3_14",NA,NA,NA,NA
"B3_21","4082","4.52299513669898","0.220517825682431","0.291044357799378"
"B3_22","2811","3.11468381412563","0.320283606024911","0.541732633747231"
"B3_23","11517","12.7612285618232","0.0783287414753387","0.151025512545609"
"B3_24",NA,NA,NA,NA
"B3_31","4761","5.27535028070157","0.189472206819328","0.298290616745805"
"B3_32","21447","23.7640070300791","0.042067102031148","0.0627737680780262"
"B3_33",NA,NA,NA,NA
"B3_34","16072","17.8083238209275","0.0561504828118972","0.0746835761798556"
"B3_41","1407","1.55900395819095","0.640442114345661","1.16220383964551"
"B3_42","1893","2.0975085237068","0.475636480412262","0.608892729210285"
"B3_43","3852","4.26814729705156","0.234227120368735","0.313532522140404"
"B3_44","359","0.397784236667058","2.51203301315642","2.96688721717395"
"B4_11","899","0.996122642795781","0.983279840812918","3.13053066826315"
"B4_12","2678","2.9673152807643","0.331105093440418","1.43744081043638"
"B4_13","1790","1.98338101290817","0.497443169334824","1.91460764617032"
"B4_14","2384","2.64155325964977","0.377788824993705","1.15060050761295"
"B4_21","2497","2.76676111130263","0.357411702123397","0.844394677166061"
"B4_22","2972","3.29307730187882","0.299186442982161","1.21061028565399"
"B4_23","5734","6.3534674458187","0.155500111400663","0.357412898860472"
"B4_24","5668","6.28033719618074","0.158244664314452","0.543654789481322"
"B4_31","3507","3.88587553758043","0.253529734144324","0.950853302068358"
"B4_32","4860","5.38504565515851","0.183712779860054","0.590715747406315"
"B4_33","3235","3.58449026634522","0.275472563704391","0.874806134424004"
"B4_34","1842","2.0409987853502","0.482847036898425","1.4445009639101"
"B4_41","6145","6.80886945492778","0.145289013888346","0.4818463443466"
"B4_42","1961","2.1728548415156","0.453523390214286","1.77298894346988"
"B4_43","3903","4.32465703540816","0.228563510507432","0.62138477230836"
"B4_44","5547","6.14626507184449","0.160763144186801","0.661386510252234"
"B5_11","92","0.101939135858968","9.7806792621978","10.5948477641496"
"B5_12","16802","18.6171887032867","0.0536065529123266","0.0744001669942421"
"B5_13","2725","3.0193928827792","0.329004564720998","1.10317525654305"
"B5_14","5751","6.3723040252709","0.156490133166957","0.250472374329255"
"B5_21","7353","8.14737463011944","0.122383591656692","0.169621350645884"
"B5_22","5698","6.31357821874345","0.15779271306126","0.389383990139514"
"B5_23","1687","1.86925350210955","0.531491102769869","1.16753298055519"
"B5_24","1929","2.13739775078205","0.465749247723029","1.03936880998058"
"B5_31","4879","5.40609830278155","0.184444105325953","0.451699393606756"
"B5_32","4710","5.21884054234497","0.190671171537481","0.405650562686419"
"B5_33","778","0.86205051845953","1.15189204638353","2.7714821600494"
"B5_34","1071","1.18670450548863","0.840541353392523","1.64171202619922"
"B5_41","182","0.201662203547088","4.91736424016575","6.8862743996383"
"B5_42","88","0.0975069995172733","9.99744556022988","12.2059332836753"
"B5_43","1232","1.36509799324183","0.727857135434606","1.3282978972276"
"B5_44","31","0.0343490566481304","29.667850169","30.4814946552597"
"B6_11","1618","1.79279915021532","0.539412970636982","2.0929749327383"
"B6_12","857","0.949585211207992","1.04453694628505","2.83600088351203"
"B6_13","1349","1.49473798123638","0.663417411001484","2.31125008672066"
"B6_14","1758","1.94792392217462","0.5089018080535","1.98962654762177"
"B6_21","1175","1.30194005037268","0.742817935485519","2.46467124105786"
"B6_22","3520","3.90027998069093","0.254114071980676","1.41848766692808"
"B6_23","2733","3.02825715546259","0.327296884414348","1.47036899346268"
"B6_24","2180","2.41551430622336","0.413470554309316","1.09134310844714"
"B6_31","3690","4.08864577521294","0.242411586359447","1.22913900907106"
"B6_32","3231","3.58005813000353","0.276933408547988","1.32916170122348"
"B6_33","3510","3.8891996398367","0.254941538424052","1.14545234628048"
"B6_34","815","0.903047779620202","1.07131805375921","3.04604521610264"
"B6_41","5356","5.93463056152859","0.167777440461251","0.766766878892552"
"B6_42","3033","3.36066738108966","0.294932293733509","1.44529903923429"
"B6_43","4542","5.03269081599381","0.198650444025545","0.515657493369267"
"B6_44","3148","3.48809130091337","0.279267161026374","0.673355270732283"
"B7_11","1061","1.1756241646344","0.841559607433962","3.16852510801908"
"B7_12","1031","1.14238314207169","0.865673329223301","3.28116086253516"
"B7_13","4133","4.57950487505558","0.217934381986931","0.551575279678789"
"B7_14","4922","5.45374376845477","0.18290228785003","0.441539085627748"
"B7_21","1738","1.92576324046615","0.514083416476684","1.41493332061696"
"B7_22","515","0.570637553993134","1.73460960169261","3.90540541604891"
"B7_23","2534","2.8077583724633","0.35215786500987","0.97629143649009"
"B7_24","1914","2.1207772395007","0.469995167229483","1.13738919731265"
"B7_31","735","0.814405052786317","1.22626551051771","2.74013190380466"
"B7_32","4179","4.63047444298506","0.214191866273337","0.581724086901015"
"B7_33","10859","12.0321421336144","0.0830289657542825","0.111748080012888"
"B7_34","2279","2.5252096806803","0.391402707787533","2.0974772894611"
"B7_41","636","0.704709678329385","1.40427993777953","3.36728574754235"
"B7_42","3896","4.31690079681019","0.231419752924262","0.321719129187653"
"B7_43","3919","4.34238558077493","0.229576759338948","0.575019939901105"
"B7_44","2563","2.83989136094059","0.351672420382514","0.615647465007629"
"B8_11","1312","1.45374072007571","0.685626058878719","1.93009228513265"
"B8_12","2218","2.45761960146946","0.405564137469553","1.56023059523024"
"B8_13","120","0.132964090250827","7.43956075596639","9.99658811244757"
"B8_14","256","0.283656725868432","3.47221790917647","5.48716832343568"
"B8_21","2377","2.6337970210518","0.379575153455387","0.589957795337625"
"B8_22","1951","2.16177450066137","0.460979038220513","1.78589349270415"
"B8_23","5677","6.29030950294955","0.158868047084214","0.317451055552589"
"B8_24","7771","8.61053287782649","0.116119607249678","0.265220845697179"
"B8_31","3585","3.97230219624347","0.251745210242746","0.554302399944306"
"B8_32","4684","5.19003165612396","0.192394558285287","0.519479585277765"
"B8_33","4753","5.26648600801818","0.189432330267256","0.660995149869139"
"B8_34","2149","2.38116524957523","0.418479411112663","1.37906317380056"
"B8_41","35","0.0387811929898246","25.3675445794118","32.4047929267617"
"B8_42","227","0.251523737391148","3.95949527318584","6.75523537567669"
"B8_43","6075","6.73130706894813","0.148009348654923","0.463813228397063"
"B8_44","2930","3.24653987029103","0.307295915827928","1.06526835711976"
"C1_11","859","0.951801279378839","1.04771465497669","2.55820187904069"
"C1_12","3351","3.71302222025435","0.269249198158209","0.597047148402499"
"C1_13","1708","1.89252221790344","0.528401189531341","1.27598954168527"
"C1_14","1663","1.84266068405938","0.542415028748496","1.62100488308722"
"C1_21","3446","3.81828545836959","0.261732507817126","0.654754276751094"
"C1_22","849","0.940720938524603","1.06164269633255","3.08323701431259"
"C1_23","7544","8.35900914043534","0.119563260585974","0.2458536375651"
"C1_24","1133","1.25540261878489","0.794165089452297","2.58111380623269"
"C1_31","1088","1.20554108494083","0.827448805731371","1.63957990101733"
"C1_32","3526","3.90692818520348","0.255729427977305","0.72218805158001"
"C1_33","2847","3.15457304120088","0.316831106461701","0.893520620527815"
"C1_34","439","0.486426963500943","2.05239041474886","4.291916385271"
"C1_41","188","0.208310408059629","4.80699251716578","6.88486066622296"
"C1_42","1742","1.93019537680784","0.517852681723148","0.820091775939223"
"C1_43","8160","9.04155813705626","0.11056337096703","0.144534025898481"
"C1_44","3143","3.48255113048625","0.286914647832591","0.549235721851456"
"C2_11","3363","3.72631862927944","0.267726577578822","0.770361873028281"
"C2_12","5189","5.74958886926286","0.173656829136469","0.51064360279319"
"C2_13","3220","3.56786975506387","0.279979950506368","0.531655486982707"
"C2_14","1413","1.56565216270349","0.632282862478754","2.03493481371318"
"C2_21","5141","5.69640323316253","0.175302854986381","0.372529111575574"
"C2_22","7347","8.1407264256069","0.122641171690716","0.300552550738961"
"C2_23","4575","5.06925594081279","0.196780147861828","0.681071454370975"
"C2_24","8699","9.63878850909956","0.10373735744309","0.141443364563144"
"C2_31","3403","3.77063999269638","0.263700038065844","0.869037808959019"
"C2_32","10247","11.3540252733352","0.0879533700156159","0.19832096132299"
"C2_33","9529","10.5584568000011","0.0945690623215785","0.281209204248827"
"C2_34","4931","5.46371607522358","0.182841821407708","0.49688779267344"
"C2_41","2514","2.78559769075483","0.356691538885794","0.750735462458817"
"C2_42","2989","3.31191388133102","0.301236988370147","0.577100788129017"
"C2_43","5614","6.22050335556787","0.160593794865491","0.281030505484113"
"C2_44","1125","1.24653834610151","0.794145418540925","2.14650472304301"
"C3_11","1792","1.98559708107902","0.476069465840313","1.52235119000109"
"C3_12","4011","4.4443247166339","0.222952217408978","1.08446396086158"
"C3_13","10422","11.5479312382844","0.0864079970914499","0.338338707989119"
"C3_14","11348","12.5739708013866","0.0766786292315149","0.248744580506924"
"C3_21","4410","4.8864303167179","0.193539576697664","0.736750103315168"
"C3_22","4663","5.16676294033006","0.186112856803947","0.878284375518867"
"C3_23","10516","11.6520864423142","0.0811879692230147","0.306371815901785"
"C3_24","10431","11.5579035450532","0.0858240978609779","0.315953346733544"
"C3_31","5403","5.9867081635435","0.157945350327656","0.64497071416816"
"C3_32","4275","4.73684571518572","0.199513197767899","0.53330552536027"
"C3_33","5866","6.49972794509461","0.148044436424552","0.619667870532299"
"C3_34","4038","4.47424163694034","0.211347843549666","0.661330241170059"
"C3_41","2820","3.12465612089444","0.302508041990067","1.18652985870357"
"C3_42","7107","7.87479824510525","0.122157818955812","0.515051589791733"
"C3_43","1540","1.70637249155228","0.584042754223522","1.3877472251666"
"C3_44",NA,NA,NA,NA
"C4_11","7913","8.76787371795664","0.113998551356168","0.47616862052637"
"C4_12","10049","11.1346345244214","0.089503902281051","0.241734657987958"
"C4_13","525","0.581717894847369","1.67246813545802","2.76485805091144"
"C4_14","11877","13.1601208325756","0.0746045062344224","0.342348618289061"
"C4_21","3234","3.5833822322598","0.271152286118157","0.815091220306035"
"C4_22","1279","1.41717559525673","0.684842893622848","1.47083173438836"
"C4_23","1690","1.87257760436582","0.532356177104796","1.31873250891303"
"C4_24","4522","5.01053013428534","0.197323184987835","0.701820260380179"
"C4_31","18998","21.0504315548768","0.0473407344001684","0.173844069771717"
"C4_32","4519","5.00720603202907","0.196865004291722","0.598670459705796"
"C4_33","11018","12.2083195531968","0.0809754382109467","0.424334325521695"
"C4_34","10958","12.1418375080714","0.0823228354942046","0.349746615933113"
"C4_41","572","0.633795496862277","1.52599327595447","3.1407156550161"
"C4_42","6048","6.7013901486417","0.144993081695055","0.538932704703298"
"C4_43","4123","4.56842453420134","0.212017784027171","0.739653541074522"
"C4_44","10419","11.5446071360281","0.0856462391255519","0.384291103295565"
"C5_11","2872","3.18227389333647","0.290967226966214","0.886134179140746"
"C5_12","8245","9.13574103431726","0.101592584428675","0.542716763256082"
"C5_13","8761","9.70748662239582","0.095630874913242","0.368381163512205"
"C5_14","9386","10.4000079257855","0.0892516450580714","0.404903882923443"
"C5_21","6753","7.48255417886531","0.123746999249111","0.590817308943705"
"C5_22","3771","4.17839653613225","0.221584956657825","1.02778371828789"
"C5_23","2686","2.97617955344768","0.311681993582868","1.17487593073116"
"C5_24","2528","2.80111016795076","0.330575566683815","1.30978376902644"
"C5_31","3329","3.68864547037503","0.262325755733173","0.996026772343991"
"C5_32","1723","1.9091427291848","0.485082067950058","1.78417521148274"
"C5_33","2119","2.34792422701253","0.41203458023135","1.5504012064746"
"C5_34","3243","3.59335453902861","0.25765313541641","1.16792956661394"
"C5_41","3416","3.78504443580688","0.24530381520937","0.505130536923692"
"C5_42","931","1.03157973352934","0.898155026053764","2.34654863705374"
"C5_43","5181","5.74072459657947","0.169021388335907","0.727461245658106"
"C5_44","7478","8.28587889079739","0.112020907834693","0.359321589246561"
"C6_11","12126","13.4360213198461","0.0740911322127835","0.158217832063656"
"C6_12","1437","1.59224498075366","0.625425920083565","1.21907078034569"
"C6_13","1508","1.67091540081873","0.596014404333112","1.02469498938483"
"C6_14","2112","2.34016798841456","0.42555641843676","0.950332764967034"
"C6_21","11843","13.1224476736712","0.0758520856840061","0.197339763091363"
"C6_22","3595","3.9833825370977","0.249831970417362","0.623713740594527"
"C6_23","10761","11.9235547932429","0.0835807347611524","0.204190543733271"
"C6_24","4555","5.04709525910432","0.197048320410628","0.476231809914469"
"C6_31","2270","2.51523737391148","0.39550984193918","0.808614197173385"
"C6_32","8098","8.97286002376","0.11091942414104","0.255241551216689"
"C6_33","1616","1.79058308204447","0.556099995071207","1.25464785141683"
"C6_34","2134","2.36454473829388","0.420966962222222","0.976087140083056"
"C6_41","67","0.0742382837233786","13.3242680127273","14.1455267578586"
"C6_42","1964","2.17617894377187","0.456437040453388","0.980788501208683"
"C6_43","2492","2.76122094087551","0.36025981007226","0.703027284386021"
"C6_44","4741","5.2531895989931","0.190285374451477","0.504190960368837"
"C7_11","942","1.04376810846899","0.955838928777896","2.66418516074734"
"C7_12","2574","2.85207973588025","0.349570152728333","1.29646486503212"
"C7_13","5343","5.92022611841809","0.168375926145638","0.984512165077746"
"C7_14","2260","2.50415703305725","0.398164920925188","1.51373479794601"
"C7_21","1406","1.55789592410553","0.640166007402135","2.17295360062227"
"C7_22","1342","1.48698174263842","0.671429820290828","1.78530991464431"
"C7_23","4910","5.44044735942968","0.18342290294561","0.896421671340897"
"C7_24","3300","3.65651248189775","0.272642060197029","1.22962866611004"
"C7_31","2054","2.27590201145999","0.439301975621042","0.721582415565877"
"C7_32","712","0.788920268821575","1.26502042900141","3.07890276857515"
"C7_33","4548","5.03933902050635","0.197815366507587","1.06544824810143"
"C7_34","5169","5.72742818755439","0.174042641147446","1.02848672017463"
"C7_41","51","0.0565097383566016","17.4253578316","18.4068985522779"
"C7_42","3885","4.30471242187053","0.231594219855819","0.81100950003679"
"C7_43","4207","4.66149939737692","0.213920282349025","0.479636719182487"
"C7_44","2479","2.74681649776501","0.362969585589185","1.51706210168619"
"C8_11","432","0.478670724902978","2.06047137078886","5.97109361146268"
"C8_12","3061","3.39169233548152","0.294586869637255","0.536020649752816"
"C8_13","2633","2.91745374692024","0.342633759798632","0.585317474081136"
"C8_14","2488","2.75678880453382","0.362298272110977","0.664345757484216"
"C8_21","3539","3.92133262831398","0.254998249742793","0.356622502108137"
"C8_22","950","1.05263238115238","0.942064141717597","2.84021356898803"
"C8_23","662","0.733518564550397","1.34351591237519","4.28126916692384"
"C8_24","615","0.68144096253549","1.44675524413681","3.40511487320348"
"C8_31","6106","6.76565612559626","0.147788920615889","0.206129897605979"
"C8_32","1367","1.51468259477401","0.656932724531479","1.79107367929621"
"C8_33","819","0.907479915961896","1.09254050415648","2.66130918452605"
"C8_34","8677","9.61441175922024","0.103982782289073","0.141016593882641"
"C8_41","318","0.352354839164692","2.80107332460568","6.60813254560535"
"C8_42","2303","2.55180249873046","0.39112277324066","0.756877868758757"
"C8_43","2500","2.7700852135589","0.359866090912365","1.04514030187385"
"C8_44","10491","11.6243855901786","0.085963477122021","0.156386851931288"
"D1_11","8686","9.62438406598905","0.103906962858952","0.138284204169738"
"D1_12","595","0.659280280827019","1.51788089594276","2.30829658809852"
"D1_13","670","0.742382837233786","1.34761647415546","1.86355483760585"
"D1_14","1605","1.77839470710482","0.562160176683292","0.93862445889154"
"D1_21","3683","4.08088953661497","0.244895341613254","0.583483636658587"
"D1_22","3306","3.66316068641029","0.272596190242058","0.618168517339426"
"D1_23","20829","23.0792419652873","0.0433300403269637","0.0367381949639974"
"D1_24",NA,NA,NA,NA
"D1_31","732","0.811080950530046","1.22593679266758","3.65598945623502"
"D1_32","2193","2.42991874933387","0.411200182025547","1.29232257052558"
"D1_33","2325","2.57617924860978","0.387765908304647","0.803972545333584"
"D1_34","21","0.0232687157938948","40.125076235","47.1239163193544"
"D1_41","897","0.993906574624934","1.0054806196317","2.4989136281586"
"D1_42","1821","2.0177300695563","0.494991981637363","0.995166347670187"
"D1_43","2629","2.91302161057854","0.342842899672755","0.595771145150666"
"D1_44","4086","4.52742727304067","0.220742323586291","0.297772849036725"
"D2_11","4705","5.21330037191785","0.189620342495748","1.24546762399059"
"D2_12","3689","4.08753774112752","0.241863021163232","1.41139332285387"
"D2_13","2220","2.4598356696403","0.401943966200991","1.86797050577021"
"D2_14","1924","2.13185758035493","0.463801255033801","2.16763808572739"
"D2_21","3808","4.21939379729292","0.234283486627266","1.48682507521377"
"D2_22","8698","9.63768047501413","0.103643121881108","0.26282369267724"
"D2_23","2135","2.3656527723793","0.417954585454545","2.12058151105806"
"D2_24","2946","3.26426841565781","0.302873865565365","1.76541181523566"
"D2_31","1605","1.77839470710482","0.556100151178304","2.44437019085044"
"D2_32","5117","5.66981041511236","0.17435204918491","0.975129580313933"
"D2_33","4278","4.74016981744199","0.208542951458967","1.21336213527668"
"D2_34","3207","3.55346531195336","0.278210704488459","1.70140796454721"
"D2_41","2027","2.24598509115356","0.440231176396841","2.13675932657354"
"D2_42","4815","5.33518412131445","0.185290536877856","0.973263810725912"
"D2_43","3931","4.35568198980002","0.227508653844784","0.783376401178933"
"D2_44","8232","9.12133659120675","0.10963139398372","0.362955612545408"
"D3_11","3908","4.33019720583528","0.23021451015869","0.612843546075997"
"D3_12","5901","6.53850913808443","0.152772722271186","0.592806721556875"
"D3_13","13477","14.9329753692533","0.0669416504667557","0.159984032262666"
"D3_14","16626","18.4221747042521","0.0542838848096241","0.0702477467118145"
"D3_21","2025","2.24376902298271","0.445311344555336","1.26901547425904"
"D3_22","2752","3.04930980308564","0.326471909200291","0.936905459784582"
"D3_23","7817","8.66150244575597","0.115238916422723","0.371133463575062"
"D3_24","7619","8.44211169684211","0.118182106370438","0.398214016875971"
"D3_31","3624","4.01551552557498","0.248492044162296","0.887320000977623"
"D3_32","7979","8.84100396759459","0.113047659155177","0.203458430958392"
"D3_33","7700","8.53186245776142","0.117078573717366","0.337581031918649"
"D3_34","8907","9.86925959886766","0.101197910796093","0.347653810909918"
"D3_41","216","0.239335362451489","4.09532319655814","5.64643082100273"
"D3_42","1621","1.79612325247159","0.555509588592593","1.20767649536082"
"D3_43","1854","2.05429519437528","0.484671033718295","1.52072015607381"
"D3_44","417","0.462050213621625","2.11672461747596","4.20003045288117"
"D4_11","3259","3.61108308439538","0.259542090644567","1.09668967996808"
"D4_12","5637","6.24598813953261","0.150906585975869","0.81893693991226"
"D4_13","5044","5.58892392687644","0.168602675867539","0.694785512670092"
"D4_14","6802","7.53684784905106","0.124698467969416","0.508789756229968"
"D4_21","3554","3.93795313959534","0.238003890022516","1.18180911371775"
"D4_22","5644","6.25374437813058","0.158736868456495","0.92652746190401"
"D4_23","3729","4.13185910454446","0.226820713945815","0.878989975016438"
"D4_24","9760","10.814412673734","0.0923416777016088","0.572408967274525"
"D4_31","7274","8.05983993737098","0.116879976408635","0.545579139630107"
"D4_32","2383","2.64044522556435","0.354987950852225","1.40893405160098"
"D4_33","11319","12.5418378129093","0.0751439188566884","0.397503348358975"
"D4_34","4535","5.02493457739585","0.196017493061314","0.806247839851558"
"D4_41","4893","5.42161077997748","0.182052671700736","0.788916837586656"
"D4_42","3730","4.13296713862988","0.228037063689997","0.87978847702511"
"D4_43","3677","4.07424133210243","0.230029380647443","0.890930159854943"
"D4_44","7384","8.18172368676757","0.115161229179195","0.471920376492709"
"D5_11","2679","2.96842331484972","0.333736882195668","1.05371150661683"
"D5_12","3523","3.9036040829472","0.253193486360023","0.889992934001949"
"D5_13","3501","3.87922733306789","0.255024408414286","0.967064714658334"
"D5_14","1905","2.11080493273188","0.467946824921218","1.44568927125335"
"D5_21","4993","5.53241418851984","0.179095256484375","0.525301207588276"
"D5_22","4416","4.89307852123044","0.202509875537939","0.658042054045828"
"D5_23","2636","2.92077784917651","0.33929059829981","0.977818168387177"
"D5_24","2444","2.70803530477518","0.364715789300041","1.22937189227546"
"D5_31","2263","2.50748113531352","0.393895303669319","1.30689994419277"
"D5_32","8903","9.86482746252596","0.100443554399011","0.367619375077565"
"D5_33","4376","4.8487571578135","0.204361397296","0.690603809460359"
"D5_34","5347","5.92465825475978","0.167217858142536","0.646738880888102"
"D5_41","4610","5.10803713380262","0.193617585853764","0.7225981390375"
"D5_42","2600","2.88088862210126","0.34330420986918","1.22254597162365"
"D5_43","5546","6.14515703775907","0.160987625516682","0.627567003991913"
"D5_44","4353","4.82327237384876","0.205114600422794","0.859452267760851"
"D6_11","4344","4.81330006707995","0.206628838031315","1.03348286492339"
"D6_12","5971","6.61607152406408","0.150531019239531","0.748471672407245"
"D6_13","2414","2.67479428221248","0.371876121939494","1.60218407109016"
"D6_14","3381","3.74626324281706","0.265480892621302","1.17837547332561"
"D6_21","2594","2.87424041758872","0.346060538438103","1.57980245337023"
"D6_22","3927","4.35124985345832","0.228556129370861","1.17350716110125"
"D6_23","2284","2.53074985110741","0.393054472860272","1.63315205915994"
"D6_24","6363","7.05042088555012","0.141045808819554","0.700276811697816"
"D6_31","2893","3.20554260913036","0.310264336272476","1.369645704723"
"D6_32","1053","1.16675989195101","0.852946865979087","2.50183721487422"
"D6_33","2890","3.20221850687409","0.309821995375562","1.55749030648906"
"D6_34","4923","5.45485180254019","0.182320804221861","1.06755543413198"
"D6_41","3766","4.17285636570513","0.238340910711819","0.98909510922469"
"D6_42","5885","6.52078059271766","0.152510981709721","0.946557356726762"
"D6_43","4498","4.98393731623518","0.199848290791639","1.03699380775101"
"D6_44","2583","2.86205204264906","0.347538302412858","1.53640310286616"
"D7_11","4042","4.47867377328203","0.221876139324425","0.491179989652312"
"D7_12","5886","6.52188862680308","0.152275785772302","0.57266798298408"
"D7_13","2230","2.47091601049454","0.399048180910722","1.31675031490225"
"D7_14","10866","12.0398983722124","0.0825345628982973","0.199594541778146"
"D7_21","2210","2.44875532878607","0.402649500063377","1.17984623097751"
"D7_22","7162","7.93574011980354","0.125817485062142","0.194924525694317"
"D7_23","5708","6.32465855959768","0.157157445894515","0.417668551332045"
"D7_24","6035","6.68698570553119","0.149310094711634","0.289322129488817"
"D7_31","1208","1.33850517519166","0.741474132096106","2.08270667388304"
"D7_32","1895","2.09972459187765","0.467727693204857","1.6541870022924"
"D7_33","3172","3.51468411896353","0.282725842718385","0.643454345964697"
"D7_34","8168","9.05042240973964","0.110321416085466","0.187672368218125"
"D7_41","4463","4.94515612324535","0.201568060134469","0.506459959333503"
"D7_42","5020","5.56233110882628","0.179471188515641","0.573411747473143"
"D7_43","1378","1.52687096971367","0.643307978671024","2.01017414035199"
"D7_44","1257","1.39279884537742","0.709673330167197","1.97235815353039"
"D8_11","460","0.509695679294838","1.94950960328976","3.33795135018448"
"D8_12","195","0.216066646657594","4.54722387902062","6.85464049243966"
"D8_13","4640","5.14127815636532","0.193960628857512","0.683959885825917"
"D8_14","1796","1.99002921742072","0.49989197864624","1.75914369774734"
"D8_21","1630","1.8060955592404","0.54934212786372","1.73912269972981"
"D8_22","2500","2.7700852135589","0.360053912797119","1.44474751745752"
"D8_23","1422","1.5756244694723","0.625697594595355","1.97444047597634"
"D8_24","3118","3.45485027835066","0.288604079124158","0.961996832980992"
"D8_31","421","0.466482349963319","2.11676952928571","4.15726134666628"
"D8_32","1309","1.45041661781944","0.687374032377676","1.90554371608387"
"D8_33","3128","3.4659306192049","0.287586813744803","0.994629614319548"
"D8_34","10219","11.3230003189434","0.0883152340898415","0.163681426193366"
"D8_41","452","0.50083140661145","1.97129135086474","4.05804978904365"
"D8_42","2017","2.23490475029932","0.446163639826389","1.28458603937573"
"D8_43","1158","1.28310347092048","0.777105163336214","1.91124213533313"
"D8_44","5307","5.88033689134284","0.169965972340746","0.214470157702657"
"E1_11","318","0.352354839164692","2.80284846400631","6.26221414926617"
"E1_12","4063","4.50194248907593","0.221928469327917","0.337311352035296"
"E1_13","1581","1.75180188905465","0.571123221626582","0.666126654157831"
"E1_14","4136","4.58282897731185","0.218235418062878","0.332347159429046"
"E1_21","142","0.157340840130146","6.26156511489362","9.37603953472944"
"E1_22","2113","2.34127602249998","0.419444419786932","1.30063157733977"
"E1_23","14557","16.1296521815108","0.0619799080310525","0.082336741709013"
"E1_24","1242","1.37617833409606","0.718531690008058","1.65622289038464"
"E1_31","205","0.22714698751183","4.30506236720588","8.36621001705255"
"E1_32","1410","1.56232806044722","0.636162973683463","1.0449662604739"
"E1_33","17812","19.7363031295645","0.0506592552787603","0.0740841113180008"
"E1_34","597","0.661496348997866","1.48636496255034","3.61656019141232"
"E1_41","2537","2.81108247471957","0.355226021419558","0.682280451042104"
"E1_42","565","0.626039258264312","1.59961474097518","1.96491472324701"
"E1_43","2052","2.27368594328915","0.437605969702584","0.948379833363616"
"E1_44","428","0.474238588561284","2.07132341543325","4.68067352294311"
"E2_11","5828","6.45762264984851","0.154852440322636","0.344665820526706"
"E2_12","3612","4.0022191165499","0.248933573818887","0.607626003916073"
"E2_13","8406","9.31413452207045","0.10734903517906","0.19407414656908"
"E2_14","195","0.216066646657594","4.60145426835052","5.76417589270452"
"E2_21","8165","9.04709830748337","0.11050934533317","0.236046322054551"
"E2_22","1097","1.21551339170965","0.818159344069343","2.5222482686931"
"E2_23","26995","29.911380136009","0.0334311533462992","0.0451788061487164"
"E2_24","1035","1.14681527841339","0.868378531489362","2.79222230220151"
"E2_31","8956","9.92355326905341","0.100776330126187","0.171400755561509"
"E2_32","2495","2.76454504313178","0.361659084081796","0.778883825375851"
"E2_33","1709","1.89363025198887","0.525048131217799","1.71509297447286"
"E2_34","1520","1.68421180984381","0.591818326899276","1.63186326283376"
"E2_41","3327","3.68642940220419","0.271135651383043","0.61897596758389"
"E2_42","4152","4.60055752267862","0.217252343283546","0.345644246364922"
"E2_43","823","0.911912052303591","1.09093225434307","2.75857772021884"
"E2_44","601","0.66592848533956","1.49685320571667","3.14219375656752"
"E3_11","1672","1.85263299082819","0.535011319652902","1.83261492856684"
"E3_12","5594","6.1983426738594","0.161169301995351","0.806826495971074"
"E3_13","5993","6.6404482739434","0.150605346098131","0.259098267257263"
"E3_14","2496","2.76565307721721","0.360429566533066","0.782820801467274"
"E3_21","10227","11.3318645916268","0.0881886075073342","0.318666174328289"
"E3_22","5192","5.75291297151913","0.173787359714891","0.587391217285014"
"E3_23","3815","4.22715003589088","0.236361778030939","0.903182271553666"
"E3_24","3732","4.13518320680073","0.241241889557759","0.88548966035354"
"E3_31","1473","1.63213420782891","0.612418289334239","1.52775208047114"
"E3_32","3852","4.26814729705156","0.234173456922877","0.793523135706319"
"E3_33","3015","3.34072276755204","0.299164140248839","0.968432919515562"
"E3_34","3741","4.14515551356954","0.241002200417112","0.57156811863472"
"E3_41","1460","1.6177297647184","0.612755157888965","2.2357702935294"
"E3_42","919","1.01828332450425","0.979612322069717","2.50278415241247"
"E3_43","1845","2.04432288760647","0.486579550618221","1.56280274543734"
"E3_44","1983","2.19723159139492","0.449090422194753","1.67585910799916"
"E4_11","3591","3.97895040075601","0.251156332272981","0.491931999743519"
"E4_12","6854","7.59446562149309","0.131678011252006","0.264139487099213"
"E4_13","3800","4.21052952460953","0.237553664827586","0.795975209823598"
"E4_14","2093","2.31911534079151","0.431265360138623","0.661834970982745"
"E4_21","12674","14.0432239986582","0.0712117744993293","0.084639269573616"
"E4_22","1220","1.35180158421674","0.739174884511895","1.59289985825695"
"E4_23","5538","6.13629276507568","0.162414864887123","0.497729671257372"
"E4_24","3926","4.3501418193729","0.229931278980892","0.637054677472488"
"E4_31","7379","8.17618351634045","0.122302393945514","0.175755198165294"
"E4_32","4256","4.71579306756268","0.211952951821387","0.750035901234481"
"E4_33","3536","3.91800852605771","0.255193618823197","0.671548200852677"
"E4_34","2991","3.31412994950187","0.301537101294314","0.758342957449381"
"E4_41","6712","7.43712478136294","0.134466664187155","0.122057330645122"
"E4_42","13050","14.4598448147775","0.0691555810077401","0.0867133368922156"
"E4_43","1203","1.33296500476454","0.749614998885191","1.89157634070253"
"E4_44","3351","3.71302222025435","0.269398531841791","0.62574476513079"
"E5_11","1109","1.22880980073473","0.809160316462094","2.03723612285534"
"E5_12","3007","3.33185849486865","0.300014758463074","0.878736607422672"
"E5_13","7391","8.18947992536554","0.12202457570636","0.341199698840171"
"E5_14","6913","7.65983963253308","0.1305515984375","0.153951174880953"
"E5_21","3107","3.442661903411","0.289244527041211","0.919128494023077"
"E5_22","2811","3.11468381412563","0.319579117989324","0.969464971700743"
"E5_23","1625","1.80055538881329","0.551720066871921","2.1085770215146"
"E5_24","1957","2.16842270517391","0.458177371104295","1.87251176854123"
"E5_31","4467","4.94958825958705","0.201981313694581","0.250177514969135"
"E5_32","6761","7.49141845154869","0.133037232276627","0.384595841607344"
"E5_33","5823","6.45208247942139","0.154831908543456","0.609281973394458"
"E5_34","3003","3.32742635852695","0.298494621588941","1.37071923863608"
"E5_41","464","0.514127815636532","1.93513435447084","4.37638201883229"
"E5_42","1702","1.8858740133909","0.527898837213404","1.83239654266911"
"E5_43","4915","5.4459875298568","0.182457862393162","0.51624526226546"
"E5_44","2016","2.2337967162139","0.444708773330025","1.63606476671329"
"E6_11","3963","4.39113908053357","0.225802195164059","0.853771009553678"
"E6_12","2577","2.85540383813652","0.349963373400621","0.921607145404166"
"E6_13","2449","2.7135754752023","0.365358381977124","1.44541257085379"
"E6_14","2199","2.43656695384641","0.409438684272065","0.648997026793259"
"E6_21","4065","4.50415855724677","0.221510570809547","0.521133338609073"
"E6_22","1302","1.44266037922148","0.683455065203689","2.30898939350446"
"E6_23","5822","6.45097444533597","0.154954114877169","0.311424806872261"
"E6_24","1416","1.56897626495976","0.632093151095406","2.00231730265032"
"E6_31","8939","9.90471668960121","0.100956825","0.235526376696313"
"E6_32","5682","6.29584967337667","0.158738515215631","0.377045369075731"
"E6_33","2225","2.46537584006742","0.402156556866007","1.80797569168584"
"E6_34","5249","5.81607091438827","0.171736561122332","0.46674437831014"
"E6_41","746","0.826593427725976","1.19362098977181","2.58382496497322"
"E6_42","739","0.818837189128011","1.21174527144986","2.62279608605126"
"E6_43","1510","1.67313146898958","0.593960206931743","1.6826880660786"
"E6_44","4209","4.66371546554777","0.214209636304658","0.463187876338552"
"E7_11","6955","7.70637706412087","0.129482474220592","0.444592559392098"
"E7_12","5218","5.78172185774014","0.172943022125743","0.471681337767438"
"E7_13","1015","1.12465459670491","0.884792128481262","2.44948251118373"
"E7_14","364","0.403324407094176","2.45384277212121","5.23607881480219"
"E7_21","2336","2.58836762354944","0.385639095267666","1.17679555986184"
"E7_22","9011","9.98449514375171","0.100027409165372","0.323421540757701"
"E7_23","8816","9.76842849709411","0.102159405242201","0.491326822418394"
"E7_24","10084","11.1734157174112","0.0893125870861847","0.394047720970322"
"E7_31","2708","3.000556303327","0.333298700443295","0.986246498498282"
"E7_32","8817","9.76953653117954","0.102323319835526","0.383576860593076"
"E7_33","5070","5.61773281309745","0.177993753004537","0.53627385324972"
"E7_34","2529","2.80221820203619","0.356121948797468","1.35236520507733"
"E7_41","3357","3.71967042476689","0.268306210709178","1.00947236583881"
"E7_42","1722","1.90803469509937","0.521329169372458","1.66601812102279"
"E7_43","5570","6.17174985580923","0.162007306810918","0.382601920800152"
"E7_44","17585","19.4847793921733","0.051321471744768","0.0957633576316594"
"E8_11","1935","2.14404595529459","0.464042661938987","1.28865492024964"
"E8_12","967","1.07146896060458","0.925948000983437","1.93669521810805"
"E8_13","11364","12.5916993467533","0.0794112348877937","0.0934039807316642"
"E8_14","1473","1.63213420782891","0.611158455122283","0.82313094296122"
"E8_21","2266","2.51080523756979","0.397855265200883","0.736114308560136"
"E8_22","3225","3.57340992549098","0.279878435942928","0.47476403029957"
"E8_23","1748","1.93684358132038","0.513210232198054","1.2023584822113"
"E8_24","713","0.790028302906999","1.26201656969101","1.76352917903577"
"E8_31",NA,NA,NA,NA
"E8_32","491","0.544044735942968","1.82994685085714","3.03004663868711"
"E8_33","2230","2.47091601049454","0.403643121956034","0.824421007945105"
"E8_34","7382","8.17950761859673","0.122260358414849","0.18163450761165"
"E8_41","119","0.131856056165404","7.51749613991525","6.78860224403512"
"E8_42","1752","1.94127571766208","0.51439054111936","0.863782965692643"
"E8_43","7914","8.76898175204206","0.114003308398837","0.159987408269457"
"E8_44","1435","1.59002891258281","0.627353365460251","1.38447240822314"
"F1_11","1959","2.17063877334476","0.459418567328907","0.83471337131414"
"F1_12","183","0.202770237632512","4.92996808879121","4.59011292551232"
"F1_13","5276","5.84598783469471","0.170925574248341","0.20497719789383"
"F1_14","361","0.400000304837905","2.50529334230556","2.10794959880092"
"F1_21","4384","4.85762143049689","0.205655251234314","0.263758232352092"
"F1_22","858","0.950693245293415","1.05046984255543","0.78377142520931"
"F1_23","878","0.972853927001886","1.02862872525656","0.389575076127289"
"F1_24","3707","4.10748235466514","0.243447101745818","0.246802177099681"
"F1_31","1762","1.95235605851631","0.510951646002271","0.712233499410397"
"F1_32","22263","24.6681628437847","0.0405380486200701","0.0320300899317868"
"F1_33","1739","1.92687127455157","0.518825894125432","0.538312176131907"
"F1_34",NA,NA,NA,NA
"F1_41","1010","1.1191144262778","0.890355639950446","0.72400279819275"
"F1_42","10476","11.6077650788972","0.086133364598568","0.1130701380091"
"F1_43","119","0.131856056165404","7.31080848322034","8.23791183127665"
"F1_44","271","0.300277237149785","3.32069084288889","4.87312336123846"
"F2_11","2856","3.16454534796969","0.316109527565674","1.14601172173025"
"F2_12","4900","5.42936701857545","0.184207603302715","0.432561393044623"
"F2_13","3340","3.70083384531469","0.270205265097335","0.458883751291132"
"F2_14","1201","1.3307489365937","0.751832545216667","2.63409042772207"
"F2_21","3399","3.76620785635468","0.265555986459682","0.788421932050778"
"F2_22","5861","6.49418777466749","0.153972171460751","0.69052002351971"
"F2_23","1734","1.92133110412445","0.520629124270052","2.01129237603248"
"F2_24","1839","2.03767468309393","0.490883057132753","1.96019895898661"
"F2_31","3142","3.48144309640083","0.287258058771092","0.736532883563393"
"F2_32","3866","4.28365977424749","0.233455893298836","1.07274541720577"
"F2_33","5778","6.40222094557733","0.15619138778951","0.531981911794565"
"F2_34","1410","1.56232806044722","0.6402994643577","2.49086940940697"
"F2_41","4341","4.80997596482368","0.207913776133641","0.771543673414929"
"F2_42","3542","3.92465673057025","0.254828641505225","0.917531594448857"
"F2_43","2243","2.48532045360505","0.402411000267618","1.34905250976423"
"F2_44","8363","9.26648905639724","0.107914329924659","0.098799381703593"
"F3_11","1042","1.15457151701135","0.865237870192123","1.5552697284586"
"F3_12","1971","2.18393518236984","0.45748326219797","1.16540668498579"
"F3_13","5806","6.43324589996919","0.155443011898364","0.315266508680003"
"F3_14","3223","3.57119385732014","0.279752230428305","0.417367934932099"
"F3_21","13689","15.1678785953631","0.0659319773071303","0.130139808067906"
"F3_22","15532","17.2099854147987","0.0581055366338291","0.109968782595269"
"F3_23","10645","11.7950228393338","0.0847836594804585","0.127661021926652"
"F3_24","739","0.818837189128011","1.22270910703252","2.08423104784754"
"F3_31","21362","23.6698241328181","0.0422490921249005","0.061819687477444"
"F3_32","1609","1.78282684344651","0.559080427991294","1.27220792315983"
"F3_33","24844","27.5279988182629","0.0363272345811697","0.040678457693617"
"F3_34","2825","3.13019629132156","0.318386631483711","0.921454696635796"
"F3_41","1359","1.50581832209062","0.664107465316642","1.31669924922974"
"F3_42","10873","12.0476546108104","0.0829988209896983","0.139658783145252"
"F3_43","11017","12.2072115191114","0.081923172709695","0.0986209302034085"
"F3_44","334","0.370083384531469","2.7002311033033","5.02829143329275"
"F4_11","1443","1.5988931852662","0.624590345249653","1.78084429272592"
"F4_12","3064","3.39501643773779","0.294375322144956","0.681842373757126"
"F4_13","8230","9.1191205230359","0.109589092182525","0.214598365101223"
"F4_14","4484","4.96842483903925","0.201120611001561","0.507287955552859"
"F4_21","4154","4.60277359084947","0.217055753077294","0.83638040266817"
"F4_22","4319","4.78559921494436","0.208637408471515","0.849594084957534"
"F4_23","3263","3.61551522073708","0.276125217483139","0.694051696034642"
"F4_24","1600","1.7728545366777","0.563441056597874","1.46924693628732"
"F4_31","4602","5.09917286111923","0.195888025270593","0.451887070937712"
"F4_32","11069","12.2648292915534","0.0814898719913263","0.209074606665156"
"F4_33","7743","8.57950792343463","0.116491247297856","0.322427357510405"
"F4_34","5896","6.53296896765731","0.153005648994063","0.500259931157969"
"F4_41","5870","6.5041600814363","0.153627690095417","0.270839156969105"
"F4_42","7316","8.10637736895877","0.123300804054682","0.301268640427776"
"F4_43","5315","5.88920116402623","0.169651424712081","0.480649577429586"
"F4_44","5429","6.01551704976451","0.166068806274871","0.542137873150595"
"F5_11","985","1.09141357414221","0.913680883577236","1.87761523440944"
"F5_12","507","0.561773281309745","1.76677710547431","2.42393951781333"
"F5_13","392","0.434349361486036","2.27435582161125","3.79520716851559"
"F5_14","330","0.365651248189775","2.66110212893617","4.38102150673892"
"F5_21","6420","7.11357882841926","0.14057385942047","0.143800681531684"
"F5_22","4662","5.16565490624464","0.193346771667024","0.292019993534877"
"F5_23","13189","14.6138615526513","0.0684223145958447","0.0920718511510246"
"F5_24","3074","3.40609677859203","0.293173657386918","0.727655720204949"
"F5_31","1132","1.25429458469947","0.794926578337754","1.73911174437241"
"F5_32","14180","15.7119233313061","0.0636481263629311","0.0615184231657997"
"F5_33","6949","7.69972885960832","0.129881627025043","0.178850929490861"
"F5_34","586","0.649307974058207","1.53280378218803","2.06000637382663"
"F5_41","1192","1.32077662982488","0.756539622275399","0.914000226915339"
"F5_42","475","0.526316190576191","1.88339365845992","4.02955957125464"
"F5_43","5223","5.78726202816726","0.172683542447338","0.244181367971973"
"F5_44","35","0.0387811929898246","24.4623146876471","20.5234546275342"
"F6_11","2036","2.25595739792237","0.442552078093366","1.09185720248154"
"F6_12","355","0.393352100325364","2.54502029186441","5.13751008566864"
"F6_13","786","0.870914791142919","1.14301863824204","1.94117156753792"
"F6_14","2749","3.04598570082937","0.328172490833333","1.08281263013384"
"F6_21","1986","2.20055569365119","0.452890363531486","1.78475663757406"
"F6_22","1898","2.10304869413392","0.474936309124934","1.76452984077964"
"F6_23","3804","4.21496166095123","0.237129085053905","0.640604098868915"
"F6_24","582","0.644875837716512","1.52095310950086","3.6598460921589"
"F6_31","245","0.271468350928772","3.60056570770492","6.98067553927149"
"F6_32","3111","3.4470940397527","0.289741791424437","1.09702053897427"
"F6_33","1820","2.01662203547088","0.495381305684442","1.6807342201592"
"F6_34","3053","3.38282806279813","0.295581729154653","1.24270389859795"
"F6_41","1408","1.56011199227637","0.640406944882729","1.83520146961658"
"F6_42","4427","4.9052668961701","0.203858146764573","0.72708450246901"
"F6_43","5058","5.60443640407237","0.178255065262013","0.596857025764528"
"F6_44","1791","1.9844890469936","0.503296843346369","1.78328650579042"
"F7_11","56","0.0620499087837194","16.1453058474545","16.3794535916725"
"F7_12","742","0.822161291384282","1.20822880377868","2.79596181339006"
"F7_13","396","0.43878149782773","2.26563252389873","3.52997913113446"
"F7_14","332","0.367867316360622","2.68266905993958","4.0190312068698"
"F7_21","4450","4.93075168013485","0.202594123254664","0.372547347526443"
"F7_22","3999","4.43102830760882","0.225507035312656","0.359709446106126"
"F7_23","4885","5.4127465072941","0.184706577733415","0.32300760061282"
"F7_24","2676","2.96509921259345","0.336450230676635","0.620970503003095"
"F7_31","3811","4.22271789954919","0.236732833396325","0.303804894239211"
"F7_32","1508","1.67091540081873","0.594597321984074","1.84732265696275"
"F7_33","18006","19.9512617421366","0.050124197929464","0.053859646959094"
"F7_34","3798","4.20831345643868","0.237128410100079","0.365188080360103"
"F7_41",NA,NA,NA,NA
"F7_42","672","0.744598905404633","1.34069126496274","3.05992238396057"
"F7_43","1002","1.11025015359441","0.891995134965035","2.47643433939443"
"F7_44","1736","1.9235471722953","0.519664390034582","0.644105720642037"
"F8_11","988","1.09473767639848","0.909543351256332","1.63379529786799"
"F8_12","2755","3.05263390534191","0.326634766968046","0.65786221685649"
"F8_13","949","1.05152434706696","0.951128130200422","2.06403036302999"
"F8_14","1060","1.17451613054897","0.850074759915014","1.53962714233601"
"F8_21","513","0.568421485822287","1.75325538033203","5.07248341038812"
"F8_22","1302","1.44266037922148","0.690003379784781","2.50517967484011"
"F8_23","11501","12.7435000164564","0.0784693837565217","0.112212507578302"
"F8_24","1928","2.13628971669663","0.467763605412558","0.898780790782678"
"F8_31","3923","4.34681771711663","0.229843135158083","0.486399146137594"
"F8_32","2219","2.45872763555488","0.405157958706041","0.750650487674768"
"F8_33","3565","3.95014151453499","0.252233882227834","0.691083740833406"
"F8_34","112","0.124099817567439","7.84977751927928","11.2455773121487"
"F8_41","1701","1.88476597930548","0.530082528","0.833266512619827"
"F8_42","612","0.678116860279219","1.46212924522095","2.45859362474151"
"F8_43","3502","3.88033536715331","0.257011290257069","0.438191377918794"
"F8_44","2119","2.34792422701253","0.425329882544854","0.870487777940688"
