"11","WT","A1","15","12","13507.48856835","0.157969931348473","2.2714","1406","0.104066666666667","6.244","0.175455286251764","147.674693156012","66.8481531282743","0.00827587407585046","0.00983320899281762","20.086","15.18","28301","92.246","7.496","5.226","1.434","KCNT1_20170223_11869_DIV11"
"11","HOM","A2","15","13","13507.48856835","0.189313756850133","2.75033333333333","1506","0.1116","6.696","0.172475251187317","134.23492232609","63.4023243774329","0.00903748600240591","0.0123504924090981","21.946","14.729","33095","89.085","7.438","12.026","0.618","KCNT1_20170223_11869_DIV11"
"11","WT","A3","16","13","14407.98780624","0.113723524946589","1.79475","1214","0.08425","5.055","0.0531011111179425","169.581967707398","63.7543582390472","0.00628869183296979","0.00778555660441541","19.081","9.985","23222","89.802","8.657","16.727","0.518","KCNT1_20170223_11869_DIV11"
"11","HOM","A4","15","15","13507.48856835","0.208540429925302","4.6454","2142","0.158466666666667","9.508","0.222918142336977","160.206029292225","76.7662515936888","0.0083003865188791","0.0124928253023819","26.124","17.752","55958","89.18","6.109","3.88","1.574","KCNT1_20170223_11869_DIV11"
"11","WT","B1","14","9","12606.98933046","0.170373240051283","1.62707142857143","775","0.0615","3.69","0.123480769281397","154.272247754391","74.0403917181596","0.0078736300059249","0.010281382911644","22.632","13.281","17653","86.058","9.846","13.754","0.716","KCNT1_20170223_11869_DIV11"
"11","HOM","B2","16","16","14407.98780624","0.210424305447101","2.8816875","1465","0.10175","6.105","0.350882479433932","147.286148704376","74.3935624485186","0.00933675402005034","0.0131548157760555","23.537","27.563","34482","83.051","8.532","10.11","0.844","KCNT1_20170223_11869_DIV11"
"11","WT","B3","11","8","9905.49161679","0.152238118573531","1.16881818181818","677","0.0682727272727273","4.09636363636364","0.12499467383494","106.883382620051","45.2702996388674","0.011312634753579","0.0131797030456005","14.453","8.592","9828","84.892","8.9","14.979","0.594","KCNT1_20170223_11869_DIV11"
"11","HOM","B4","16","13","14407.98780624","0.210611339886056","2.9860625","1840","0.12775","7.665","0.249302412326731","129.07247849267","68.441776021713","0.0106149451530069","0.0138831846381677","20.839","14.908","38407","89.273","6.02","11.017","0.546","KCNT1_20170223_11869_DIV11"
"11","WT","C1","13","11","11706.49009257","0.239216359676011","4.41992307692308","1603","0.136846153846154","8.21076923076923","0.320950331104951","157.37761628323","76.7850296033897","0.00882686753753128","0.0139962292642287","28.1","23.314","45100","87.162","5.764","5.691","1.013","KCNT1_20170223_11869_DIV11"
"11","HOM","C2","15","12","13507.48856835","0.238457869289748","2.35266666666667","1236","0.0916","5.496","0.285257252957641","112.774090100583","60.5478136770533","0.012226331473205","0.0155825443601256","20.501","17.472","25401","79.93","8.414","15.331","0.549","KCNT1_20170223_11869_DIV11"
"11","WT","C3","15","15","13507.48856835","0.21337700608642","2.5564","1620","0.119733333333333","7.184","0.265735484675024","118.506715774434","79.5322563211801","0.0129353272409535","0.0161445394123823","17.496","14.467","28343","82.077","7.88","13.254","0.595","KCNT1_20170223_11869_DIV11"
"11","HOM","C4","16","13","14407.98780624","0.239664774242425","1.8111875","1086","0.075375","4.5225","0.339899663896424","105.360288050521","61.5179193817286","0.0131769040818903","0.015428566285093","19.185","20.983","20893","80.059","9.592","19.208","0.499","KCNT1_20170223_11869_DIV11"
"11","WT","D1","14","12","12606.98933046","0.183364180984513","1.98864285714286","902","0.0715","4.29","0.145345893251441","148.206634098209","61.1555473527849","0.00785188857041354","0.0108907852588039","24.351","16.726","22013","87.806","9.933","14.645","0.678","KCNT1_20170223_11869_DIV11"
"11","HOM","D2","15","13","13507.48856835","0.246045597595252","2.84486666666667","1599","0.118333333333333","7.1","0.349638210528094","100.844797535647","57.2114697369891","0.0138499051314956","0.0169272758375525","18.764","17.294","30041","78.177","6.325","9.869","0.641","KCNT1_20170223_11869_DIV11"
"11","WT","D3","16","16","14407.98780624","0.166254297680384","3.2966875","1871","0.12975","7.785","0.186655756453959","168.006030206016","89.3767745492152","0.00798290281168195","0.0118307453240268","21.826","14.634","40837","85.974","7.256","14.157","0.513","KCNT1_20170223_11869_DIV11"
"11","HOM","D4","16","15","14407.98780624","0.196826467546431","3.2490625","2045","0.142","8.52","0.252957829116839","149.948573033999","86.158864123506","0.0104926251328817","0.0157465843762101","19.758","12.727","40425","86.356","6.203","8.089","0.767","KCNT1_20170223_11869_DIV11"
"11","WT","E1","13","11","11706.49009257","0.172596235730477","1.17023076923077","792","0.0676923076923077","4.06153846153846","0.125149095515786","88.0565458295633","49.3561129057623","0.0169437946550444","0.0189315871515814","11.184","4.447","8880","64.822","8.531","22.555","0.378","KCNT1_20170223_11869_DIV11"
"11","HOM","E2","16","14","14407.98780624","0.232849676695511","3.7273125","1847","0.1283125","7.69875","0.272258544766641","135.917357328295","75.2751756598235","0.0102096052219588","0.0140260020664753","23.806","17.27","44017","81.965","6.337","9.998","0.634","KCNT1_20170223_11869_DIV11"
"11","WT","E3","16","13","14407.98780624","0.122320574495894","2.103","1336","0.09275","5.565","0.0964277633670343","179.150694752649","83.8694147052234","0.00696967018085113","0.00932480355335188","18.548","10.643","24836","81.967","7.844","18.598","0.422","KCNT1_20170223_11869_DIV11"
"11","HOM","E4","14","12","12606.98933046","0.211724184415261","3.52942857142857","1597","0.126714285714286","7.60285714285714","0.280845758920078","155.370124269751","76.5213871816571","0.00951669676955086","0.0128053152711019","23.246","17.644","37171","83.538","6.517","8.816","0.739","KCNT1_20170223_11869_DIV11"
"11","WT","F1","13","9","11706.49009257","0.172569126006288","1.18115384615385","632","0.0539230769230769","3.23538461538462","0.191283927176072","126.534694495967","63.0217892629295","0.0107887510213309","0.0147639860846797","16.989","11.463","10805","78.144","12.256","35.506","0.345","KCNT1_20170223_11869_DIV11"
"11","HOM","F2","12","11","10805.99085468","0.112422200518674","1.82433333333333","963","0.0891666666666667","5.35","0.0861705268356202","163.311358143065","66.5680828664323","0.00732560506286343","0.0102311206374318","16.345","7.463","15757","79.932","9.974","15.388","0.648","KCNT1_20170223_11869_DIV11"
"11","WT","F3","16","14","14407.98780624","0.112425442348123","2.0093125","1463","0.1015","6.09","0.116578988373141","174.162705897556","70.0228359399194","0.00690145707270062","0.00873933306661176","17.289","7.652","25328","87.489","6.597","12.482","0.529","KCNT1_20170223_11869_DIV11"
"11","HOM","F4","13","9","11706.49009257","0.170023085628571","2.18169230769231","1046","0.0893846153846154","5.36307692307692","0.179510655910259","134.131492839464","76.140515039889","0.00851088100257437","0.01140285697742","20.973","19.227","22022","86.229","7.519","7.458","1.008","KCNT1_20170223_11869_DIV11"
"13","WT","A1","16","12","14395.93074304","0.0928241730101309","2.070375","1378","0.0956875","5.74125","0.0393656117605192","217.131071960067","70.2957928371187","0.00501477686955166","0.0054129304971408","19.507","7.944","26959","90.457","7.709","3.485","2.212","KCNT1_20170223_11869_DIV13"
"13","HOM","A2","15","13","13496.1850716","0.103880650512092","2.50486666666667","1404","0.104066666666667","6.244","0.0572474764010649","217.142579055691","77.5968921443872","0.00522936608020054","0.00662535519037592","20.863","9.679","29334","86.774","8.151","6.454","1.263","KCNT1_20170223_11869_DIV13"
"13","WT","A3","16","15","14395.93074304","0.0967859434421369","1.871","1010","0.07","4.2","0.0984144145895991","236.477511178972","77.5498153331486","0.00489081765482083","0.00652788933957577","20.788","8.739","21017","78.029","11.331","17.622","0.643","KCNT1_20170223_11869_DIV13"
"13","HOM","A4","16","15","14395.93074304","0.160658544408852","3.664375","1716","0.119125","7.1475","0.137542375143006","206.168277523033","88.4490888280343","0.00649473125868196","0.0102604448426981","25.736","12.65","44189","83.767","7.743","4.215","1.837","KCNT1_20170223_11869_DIV13"
"13","WT","B1","14","7","12596.43940016","0.157422409389401","1.9565","861","0.0683571428571429","4.10142857142857","0.138173041318241","203.852467227379","89.3925479270991","0.00654450171703625","0.00915177933140541","25.046","10.976","21740","88.213","6.24","8.266","0.755","KCNT1_20170223_11869_DIV13"
"13","HOM","B2","16","16","14395.93074304","0.132579284369183","3.4395","1934","0.1343125","8.05875","0.142483133153103","195.454763438397","85.8306491942118","0.00645767229058581","0.00972700592079592","21.531","16.624","41640","84.096","7.073","6.366","1.111","KCNT1_20170223_11869_DIV13"
"13","WT","B3","14","10","12596.43940016","0.131042104554578","1.42064285714286","793","0.0628571428571429","3.77142857142857","0.154419650099762","156.037772646939","67.1949538476554","0.00816260705978889","0.0111853703714213","17.049","9.224","13588","75.923","10.152","22.082","0.46","KCNT1_20170223_11869_DIV13"
"13","HOM","B4","16","15","14395.93074304","0.173304574961748","3.24425","1829","0.1269375","7.61625","0.192901956317869","169.127826037723","85.3338380744473","0.00841529896728314","0.0119386677554425","21.593","13.582","39516","84.611","6.788","22.08","0.307","KCNT1_20170223_11869_DIV13"
"13","WT","C1","13","12","11696.69372872","0.127759449503021","3.85561538461538","1488","0.127153846153846","7.62923076923077","0.129707706871365","240.463425913991","86.695697742578","0.00525232116596255","0.00876676482031607","25.324","14.733","37707","83.613","6.498","5.949","1.092","KCNT1_20170223_11869_DIV13"
"13","HOM","C2","16","12","14395.93074304","0.140240765198848","2.7263125","1731","0.1203125","7.21875","0.115649102875116","173.142974954281","71.0808819108562","0.00740535434214935","0.00990807603270869","19.935","10.128","34588","88.125","5.991","11.289","0.531","KCNT1_20170223_11869_DIV13"
"13","WT","C3","15","15","13496.1850716","0.125936943131869","3.0104","1820","0.135","8.1","0.194508411116386","207.071341227054","92.5456822397972","0.0067397446630205","0.00963707565736321","19.686","13.006","35828","88.181","7.154","6.731","1.063","KCNT1_20170223_11869_DIV13"
"13","HOM","C4","16","16","14395.93074304","0.166515032484808","2.39975","1481","0.1028125","6.16875","0.191103153713783","140.674047001039","81.5079382075612","0.00982857451317209","0.0134109981938921","17.942","13.48","26572","76.918","7.605","13.588","0.56","KCNT1_20170223_11869_DIV13"
"13","WT","D1","14","13","12596.43940016","0.11971504752941","2.49135714285714","1104","0.0876428571428571","5.25857142857143","0.0837098459065046","218.498879581825","69.2101155402135","0.00518135315968816","0.00717663858804554","24.104","11.442","26635","84.873","7.977","12.021","0.664","KCNT1_20170223_11869_DIV13"
"13","HOM","D2","16","15","14395.93074304","0.159351616541503","2.4963125","1517","0.1055","6.33","0.127380438893791","141.145960274447","64.0270566116278","0.00854061200826187","0.0127720693475668","19.657","12.025","29840","83.034","8.466","14.876","0.569","KCNT1_20170223_11869_DIV13"
"13","WT","D3","16","16","14395.93074304","0.144229198923077","3.6986875","2145","0.1490625","8.94375","0.168282451916594","200.795059633023","89.7812000714897","0.00687217627815539","0.0104071539586143","21.987","12.414","47163","88.576","6.183","4.908","1.26","KCNT1_20170223_11869_DIV13"
"13","HOM","D4","16","16","14395.93074304","0.143008354937695","3.3889375","1926","0.1336875","8.02125","0.132368589766458","189.041021955827","89.0690849723495","0.00704669305932918","0.0114041142782293","21.294","11.712","41013","84.065","7.128","13.723","0.519","KCNT1_20170223_11869_DIV13"
"13","WT","E1","12","10","10796.94805728","0.0892161768750003","1.05425","654","0.0606666666666667","3.64","0.0569263725611878","167.385350737076","61.5037847913971","0.0073184709303489","0.00826745462140807","13.188","4.552","8651","75.999","11.61","14.038","0.827","KCNT1_20170223_11869_DIV13"
"13","HOM","E2","16","15","14395.93074304","0.105618026149906","4.253875","2147","0.149125","8.9475","0.0876865089677931","253.588487445489","88.6895751698189","0.00474142117058181","0.00650057436452781","23.275","10.816","49995","81.638","6.043","13.196","0.458","KCNT1_20170223_11869_DIV13"
"13","WT","E3","16","14","14395.93074304","0.113448698589002","2.5749375","1380","0.0958125","5.74875","0.105721371527547","230.415050746637","83.1576359736399","0.00529700670461844","0.0070823553754421","22.416","9.657","30979","83.569","8.322","18.842","0.442","KCNT1_20170223_11869_DIV13"
"13","HOM","E4","16","13","14395.93074304","0.169239670028537","3.600125","1749","0.1215","7.29","0.236078713274547","217.681586964248","86.1207199797918","0.00671212002014708","0.0100538032252409","26.212","19.303","45924","88.612","6.217","8.778","0.708","KCNT1_20170223_11869_DIV13"
"13","WT","F1","16","11","14395.93074304","0.113108372357471","1.0543125","644","0.0446875","2.68125","0.0530962503989066","173.279309082393","70.5874696502109","0.00658302696260416","0.00934941384520611","18.174","8.609","11795","77.721","12.483","16.757","0.745","KCNT1_20170223_11869_DIV13"
"13","HOM","F2","13","11","11696.69372872","0.0836453821985241","2.22630769230769","1217","0.104","6.24","0.0336015890525443","235.737427080712","79.1009470828669","0.00473787095859862","0.00643711461472193","18.653","6.842","22738","87.313","7.982","6.425","1.242","KCNT1_20170223_11869_DIV13"
"13","WT","F3","16","16","14395.93074304","0.0922820977844298","2.344","1503","0.104375","6.2625","0.0463246771358297","214.837083857929","71.0566906162241","0.00512924791871595","0.00572911032926354","18.991","7.247","28544","84.59","8.059","12.556","0.642","KCNT1_20170223_11869_DIV13"
"13","HOM","F4","14","10","12596.43940016","0.153380099733466","2.20385714285714","1009","0.0801428571428571","4.80857142857143","0.213403027654134","185.395128286329","89.4624247144742","0.00706952593639097","0.00990203345136471","22.692","22.231","22987","82.806","8.724","19.161","0.455","KCNT1_20170223_11869_DIV13"
"15","WT","A1","16","12","14415.96038768","0.151479181077945","2.1894375","1202","0.0835","5.01","0.115493411924009","164.046051630357","64.317047416679","0.00760517432163532","0.0116619231857399","20.915","9.728","25223","79.916","8.675","10.659","0.814","KCNT1_20170223_11869_DIV15"
"15","HOM","A2","15","13","13514.96286345","0.126950315707008","2.7538","1568","0.116066666666667","6.964","0.115823340443692","208.9734630173","98.9763724753098","0.00657491573728316","0.0104322213905587","20.307","9.422","31882","85.663","7.227","5.906","1.224","KCNT1_20170223_11869_DIV15"
"15","WT","A3","16","15","14415.96038768","0.125802301753288","2.9045","1596","0.110625","6.6375","0.10413306018371","198.663437337149","84.9954345314068","0.00666997363633346","0.01072716526077","19.86","9.424","31717","75.749","7.636","20.761","0.368","KCNT1_20170223_11869_DIV15"
"15","HOM","A4","16","15","14415.96038768","0.147736904959017","3.8698125","2195","0.1523125","9.13875","0.111484967078948","204.483990320472","90.8487443171702","0.00674000713181679","0.0113612375885449","22.919","8.301","50330","90.218","6.002","2.44","2.46","KCNT1_20170223_11869_DIV15"
"15","WT","B1","15","7","13514.96286345","0.185854907971013","1.6962","820","0.0607333333333333","3.644","0.136923802846139","165.954651085196","85.1917312471565","0.00852564342382265","0.0126674187576068","22.79","10.307","18870","82.315","7.449","12.364","0.602","KCNT1_20170223_11869_DIV15"
"15","HOM","B2","16","16","14415.96038768","0.174021258203618","4.0418125","2377","0.1649375","9.89625","0.203351243473541","172.062537366611","80.6572087893082","0.00839452331256594","0.0126626311691301","21.73","15.24","51653","88.653","5.77","4.723","1.222","KCNT1_20170223_11869_DIV15"
"15","WT","B3","14","9","12613.96533922","0.232758773895412","1.844","932","0.0737857142857143","4.42714285714286","0.218697801646475","109.703636417733","56.975565824602","0.0120122808515092","0.0157288444529985","20.371","14.797","19088","82.064","7.09","21.892","0.324","KCNT1_20170223_11869_DIV15"
"15","HOM","B4","16","15","14415.96038768","0.182697055523424","3.332125","1728","0.119875","7.1925","0.160869015716819","167.049168423326","70.7877654323097","0.00794834706355998","0.0116768248138748","23.985","12.13","41470","86.329","6.481","12.588","0.515","KCNT1_20170223_11869_DIV15"
"15","WT","C1","13","12","11712.96781499","0.14729623877725","2.88807692307692","1054","0.0901538461538462","5.40923076923077","0.110671761868302","214.088747293328","70.7390240470092","0.00579106849183866","0.00902485013559017","26.434","10.536","27888","82.441","8.42","8.808","0.956","KCNT1_20170223_11869_DIV15"
"15","HOM","C2","16","12","14415.96038768","0.192764553880667","3.642375","2158","0.14975","8.985","0.170449432368951","157.550604619876","73.5020871830327","0.00910128552532161","0.0137076618124353","22.178","10.962","47949","91.318","4.379","2.559","1.711","KCNT1_20170223_11869_DIV15"
"15","WT","C3","15","15","13514.96286345","0.161049310400539","5.39046666666667","2971","0.2198","13.188","0.18746885744554","175.579713357147","78.4983030437448","0.00792877029844071","0.0120085156760506","21.312","13.957","63318","86.913","4.211","8.17","0.515","KCNT1_20170223_11869_DIV15"
"15","HOM","C4","16","15","14415.96038768","0.181791254096834","2.721375","1610","0.11175","6.705","0.18998485468041","144.354144866264","77.3906628882694","0.0100169548979033","0.0136123791688497","19.148","12.414","30847","78.629","7.4","16.666","0.444","KCNT1_20170223_11869_DIV15"
"15","WT","D1","14","9","12613.96533922","0.198478787347877","2.02714285714286","866","0.0687142857142857","4.12285714285714","0.163660590813136","161.993505416377","76.0134974890529","0.0083615489131802","0.0129690060576995","24.731","12.825","21541","84.24","8.954","16.127","0.555","KCNT1_20170223_11869_DIV15"
"15","HOM","D2","16","15","14415.96038768","0.135112673565009","2.9930625","1668","0.11575","6.945","0.118178191477341","193.314984755832","66.4587515090835","0.00639072301139264","0.00994502807242844","22.141","10.924","36954","85.645","7.265","11.041","0.658","KCNT1_20170223_11869_DIV15"
"15","WT","D3","16","16","14415.96038768","0.244165067275463","3.768","1993","0.13825","8.295","0.31196572031838","140.831707321525","78.7224502381378","0.0111582164839145","0.0160348900034437","22.882","18.239","45604","83.956","6.978","9.237","0.755","KCNT1_20170223_11869_DIV15"
"15","HOM","D4","16","16","14415.96038768","0.185543864785715","4.1979375","2100","0.1455625","8.73375","0.19790109545628","194.105575137627","88.8068203429585","0.00767994709864986","0.0123596512018056","25.16","13.074","52835","87.306","6.623","10.016","0.661","KCNT1_20170223_11869_DIV15"
"15","WT","E1","12","10","10811.97029076","0.0739919525080894","1.27391666666667","616","0.0569166666666667","3.415","0.0243289961836383","195.678060412422","61.8258520596929","0.00580292216370549","0.00651773766519353","13.748","4.06","8496","61.686","11.3","13.148","0.859","KCNT1_20170223_11869_DIV15"
"15","HOM","E2","16","15","14415.96038768","0.171104192732153","4.0390625","1862","0.129125","7.7475","0.169235667764718","198.734214596987","92.82250624527","0.00686731679650138","0.010576911744382","25.915","14.387","48280","82.921","7.013","8.503","0.825","KCNT1_20170223_11869_DIV15"
"15","WT","E3","16","14","14415.96038768","0.175004744611111","2.6108125","1258","0.08725","5.235","0.172671855397682","189.896044538743","82.1554696178808","0.00764001033227078","0.0112849981751162","23.905","12.723","30120","80.026","8.384","16.958","0.494","KCNT1_20170223_11869_DIV15"
"15","HOM","E4","15","13","13514.96286345","0.216868773662529","3.9824","1770","0.131066666666667","7.864","0.249371132856795","178.809958129133","85.3169921439249","0.00826379947379742","0.0126036121869896","27.242","18.931","48273","89.69","5.666","7.98","0.71","KCNT1_20170223_11869_DIV15"
"15","WT","F1","16","11","14415.96038768","0.110778691192249","1.289","666","0.046125","2.7675","0.0710214991879541","210.161847813514","71.2048771791927","0.00570034522929443","0.00730444500481648","20.426","8.524","13706","73.76","12.556","21.948","0.572","KCNT1_20170223_11869_DIV15"
"15","HOM","F2","13","11","11712.96781499","0.0760917396523185","2.26369230769231","1206","0.102923076923077","6.17538461538462","0.0303023128867451","243.569696541549","80.7421456688557","0.00454548617841958","0.00501721562369158","17.738","6.27","21428","80.815","7.876","8.588","0.917","KCNT1_20170223_11869_DIV15"
"15","WT","F3","16","12","14415.96038768","0.122705108337131","2.339875","1313","0.0911875","5.47125","0.0720940800017463","178.966648649983","65.6601035452187","0.00683338101737922","0.00979629397702534","18.954","5.847","24962","74.001","7.6","18.904","0.402","KCNT1_20170223_11869_DIV15"
"15","HOM","F4","14","9","12613.96533922","0.12168681501805","2.34228571428571","1103","0.0875","5.25","0.107956044457661","220.572332705746","79.859551148371","0.00561904526109605","0.0084163383210089","22.652","11.443","25098","84.948","7.074","6.596","1.072","KCNT1_20170223_11869_DIV15"
"17","WT","A1","16","12","14403.99459712","0.279294124585741","1.16425","515","0.0356875","2.14125","0.279283228987518","130.792027959138","71.3780795959088","0.0106827069540865","0.0149329884786374","27.137","21.277","14084","83.988","20.555","20.429","1.006","KCNT1_20170223_11869_DIV17"
"17","HOM","A2","15","13","13503.7449348","0.210429851815679","3.22693333333333","1452","0.107666666666667","6.46","0.328589089489436","152.16468737029","76.4519859913502","0.00922081262551978","0.0140609089860006","23.82","30.158","34634","79.48","7.687","20.875","0.368","KCNT1_20170223_11869_DIV17"
"17","WT","A3","15","15","13503.7449348","0.274474505055969","1.0932","536","0.0396666666666667","2.38","0.348278991786418","99.3650401656114","52.6642746412194","0.0138790881801886","0.0184023322373015","20.776","23.485","11136","75.432","22.566","53.332","0.423","KCNT1_20170223_11869_DIV17"
"17","HOM","A4","16","15","14403.99459712","0.235010454620283","4.34325","2198","0.1526875","9.16125","0.190687804720785","163.393935838889","90.3143555546153","0.00905422481402321","0.0145635421373706","26.955","14.049","59275","94.749","5.859","3.619","1.619","KCNT1_20170223_11869_DIV17"
"17","WT","B1","15","8","13503.7449348","0.230166136394809","2.11313333333333","1072","0.0794","4.764","0.228224068708986","127.318840043324","72.5721909018806","0.0114891405056439","0.0180225382381047","21.027","13.065","22688","79.512","5.361","11.882","0.451","KCNT1_20170223_11869_DIV17"
"17","HOM","B2","16","16","14403.99459712","0.225353848647468","4.2460625","2292","0.159125","9.5475","0.221869965549526","155.543437592529","79.5313864780935","0.00977555540814197","0.0139628104511814","24.053","16.021","55129","90.136","6.004","5.403","1.111","KCNT1_20170223_11869_DIV17"
"17","WT","B3","14","9","12603.49527248","0.275067155605876","1.782","812","0.0643571428571429","3.86142857142857","0.37048768633332","123.818721712317","73.0398071378928","0.0130187617964315","0.0165471894964337","22.122","19.621","18074","80.472","7.368","13.137","0.561","KCNT1_20170223_11869_DIV17"
"17","HOM","B4","16","15","14403.99459712","0.215441788276422","4.0485625","1844","0.128","7.68","0.154709055757603","165.167803645332","68.2918791280845","0.00789109226097829","0.0114714027200672","28.301","12.088","52216","89.54","6.926","12.362","0.56","KCNT1_20170223_11869_DIV17"
"17","WT","C1","13","12","11703.24561016","0.182061994931506","3.11769230769231","1021","0.0871538461538462","5.22923076923077","0.185981805964522","208.235333342374","88.170109319474","0.00665453162690888","0.0108178145084316","28.358","18.065","28982","79.433","9.463","11.221","0.843","KCNT1_20170223_11869_DIV17"
"17","HOM","C2","16","13","14403.99459712","0.220134482738589","3.650125","1925","0.1335625","8.01375","0.263706470813742","151.823924724462","68.7198396960576","0.00947914599365703","0.0135507183400167","24.221","18.49","46699","88.824","5.39","8.401","0.642","KCNT1_20170223_11869_DIV17"
"17","WT","C3","15","15","13503.7449348","0.241441465249429","4.70186666666667","2185","0.1618","9.708","0.321363535603916","180.383333723953","97.4318976995611","0.00970027767895564","0.0138421984972561","25.89","19.474","56570","89.098","5.346","6.527","0.819","KCNT1_20170223_11869_DIV17"
"17","HOM","C4","16","15","14403.99459712","0.263810101060319","3.2656875","1574","0.10925","6.555","0.304370070814855","144.018627816305","80.061666092416","0.0112130862007827","0.0144006978721792","24.526","18.484","38629","82.119","6.835","13.905","0.492","KCNT1_20170223_11869_DIV17"
"17","WT","D1","14","10","12603.49527248","0.273315784865229","2.282","738","0.0585","3.51","0.294333850831628","174.686941927642","65.9359855145754","0.00846836113120092","0.0114192819643078","33.27","22.933","24686","85.834","11.128","18.895","0.589","KCNT1_20170223_11869_DIV17"
"17","HOM","D2","16","15","14403.99459712","0.199712456726618","2.8776875","1389","0.0965","5.79","0.243267973038313","178.455451638133","78.7116058860929","0.00827965625298255","0.0119976527314982","25.12","17.405","34917","84.237","9.045","14.863","0.609","KCNT1_20170223_11869_DIV17"
"17","WT","D3","16","16","14403.99459712","0.385952788814988","4.7928125","2135","0.14825","8.895","0.463132958781812","126.898055244902","79.6574537160886","0.014054395431008","0.0181614371476485","28.461","23.975","60765","88.021","6.043","6.17","0.979","KCNT1_20170223_11869_DIV17"
"17","HOM","D4","16","16","14403.99459712","0.225783161193182","6.49075","2992","0.2076875","12.46125","0.355109433210071","179.50351228418","81.2326434354617","0.0084191380536896","0.0143252863548252","27.818","22.667","83231","89.025","4.399","4.298","1.023","KCNT1_20170223_11869_DIV17"
"17","WT","E1","13","9","11703.24561016","0.0997599262381587","1.37976923076923","735","0.0628461538461538","3.77076923076923","0.0568015374578699","164.584080496785","75.8211918012927","0.00763173762836431","0.0109149412110815","14.066","5.826","10395","64.369","10.835","12.899","0.84","KCNT1_20170223_11869_DIV17"
"17","HOM","E2","16","15","14403.99459712","0.205206176883446","5.2393125","2367","0.1643125","9.85875","0.269967549430266","181.584446591658","83.5775359336107","0.00739616783652969","0.0114651661743052","28.745","25.075","68067","90.196","5.155","6.636","0.777","KCNT1_20170223_11869_DIV17"
"17","WT","E3","16","14","14403.99459712","0.197817317097278","2.558625","1283","0.0890625","5.34375","0.259229480316145","168.875754752744","82.380519680908","0.00912697039495897","0.0137187795025384","22.672","14.832","29134","79.052","8.719","21.643","0.403","KCNT1_20170223_11869_DIV17"
"17","HOM","E4","15","13","13503.7449348","0.265104684281887","4.58006666666667","1864","0.138133333333333","8.288","0.2727175788836","169.234109205878","89.2104814761413","0.00918431066187666","0.013954487057663","29.864","19.163","55726","90.102","5.977","5.925","1.009","KCNT1_20170223_11869_DIV17"
"17","WT","F1","16","11","14403.99459712","0.116902645928854","1.508875","754","0.05225","3.135","0.0767871303799263","202.913439374026","62.0265420267257","0.00587648905622888","0.00753071562876637","20.887","8.443","15853","72.944","11.257","27.317","0.412","KCNT1_20170223_11869_DIV17"
"17","HOM","F2","12","11","10802.99594784","0.131177528244277","0.883583333333333","392","0.0365","2.19","0.110396639447007","151.16606830201","74.2773301552297","0.00897037908473998","0.0147730018013237","15.621","7.955","6139","64.316","23.622","63.13","0.374","KCNT1_20170223_11869_DIV17"
"17","WT","F3","16","13","14403.99459712","0.163741950636365","1.613125","877","0.060875","3.6525","0.119264156981546","161.23230808549","71.4688245235875","0.00840485980867948","0.0128493107868378","20.478","6.855","18021","77.56","10.938","17.512","0.625","KCNT1_20170223_11869_DIV17"
"17","HOM","F4","15","9","13503.7449348","0.185444332307693","1.66633333333333","670","0.0496666666666667","2.98","0.24700955485337","181.98012923505","83.1624208787621","0.00758977832778351","0.0117414470528974","25.425","28.787","17187","76.387","11.249","18.984","0.593","KCNT1_20170223_11869_DIV17"
"19","WT","A1","16","13","14399.99843312","0.334568057739005","4.3094375","2089","0.145","8.7","0.427408349311876","91.675577582625","51.2782207512043","0.014104961041272","0.0175183153411665","24.718","35.058","51711","83.33","4.747","9.49","0.5","KCNT1_20170223_11869_DIV19"
"19","HOM","A2","15","13","13499.99853105","0.218546937729875","5.78973333333333","2967","0.2198","13.188","0.291070829549157","129.784737051037","64.2071692031685","0.0104455296788422","0.0156827634950931","21.922","24.637","65086","83.274","3.391","7.812","0.434","KCNT1_20170223_11869_DIV19"
"19","WT","A3","16","15","14399.99843312","0.242054904964115","4.4075","2507","0.174125","10.4475","0.331817568584237","111.697011784447","60.8493740127278","0.0130755945043939","0.0172515095971969","19.512","21.581","48935","77.101","5.119","11.912","0.43","KCNT1_20170223_11869_DIV19"
"19","HOM","A4","16","15","14399.99843312","0.341298850422131","5.424625","2439","0.169375","10.1625","0.500070317144011","109.93761843683","52.7510923082851","0.0120525247127867","0.0160442166958823","29.317","39.469","71534","91.575","5.05","16.733","0.302","KCNT1_20170223_11869_DIV19"
"19","WT","B1","14","8","12599.99862898","0.256840094479933","4.54935714285714","2436","0.193285714285714","11.5971428571429","0.268071863793693","108.296109454082","65.8922607570507","0.0138129255559715","0.0201166544348703","19.592","13.989","47843","83.467","2.306","4.713","0.489","KCNT1_20170223_11869_DIV19"
"19","HOM","B2","16","16","14399.99843312","0.355992434687373","5.880875","2447","0.1699375","10.19625","0.50319466396902","122.199130499938","71.9992438653993","0.0116546276313818","0.015804019557087","31.545","43.821","77191","91.15","5.469","8.044","0.68","KCNT1_20170223_11869_DIV19"
"19","WT","B3","13","9","11699.99872691","0.473774608610836","3.35953846153846","1011","0.0865384615384615","5.19230769230769","0.739439519526112","95.1682775010324","51.3689177855902","0.0140186347473981","0.0157222470990105","34.792","51.72","35314","89.842","6.028","14.873","0.405","KCNT1_20170223_11869_DIV19"
"19","HOM","B4","16","15","14399.99843312","0.43100554412","5.33925","1999","0.1388125","8.32875","0.390943565996089","108.121202260891","62.1142545690203","0.0127892922692542","0.0162659023359062","34.7","25.321","69400","90.266","6.233","20.939","0.298","KCNT1_20170223_11869_DIV19"
"19","WT","C1","13","12","11699.99872691","0.364999700123152","4.86584615384615","1217","0.104","6.24","0.336595679575396","158.538021815702","90.3827829639676","0.00948293839188582","0.0135303326981256","39.489","29.12","48098","84.485","8.224","19.32","0.426","KCNT1_20170223_11869_DIV19"
"19","HOM","C2","16","14","14399.99843312","0.285427330733544","4.683875","2520","0.175","10.5","0.299754897357188","119.065868806505","67.2036526525588","0.0124802393957939","0.0173485096989265","23.87","17.167","60199","89.254","3.955","10.176","0.389","KCNT1_20170223_11869_DIV19"
"19","WT","C3","15","15","13499.99853105","0.367382005982182","11.6481333333333","4602","0.340933333333333","20.456","0.479478670633437","113.435882548145","63.2056779404634","0.0120144113324853","0.0158297512754368","31.578","36.215","145324","92.416","2.537","3.734","0.679","KCNT1_20170223_11869_DIV19"
"19","HOM","C4","16","14","14399.99843312","0.459028182013186","5.6053125","2273","0.15775","9.465","0.581837278849008","89.3803136633749","49.2057335532021","0.0151585709901148","0.0176310265918972","31.281","37.655","71164","88.165","4.55","9.763","0.466","KCNT1_20170223_11869_DIV19"
"19","WT","D1","13","10","11699.99872691","0.278027607483975","5.46938461538462","1869","0.159769230769231","9.58615384615385","0.405075239087653","127.110362501917","49.3922639131974","0.00941188233440027","0.0130791458418417","30.538","39.13","57168","89.333","4.462","6.329","0.705","KCNT1_20170223_11869_DIV19"
"19","HOM","D2","16","14","14399.99843312","0.366134410794734","5.1155625","2049","0.1423125","8.53875","0.395318193778553","116.718263834556","59.2431478570613","0.0117122352695115","0.0157250594142209","32.26","28.117","66165","89.82","5.651","15.432","0.366","KCNT1_20170223_11869_DIV19"
"19","WT","D3","16","16","14399.99843312","0.408626493190077","8.3003125","3467","0.240625","14.4375","0.564835518001688","98.6808766587371","54.2003546688283","0.0136717529109367","0.0169636137925133","30.888","39.056","107090","89.596","3.714","5.798","0.641","KCNT1_20170223_11869_DIV19"
"19","HOM","D4","16","16","14399.99843312","0.343527764074744","7.314875","3318","0.230375","13.8225","0.528069972426794","107.175614187653","54.6263444549744","0.0126439313262635","0.0168659651880604","28.169","34.265","93466","88.732","3.956","6.218","0.636","KCNT1_20170223_11869_DIV19"
"19","WT","E1","14","12","12599.99862898","0.271896754755025","3.09821428571429","1590","0.126214285714286","7.57285714285714","0.467112274520597","100.502094642888","58.3360518580329","0.0146083369974014","0.0175198151023555","19.611","29.838","31221","79.976","5.192","16.34","0.318","KCNT1_20170223_11869_DIV19"
"19","HOM","E2","16","14","14399.99843312","0.38263820225787","8.2223125","3302","0.2293125","13.75875","0.5525426130503","107.571679319774","52.0753898073821","0.0118993695668461","0.015720153298917","33.156","46.542","109546","92.522","3.413","5.563","0.614","KCNT1_20170223_11869_DIV19"
"19","WT","E3","16","12","14399.99843312","0.298656494921136","4.585375","2215","0.15375","9.225","0.376148522328283","116.149398926136","69.2510694942908","0.0129157249367582","0.0173560907872331","24.122","23.579","53526","81.062","4.468","9.031","0.495","KCNT1_20170223_11869_DIV19"
"19","HOM","E4","15","13","13499.99853105","0.447396731034603","8.93853333333333","2888","0.213866666666667","12.832","0.70112985022884","124.079222425616","56.7541271344379","0.0117602124033835","0.0148442273857844","39.043","49.43","112833","93.505","3.574","7.656","0.467","KCNT1_20170223_11869_DIV19"
"19","WT","F1","15","9","13499.99853105","0.191926485491471","2.8874","1225","0.0907333333333333","5.444","0.206109675527424","118.464813531672","65.1546057017382","0.012435470479499","0.0186602559029536","16.429","12.338","20224","51.884","5.489","18.163","0.302","KCNT1_20170223_11869_DIV19"
"19","HOM","F2","13","11","11699.99872691","0.112904473167966","3.15169230769231","1409","0.120461538461538","7.22769230769231","0.0887137366082623","151.902888635195","74.1242767946904","0.00882300684758529","0.014881774067771","13.795","6.078","19465","52.788","6.632","20.207","0.328","KCNT1_20170223_11869_DIV19"
"19","WT","F3","16","12","14399.99843312","0.203347006498559","3.4146875","2078","0.1443125","8.65875","0.204784193896306","112.031670306279","54.7842957977871","0.0117838028147963","0.016074368656673","18.255","12.398","38006","77.294","4.229","12.69","0.333","KCNT1_20170223_11869_DIV19"
"19","HOM","F4","14","10","12599.99862898","0.273683128014343","6.09914285714286","2227","0.176785714285714","10.6071428571429","0.3789036724112","119.52367597978","64.1517124673475","0.00975456599728412","0.0150369338366758","29.055","45.357","64822","84.35","3.25","12.37","0.263","KCNT1_20170223_11869_DIV19"
"21","WT","A1","16","13","14403.99284256","0.342781498954094","4.9431875","2110","0.1465","8.79","0.470875920349274","116.72291043042","69.1456653453079","0.0116328687549588","0.0150374576736301","30.465","41.029","64373","90.41","4.923","9.406","0.523","KCNT1_20170223_11869_DIV21"
"21","HOM","A2","15","13","13503.7432899","0.333049529240868","4.20786666666667","1750","0.1296","7.776","0.527720753201824","102.607953760015","49.3753617038036","0.0125279709556424","0.0171712403221894","27.583","40.318","48326","85.048","5.767","13.269","0.435","KCNT1_20170223_11869_DIV21"
"21","WT","A3","16","15","14403.99284256","0.283895286877015","4.158875","2170","0.1506875","9.04125","0.408119260523958","92.9687592823415","48.1544085615268","0.0146806247245314","0.0182402243495988","20.338","27.128","44153","73.706","5.717","15.648","0.365","KCNT1_20170223_11869_DIV21"
"21","HOM","A4","16","15","14403.99284256","0.304109685117298","6.889375","3196","0.221875","13.3125","0.386362778021589","109.596735718449","50.383649485313","0.0113624414290723","0.0157575481393587","27.764","33.967","88762","89.446","3.808","14.341","0.266","KCNT1_20170223_11869_DIV21"
"21","WT","B1","15","9","13503.7432899","0.26527047613782","2.8888","1242","0.092","5.52","0.235725649446881","112.629070069712","59.7899246078965","0.0112222899735593","0.0164675390468793","24.633","16.04","30742","78.807","4.908","8.933","0.549","KCNT1_20170223_11869_DIV21"
"21","HOM","B2","16","16","14403.99284256","0.429275848696659","7.145875","3023","0.2098125","12.58875","0.530061314921831","84.0892245650311","44.5275088909419","0.01452753244383","0.0181381106188439","30.549","38.349","92350","89.723","4.259","8.141","0.523","KCNT1_20170223_11869_DIV21"
"21","WT","B3","14","9","12603.49373724","0.517034647841584","3.27814285714286","1005","0.0797857142857143","4.78714285714286","0.675628413268667","81.6027293232158","37.5201900651238","0.0142928890497044","0.0156555647187948","37.169","48.498","37541","90.865","6.195","11.138","0.556","KCNT1_20170223_11869_DIV21"
"21","HOM","B4","16","15","14403.99284256","0.475549934718251","6.6215625","2377","0.1650625","9.90375","0.626843242553005","98.1678434991632","48.7833443653749","0.0133187810752941","0.0164597212636954","36.705","44.045","87284","91.516","4.325","9.81","0.441","KCNT1_20170223_11869_DIV21"
"21","WT","C1","13","12","11703.24418458","0.32332357619115","6.91976923076923","2123","0.181307692307692","10.8784615384615","0.397546883136731","144.034558147899","77.6486368900524","0.00977008501678762","0.0145448884726342","34.093","34.808","72413","89.416","4.636","9.099","0.51","KCNT1_20170223_11869_DIV21"
"21","HOM","C2","16","13","14403.99284256","0.361055782116357","5.1868125","2369","0.1644375","9.86625","0.387848846313868","106.281658255061","56.2171809996109","0.0135638947605321","0.0179176940160558","27.618","20.678","65509","87.682","4.053","6.408","0.632","KCNT1_20170223_11869_DIV21"
"21","WT","C3","15","15","13503.7432899","0.480446597434903","11.4636666666667","3610","0.267333333333333","16.04","0.586656690757184","103.711885826727","49.8414290693773","0.0123311427181788","0.0156049067596206","39.962","44.695","144263","93.191","3.264","4.867","0.671","KCNT1_20170223_11869_DIV21"
"21","HOM","C4","16","15","14403.99284256","0.657761818392225","5.676125","1697","0.1179375","7.07625","0.741629477474074","93.3640977681834","49.0589660603703","0.0156314056854348","0.0163320108823605","43.079","40.638","73148","89.467","6.26","14.301","0.438","KCNT1_20170223_11869_DIV21"
"21","WT","D1","13","10","11703.24418458","0.256792546375948","5.37523076923077","1843","0.157538461538462","9.45230769230769","0.352056539336005","119.220260093171","47.4101322057254","0.00990635794971998","0.014201871804662","26.92","33.985","49695","78.996","4.595","8.638","0.532","KCNT1_20170223_11869_DIV21"
"21","HOM","D2","16","13","14403.99284256","0.361181266328421","5.9535","2372","0.164625","9.8775","0.422891397927303","107.356436083622","43.4794823336096","0.0115521582052387","0.0154220713777259","32.264","34.563","76627","89.357","3.921","5.225","0.75","KCNT1_20170223_11869_DIV21"
"21","WT","D3","16","16","14403.99284256","0.467968023322068","7.5345625","2959","0.2054375","12.32625","0.531978158275774","89.9844641053614","49.3826379488415","0.0145317652720671","0.0177927378019265","33.203","34.131","98248","90.529","4.313","6.977","0.618","KCNT1_20170223_11869_DIV21"
"21","HOM","D4","16","16","14403.99284256","0.315341896950192","6.4155625","2610","0.181125","10.8675","0.326708482382651","140.103146158142","64.7714167218342","0.00986021913047646","0.0142762232952772","32.981","22.493","86081","93.152","5.19","3.756","1.382","KCNT1_20170223_11869_DIV21"
"21","WT","E1","14","9","12603.49373724","0.213892422452728","2.78421428571429","1846","0.146428571428571","8.78571428571429","0.189818030449054","83.4202144445043","43.6282146421456","0.0166469694302653","0.0207342316802436","13.846","8.444","25629","73.038","4.023","14.932","0.269","KCNT1_20170223_11869_DIV21"
"21","HOM","E2","15","14","13503.7432899","0.457487395125254","9.15433333333333","2953","0.218666666666667","13.12","0.491199271467779","103.176809081597","49.3297807538626","0.0120334603552825","0.0158489447944277","39.018","38.103","115258","93.238","3.773","4.425","0.853","KCNT1_20170223_11869_DIV21"
"21","WT","E3","16","13","14403.99284256","0.267358374041885","3.7504375","1907","0.1323125","7.93875","0.278162297088883","113.411686644824","59.5058082225075","0.0119348048337112","0.0167500449926446","23.4","18.757","44694","82.736","5.756","10.343","0.557","KCNT1_20170223_11869_DIV21"
"21","HOM","E4","15","13","13503.7432899","0.557861771286821","6.59966666666667","1933","0.143133333333333","8.588","0.516611969763355","106.255388073505","58.6409380631526","0.0131726912204229","0.01605179709006","43.349","33.192","83880","94.12","5.433","6.777","0.802","KCNT1_20170223_11869_DIV21"
"21","WT","F1","16","10","14403.99284256","0.180622628518807","2.3749375","1270","0.08825","5.295","0.188463534476608","110.701375713442","54.0325933191766","0.0120478031359121","0.018405992949471","15.987","14.088","20400","59.635","5.942","18.846","0.315","KCNT1_20170223_11869_DIV21"
"21","HOM","F2","14","11","12603.49373724","0.158596658127554","2.22514285714286","1220","0.0968571428571429","5.81142857142857","0.109450470280735","123.827775913975","48.9034277246837","0.00968849714735257","0.0144968597201017","17.367","9.096","21240","75.735","7.663","14.885","0.515","KCNT1_20170223_11869_DIV21"
"21","WT","F3","16","12","14403.99284256","0.361512229177489","2.6841875","1151","0.0799375","4.79625","0.42747807787184","98.6873676348609","40.302110494861","0.0132567109470743","0.0176434232874047","28.267","24.764","32648","84.445","8.557","19.567","0.437","KCNT1_20170223_11869_DIV21"
"21","HOM","F4","15","9","13503.7432899","0.273580817165724","3.17613333333333","1056","0.0782666666666667","4.696","0.175059625156043","134.544464747406","48.2410257827475","0.00794093221356726","0.0107965845283932","35.446","27.191","37644","87.769","6.523","4.643","1.405","KCNT1_20170223_11869_DIV21"
"25","WT","A1","16","13","14387.99367168","0.350885779643905","5.7934375","2384","0.16575","9.945","0.414404349991187","100.384437150351","50.2764052423997","0.0121930407618064","0.0164186416462768","29.776","38.545","71076","85.269","4.412","16.388","0.269","KCNT1_20170223_11869_DIV25"
"25","HOM","A2","15","13","13488.7440672","0.347127610379955","4.7584","1814","0.134466666666667","8.068","0.485610159193575","101.997633484327","47.0708744854458","0.0117670376399985","0.0165230264525216","30.499","45.926","55386","86.291","6.005","12.023","0.499","KCNT1_20170223_11869_DIV25"
"25","WT","A3","16","14","14387.99367168","0.280569428003533","4.68075","2262","0.157125","9.4275","0.36711985481741","93.5695855721316","46.6126387571702","0.0136428089561856","0.0189332543173277","21.564","27.513","48822","72.492","5.144","12.832","0.401","KCNT1_20170223_11869_DIV25"
"25","HOM","A4","16","15","14387.99367168","0.267625745947355","16.8263125","7863","0.5464375","32.78625","0.293765307547144","131.435078523209","60.5642746935733","0.0100395879718649","0.0149375780405778","27.657","25.989","217494","89.838","1.447","2.252","0.643","KCNT1_20170223_11869_DIV25"
"25","WT","B1","15","7","13488.7440672","0.381179063524416","2.96453333333333","934","0.0692666666666667","4.156","0.386403165711667","111.160999806421","41.8858305790503","0.0111706905749129","0.0151038797911472","35.115","31.231","33078","82.72","5.247","16.798","0.312","KCNT1_20170223_11869_DIV25"
"25","HOM","B2","16","16","14387.99367168","0.393186714569067","3.747875","1694","0.117625","7.0575","0.533898291708562","82.9125331885274","41.2567739888139","0.0147380854220786","0.0191883490607159","27.678","39.832","46887","86.949","6.685","11.961","0.559","KCNT1_20170223_11869_DIV25"
"25","WT","B3","13","10","11690.24485824","0.454269662648221","3.98776923076923","1009","0.0863846153846154","5.18307692307692","0.616894401885064","87.8220162258197","35.8908256390803","0.0111231768352286","0.0136977120592531","41.837","64.792","42339","90.821","5.964","9.903","0.602","KCNT1_20170223_11869_DIV25"
"25","HOM","B4","16","13","14387.99367168","0.509887850494999","5.9031875","1997","0.138875","8.3325","0.601314199680059","94.3182084108597","40.6755438412526","0.013161962609094","0.015526820911416","39.738","42.473","79476","93.574","4.165","11.031","0.378","KCNT1_20170223_11869_DIV25"
"25","WT","C1","13","12","11690.24485824","0.441985676477074","7.62861538461538","1722","0.147307692307692","8.83846153846154","0.583217833071596","114.023728452424","44.051525423536","0.00983471499044345","0.0135166425533118","45.941","62.481","79156","88.758","4.938","11.661","0.423","KCNT1_20170223_11869_DIV25"
"25","HOM","C2","15","12","13488.7440672","0.38686600979557","3.7308","1758","0.130266666666667","7.816","0.443812984810915","83.0163806233602","41.5251178091385","0.0163488047623047","0.019856314950709","24.662","23.78","43429","86.299","4.746","10.93","0.434","KCNT1_20170223_11869_DIV25"
"25","WT","C3","15","15","13488.7440672","0.557223768941053","7.03206666666667","1917","0.142","8.52","0.688713053081952","92.9561861916072","44.0219643329153","0.012101209500861","0.0154343629232871","47.047","60.934","90189","95.085","5.126","7.863","0.652","KCNT1_20170223_11869_DIV25"
"25","HOM","C4","16","16","14387.99367168","0.48761805976428","3.1531875","1103","0.0766875","4.60125","0.534342088395012","95.5801855533016","44.7879863572885","0.0135234899781248","0.0161494089765843","37.057","35.192","40874","90.096","9.265","18.098","0.512","KCNT1_20170223_11869_DIV25"
"25","WT","D1","13","11","11690.24485824","0.314976673441064","3.71453846153846","1050","0.0898461538461539","5.39076923076923","0.446766391325978","105.962025763316","42.6363070751144","0.0101736401737795","0.0150423452014099","31.958","50.15","33620","77.423","7.223","14.78","0.489","KCNT1_20170223_11869_DIV25"
"25","HOM","D2","16","14","14387.99367168","0.235990124244854","8.6188125","4613","0.3205625","19.23375","0.202892997032959","89.2007694695921","36.6866530455011","0.013693788957778","0.0184491229880165","18.233","14.34","84145","67.856","1.662","2.172","0.765","KCNT1_20170223_11869_DIV25"
"25","WT","D3","16","16","14387.99367168","0.659462945800672","2.9575","893","0.062","3.72","0.862973682141585","76.0593772815265","39.9428403292822","0.0152612317456204","0.0173489443565759","44.212","61.924","39481","92.783","12.092","30.802","0.393","KCNT1_20170223_11869_DIV25"
"25","HOM","D4","16","16","14387.99367168","0.396483715698853","4.2345625","1481","0.1030625","6.18375","0.374859592081773","118.023306746061","54.6784989142353","0.0103872701742438","0.0148357973475533","39.17","28.404","58011","95.216","9.28","8.182","1.134","KCNT1_20170223_11869_DIV25"
"25","WT","E1","14","10","12589.49446272","0.226839841719425","2.10042857142857","1386","0.110142857142857","6.60857142857143","0.184228270276513","83.3228133053831","46.5224002247438","0.0165091041410546","0.0224160075746077","14.737","8.452","20485","77.471","5.462","15.271","0.358","KCNT1_20170223_11869_DIV25"
"25","HOM","E2","15","15","13488.7440672","0.483877099877943","7.45293333333333","2294","0.170133333333333","10.208","0.588018266500247","98.2207395286301","39.8374410286969","0.0121383322265356","0.0158350545197017","40.864","48.691","93741","93.246","4.303","6.634","0.649","KCNT1_20170223_11869_DIV25"
"25","WT","E3","16","14","14387.99367168","0.296595735827519","3.783","2004","0.13925","8.355","0.347300539771595","98.6652744479064","48.6069718979746","0.0131186701225939","0.0176537880157364","23.608","23.817","47357","87.004","5.264","13.777","0.382","KCNT1_20170223_11869_DIV25"
"25","HOM","E4","15","13","13488.7440672","0.460673308834745","6.15646666666667","1886","0.139733333333333","8.384","0.595150623893423","114.033387962529","47.2437348925568","0.0113173700677935","0.0152741363603109","41.704","44.994","78737","94.817","5.163","8.88","0.581","KCNT1_20170223_11869_DIV25"
"25","WT","F1","16","10","14387.99367168","0.298973097276706","2.852875","1136","0.0789375","4.73625","0.373231889602909","96.0096117501497","49.7695319239451","0.0129191492769032","0.0190169831153939","24.137","30.405","27564","67.156","6.234","20.769","0.3","KCNT1_20170223_11869_DIV25"
"25","HOM","F2","14","11","12589.49446272","0.22372004947885","2.81971428571429","1321","0.104928571428571","6.29571428571429","0.239470803283273","105.84385880262","49.7971143981258","0.0123413751722844","0.0187704311223784","19.125","15.428","25322","71.334","7.058","22.744","0.31","KCNT1_20170223_11869_DIV25"
"25","WT","F3","16","13","14387.99367168","0.297245654781436","3.6808125","1850","0.1285625","7.71375","0.396146546797505","93.7972135650672","42.1511282125315","0.0135144812619001","0.018115716164353","22.993","26.889","42606","80.449","4.734","14.905","0.318","KCNT1_20170223_11869_DIV25"
"25","HOM","F4","13","9","11690.24485824","0.378827661513124","6.75076923076923","1939","0.166","9.96","0.466021194257752","101.63597692919","60.0959880025862","0.0108594170389932","0.0155192282850826","35.883","53.177","69720","88.345","3.763","9.866","0.381","KCNT1_20170223_11869_DIV25"
"27","WT","A1","16","13","14467.99269184","0.397774680010818","7.2839375","2770","0.1914375","11.48625","0.467095612352948","95.7711190853768","45.9441047292292","0.0123682939121123","0.0155291680996584","33.16","41.97","91952","87.255","3.595","10.447","0.344","KCNT1_20170223_11869_DIV27"
"27","HOM","A2","15","13","13563.7431486","0.447203727431059","8.75746666666667","2754","0.203","12.18","0.587392482877546","100.987029292928","44.8861941709246","0.0117190593591328","0.0157803192059394","39.16","54.668","107924","90.857","3.81","5.94","0.641","KCNT1_20170223_11869_DIV27"
"27","WT","A3","15","14","13563.7431486","0.358451227202493","4.0858","1604","0.118133333333333","7.088","0.493823544734126","85.6352409340619","36.9324251589225","0.013084541828561","0.0178816492359537","28.394","43.209","45573","82.235","7.329","15.529","0.472","KCNT1_20170223_11869_DIV27"
"27","HOM","A4","16","15","14467.99269184","0.471439628732395","9.279625","3052","0.211","12.66","0.442586803266422","101.459902829265","45.7543658078853","0.0115297530041495","0.0157834254114931","41.889","41.999","127886","95.255","3.924","10.274","0.382","KCNT1_20170223_11869_DIV27"
"27","WT","B1","13","8","11755.24406212","0.336895938475338","3.38723076923077","1110","0.0944615384615385","5.66769230769231","0.368305874247998","110.781818749841","51.7496965595945","0.0118054926741884","0.0164376135957536","29.533","28.13","32929","82.703","5.518","20.978","0.263","KCNT1_20170223_11869_DIV27"
"27","HOM","B2","16","16","14467.99269184","0.484528114248021","2.07125","758","0.05225","3.135","0.456531632449413","77.5125424712315","32.099497087568","0.0136909084693954","0.0177796316269131","36.391","38.268","27584","92.048","17.891","34.807","0.514","KCNT1_20170223_11869_DIV27"
"27","WT","B3","12","9","10850.99451888","0.667362580833332","3.25241666666667","597","0.0549166666666667","3.295","0.796938845396481","74.2489800185378","26.6414415827656","0.0123137200473584","0.0142308085075481","55.192","74.936","33115","93.831","11.215","19.576","0.573","KCNT1_20170223_11869_DIV27"
"27","HOM","B4","16","15","14467.99269184","0.613835141010675","5.2173125","1404","0.0970625","5.82375","0.47508865398183","96.7853284306635","39.7741090037839","0.0123115783232216","0.0144432157542981","50.858","33.947","71455","94.662","7.941","13.105","0.606","KCNT1_20170223_11869_DIV27"
"27","WT","C1","13","12","11755.24406212","0.69336740787321","6.30961538461538","977","0.0830769230769231","4.98461538461538","0.897285642710724","94.1994793838744","35.0429192490777","0.0102827016376787","0.0134838767600172","68.429","96.288","66924","90.228","9.917","25.863","0.383","KCNT1_20170223_11869_DIV27"
"27","HOM","C2","15","12","13563.7431486","0.428267670623013","3.76886666666667","1570","0.115666666666667","6.94","0.355951445851392","83.0719812196654","38.4155610586334","0.0147307147268871","0.0176353290008649","30.071","21.319","47302","92.531","5.566","9.165","0.607","KCNT1_20170223_11869_DIV27"
"27","WT","C3","15","15","13563.7431486","0.597569792510936","8.93406666666667","2286","0.168666666666667","10.12","0.679267254524535","88.1960136043379","42.4993038513997","0.0121048510485507","0.015135642383535","50.366","63.4","115137","95.014","5.141","10.838","0.474","KCNT1_20170223_11869_DIV27"
"27","HOM","C4","16","16","14467.99269184","0.62080768436267","4.7681875","1318","0.091","5.46","0.667517375457657","88.8404555118953","39.7012096929266","0.0133920018329569","0.0148607921141319","47.357","52.708","62416","90.476","8.843","23.06","0.383","KCNT1_20170223_11869_DIV27"
"27","WT","D1","13","10","11755.24406212","0.334040200797824","4.07907692307692","1100","0.0936153846153846","5.61692307692308","0.503440303805525","103.497512226751","42.5717717410761","0.00972795621069306","0.0145339367220701","35.335","58.281","38975","81.281","7.532","16.128","0.467","KCNT1_20170223_11869_DIV27"
"27","HOM","D2","16","14","14467.99269184","0.39573604073948","7.407625","3230","0.22325","13.395","0.46213896730132","81.8838215149133","32.298156661566","0.0145087503110431","0.0175600394872408","28.275","32.406","91385","85.269","2.952","11.831","0.25","KCNT1_20170223_11869_DIV27"
"27","WT","D3","16","16","14467.99269184","0.43604677271723","8.954125","3349","0.2315","13.89","0.506547556606912","98.9431125320232","47.908659133925","0.0123929277534689","0.0160260036498927","36.185","43.374","121184","93.544","3.872","5.195","0.745","KCNT1_20170223_11869_DIV27"
"27","HOM","D4","16","16","14467.99269184","0.309520640921621","5.93625","2322","0.1605","9.63","0.232446966308611","132.811781673189","50.1927765374499","0.00895663083658393","0.0130210990651678","35.558","21.523","82565","96.133","5.902","1.679","3.515","KCNT1_20170223_11869_DIV27"
"27","WT","E1","12","10","10850.99451888","0.304477247946613","2.1535","972","0.0896666666666667","5.38","0.300584736259674","75.4421308378426","43.0914614476613","0.0176534817251028","0.0223002516293417","18.245","16.415","17771","76.052","8.45","21.806","0.388","KCNT1_20170223_11869_DIV27"
"27","HOM","E2","15","15","13563.7431486","0.656430640650658","5.21373333333333","1291","0.0952","5.712","0.647271560556272","83.8481226437472","30.0888282679738","0.0126856469235375","0.0160600152965964","52.746","51.135","68095","96.29","9.233","7.964","1.159","KCNT1_20170223_11869_DIV27"
"27","WT","E3","16","13","14467.99269184","0.397453892816327","3.8946875","1712","0.118375","7.1025","0.466738218085084","86.0831120631888","39.9738302875982","0.0138526485830997","0.0179215901227888","29.69","34.73","50918","90.36","6.461","9.909","0.652","KCNT1_20170223_11869_DIV27"
"27","HOM","E4","15","13","13563.7431486","0.462277444658776","4.85213333333333","1434","0.1058","6.348","0.326044065255005","109.788105789469","49.9762098607232","0.0108664333038141","0.0147473191490818","43.54","26.458","62524","95.004","7.718","7.286","1.059","KCNT1_20170223_11869_DIV27"
"27","WT","F1","16","10","14467.99269184","0.311685915877492","6.007125","2051","0.1418125","8.50875","0.301724784446126","114.901411215409","55.4144115373062","0.0108210759499739","0.0155307617070562","29.801","29.006","61300","70.532","3.906","19.502","0.2","KCNT1_20170223_11869_DIV27"
"27","HOM","F2","13","11","11755.24406212","0.304954601694024","3.52976923076923","1521","0.129384615384615","7.76307692307692","0.359900543441619","86.452267293221","39.1492864728533","0.014649902481784","0.0199076233467517","21.815","23.024","33224","80.067","5.87","14.03","0.418","KCNT1_20170223_11869_DIV27"
"27","WT","F3","16","15","14467.99269184","0.495528073949772","3.540125","1313","0.0909375","5.45625","0.485733808411715","87.7919762121818","32.9527110184684","0.0143605983363843","0.016057668601076","35.505","29.831","46654","91.087","8.781","18.997","0.462","KCNT1_20170223_11869_DIV27"
"27","HOM","F4","14","9","12659.49360536","0.547787343735256","6.37085714285714","1521","0.120214285714286","7.21285714285714","0.653765334426748","80.297800530548","40.8274419092726","0.0115406442718098","0.0158905982291939","48.463","79.547","73954","91.696","4.724","8.164","0.579","KCNT1_20170223_11869_DIV27"
"29","WT","A1","16","13","14909.04899184","0.346275329619195","7.4211875","3227","0.2165","12.99","0.395886918814796","96.4118572763239","45.307933253896","0.0123553638737365","0.0165292515140684","29.025","34.101","93752","84.733","2.937","8.79","0.334","KCNT1_20170223_11869_DIV29"
"29","HOM","A2","15","13","13977.23342985","0.387277924743748","6.6844","2437","0.174333333333333","10.46","0.523649822495517","99.6024135692697","43.4264762744297","0.0115357570461152","0.0158153764866696","34.571","51.104","84319","90.249","4.567","8.762","0.521","KCNT1_20170223_11869_DIV29"
"29","WT","A3","16","15","14909.04899184","0.29370764312113","4.69275","2261","0.151625","9.0975","0.434338223862801","95.5024609728698","41.8766574803854","0.0124942018418775","0.0170718976666203","24.507","38.198","55435","79.232","5.441","13.147","0.414","KCNT1_20170223_11869_DIV29"
"29","HOM","A4","16","15","14909.04899184","0.412613309871329","7.953875","3030","0.20325","12.195","0.350966844722275","102.57469395124","47.3148182211271","0.0115658871389333","0.0159902597007164","36.675","31.858","111161","93.74","4.061","5.845","0.695","KCNT1_20170223_11869_DIV29"
"29","WT","B1","15","9","13977.23342985","0.325422746776118","3.21073333333333","1334","0.0953333333333333","5.72","0.410553698015933","101.877021482551","43.0383569212126","0.0122832168299484","0.0169930577364833","27.489","32.398","36835","82.08","5.665","21.338","0.265","KCNT1_20170223_11869_DIV29"
"29","HOM","B2","16","16","14909.04899184","0.374450096113226","4.6749375","2102","0.141","8.46","0.445108910943049","93.4047291758043","41.837568049958","0.0127141373678259","0.0176468276192606","30.451","35.833","64009","91.838","6.59","12.174","0.541","KCNT1_20170223_11869_DIV29"
"29","WT","B3","13","9","12113.60230587","0.497607496226603","4.25392307692308","1011","0.0835384615384615","5.01230769230769","0.63005249301963","85.5304797771459","31.9541332985232","0.0108884492879317","0.0134924330748535","46.697","67.909","47397","91.979","6.767","12.183","0.555","KCNT1_20170223_11869_DIV29"
"29","HOM","B4","16","15","14909.04899184","0.581163076018011","6.89175","1998","0.1340625","8.04375","0.578341188916431","94.1780495625443","36.8722446890675","0.0122141091201178","0.0148224364490185","48.581","43.733","97113","94.514","6.221","11.628","0.535","KCNT1_20170223_11869_DIV29"
"29","WT","C1","13","12","12113.60230587","0.503367221030605","8.21623076923077","1600","0.132076923076923","7.92461538461539","0.665453390530823","109.553480130178","39.2947977640779","0.0091909597170489","0.0127747459974805","55.767","79.79","89283","89.706","6.301","16.436","0.383","KCNT1_20170223_11869_DIV29"
"29","HOM","C2","15","12","13977.23342985","0.424843881603015","4.61666666666667","1987","0.142133333333333","8.528","0.522643475504105","87.5437578102323","42.304988654495","0.0152683544822293","0.0183592372125014","28.824","32.293","57359","88.889","4.68","10.84","0.432","KCNT1_20170223_11869_DIV29"
"29","WT","C3","15","15","13977.23342985","0.611452388626293","10.3150666666667","2708","0.193866666666667","11.632","0.664942563200924","83.1739453719836","38.2105790897104","0.0122859405696987","0.0153790740642561","50.768","62.172","137481","95.354","4.474","6.03","0.742","KCNT1_20170223_11869_DIV29"
"29","HOM","C4","16","16","14909.04899184","0.350918139366925","4.126125","1548","0.1039375","6.23625","0.23249608680296","113.029294754032","40.4588819056358","0.0106405484553005","0.0132612786197489","33.979","20.12","52600","85.503","8.907","23.802","0.374","KCNT1_20170223_11869_DIV29"
"29","WT","D1","13","10","12113.60230587","0.342387775613207","8.84446153846154","2117","0.174769230769231","10.4861538461538","0.360741249839238","111.026918434103","56.3827677411485","0.00937527716957492","0.0153840170527756","37.519","45.243","79540","74.24","3.877","9.368","0.414","KCNT1_20170223_11869_DIV29"
"29","HOM","D2","16","14","14909.04899184","0.4082673758501","5.07425","1986","0.1331875","7.99125","0.463700621215","96.5298593353155","35.8115770274074","0.0121686313616396","0.0159912355909009","34.55","35.361","68685","90.79","5.892","11.827","0.498","KCNT1_20170223_11869_DIV29"
"29","WT","D3","16","16","14909.04899184","0.528721046466418","8.1105","2680","0.17975","10.785","0.655026661105616","97.0406682028053","47.7859667587737","0.0127216218321467","0.0161601669593052","42.561","52.95","114063","94.33","4.96","6.445","0.77","KCNT1_20170223_11869_DIV29"
"29","HOM","D4","16","16","14909.04899184","0.309821165413223","4.93875","1936","0.13","7.8","0.216218025518211","134.544410275388","51.8278014658143","0.00868514923170483","0.0127790394892489","36.673","21.245","70998","96.423","7.357","1.873","3.928","KCNT1_20170223_11869_DIV29"
"29","WT","E1","12","10","11181.78674388","0.273747171226611","2.103","960","0.0856666666666667","5.14","0.272124344884558","85.2006878408953","49.4971347724678","0.0157559398540146","0.0214412667037484","18.372","16.205","17674","75.161","8.849","28.92","0.306","KCNT1_20170223_11869_DIV29"
"29","HOM","E2","15","15","13977.23342985","0.490103645110693","6.29733333333333","2123","0.1518","9.108","0.629514089202441","93.5114666410681","38.4995367136654","0.0128732095930765","0.0167389970367018","39.072","45.942","82949","94.238","5.637","8.534","0.661","KCNT1_20170223_11869_DIV29"
"29","WT","E3","16","14","14909.04899184","0.401041717125668","3.4684375","1494","0.100125","6.0075","0.367444029184696","91.1064518472114","41.251325367838","0.0130468285053822","0.0173926190999259","31.737","27.712","47479","91.816","8.011","15.369","0.521","KCNT1_20170223_11869_DIV29"
"29","HOM","E4","15","14","13977.23342985","0.455470290593888","7.20853333333333","2289","0.1636","9.816","0.487425146591134","108.706500074039","46.1821165362579","0.0112240332887827","0.0152439868541607","41.579","40.033","95217","94.503","4.813","7.342","0.656","KCNT1_20170223_11869_DIV29"
"29","WT","F1","16","10","14909.04899184","0.399121807123458","2.6759375","804","0.053875","3.2325","0.570847181704227","89.4693546032036","35.8948123603542","0.0116253250303859","0.0169213792456741","35.325","57.202","28613","71.719","9.733","18.867","0.516","KCNT1_20170223_11869_DIV29"
"29","HOM","F2","13","11","12113.60230587","0.31894053392834","3.72623076923077","1533","0.126461538461538","7.58769230769231","0.388466956196337","89.8078030985971","40.9312045614307","0.0141344146311748","0.019717780197459","23.564","24.994","36170","80.132","6.203","16.381","0.379","KCNT1_20170223_11869_DIV29"
"29","WT","F3","16","15","14909.04899184","0.309454080961537","5.3319375","2651","0.1776875","10.66125","0.356704435438444","99.8808003270456","46.6109106161748","0.0131482163947322","0.0178115515873066","24.535","25.175","65068","81.852","4.376","19.925","0.22","KCNT1_20170223_11869_DIV29"
"29","HOM","F4","15","11","13977.23342985","0.497736132461432","5.2746","1422","0.1016","6.096","0.31975883558036","95.8802234605037","44.9812513115143","0.0107028729852525","0.0138841232913016","47.502","39.703","67738","91.882","5.263","7.065","0.745","KCNT1_20170223_11869_DIV29"
"31","WT","A1","16","14","14439.93570096","0.530793219602596","4.033","1231","0.08525","5.115","0.563293010884096","90.9967779567586","37.7074631420607","0.0123372801947293","0.0142408331476053","44.022","48.694","54279","93.205","8.869","10.299","0.861","KCNT1_20170223_11869_DIV31"
"31","HOM","A2","15","14","13537.43971965","0.446530908822087","5.50166666666667","1629","0.1204","7.224","0.561058394205051","102.798873334998","39.2717527173812","0.0107234785246192","0.0146801557740298","42.64","57.298","69503","93.319","6.682","11.227","0.595","KCNT1_20170223_11869_DIV31"
"31","WT","A3","16","14","14439.93570096","0.341506781998199","5.081","2220","0.15375","9.225","0.515754450411309","94.1659859880435","41.4244113205982","0.012815660427961","0.0165186166139924","27.647","42.325","61431","83.728","5.009","10.879","0.46","KCNT1_20170223_11869_DIV31"
"31","HOM","A4","16","15","14439.93570096","0.418751239408784","6.8391875","2367","0.1639375","9.83625","0.392714990617627","108.55736608047","47.0178247385798","0.0108621200013145","0.0151595378209589","39.551","38.213","93657","94.834","4.986","14.187","0.351","KCNT1_20170223_11869_DIV31"
"31","WT","B1","15","9","13537.43971965","0.353305341799806","2.57233333333333","1033","0.0763333333333333","4.58","0.377480897344238","94.9698189220349","42.4610028181459","0.012927777782356","0.0177790344446978","28.323","27.786","29428","84.51","5.774","15.164","0.381","KCNT1_20170223_11869_DIV31"
"31","HOM","B2","16","16","14439.93570096","0.43925219509589","3.8995","1460","0.1011875","6.07125","0.445014483614242","81.0849791410619","32.8218449960091","0.0128125827590754","0.0186018999724379","35.283","37.002","51513","91.486","9.029","16.581","0.545","KCNT1_20170223_11869_DIV31"
"31","WT","B3","13","9","11732.44775703","0.550912711389893","2.26753846153846","550","0.0468461538461538","2.81076923076923","0.812678522950138","78.2867527914915","32.0373077810901","0.0128421123499958","0.0148161455632936","43.892","70.598","24316","91.4","8.418","16.339","0.515","KCNT1_20170223_11869_DIV31"
"31","HOM","B4","16","15","14439.93570096","0.528490776169103","6.4100625","1915","0.132625","7.9575","0.501999609103551","101.73364669517","47.2702224073608","0.0119065004073138","0.0146804608381667","45.386","38.492","86960","93.95","6.389","10.933","0.584","KCNT1_20170223_11869_DIV31"
"31","WT","C1","13","12","11732.44775703","0.58181921628229","5.75130769230769","1083","0.0922307692307692","5.53384615384615","0.717335415399275","94.2457354431208","33.9175152660323","0.0104842747265444","0.0139833834135092","56.494","76.438","61239","90.755","8.293","14.727","0.563","KCNT1_20170223_11869_DIV31"
"31","HOM","C2","15","11","13537.43971965","0.444805777940403","2.97233333333333","1137","0.084","5.04","0.341995796004731","85.7219332990567","41.6292963252111","0.0140685625122661","0.017839400250759","32.613","22.933","37212","92.477","8.115","11.829","0.686","KCNT1_20170223_11869_DIV31"
"31","WT","C3","15","15","13537.43971965","0.606239967840812","8.96546666666667","2362","0.1744","10.464","0.713272342516902","84.9816375495165","39.8726382466868","0.0128229497988717","0.0151993813333848","48.278","59.309","114032","93.955","4.611","8.749","0.527","KCNT1_20170223_11869_DIV31"
"31","HOM","C4","16","16","14439.93570096","0.306497748668225","3.0435","1284","0.0889375","5.33625","0.296649689421503","118.001541669423","56.5644034536002","0.0111732187067742","0.0148973769462952","28.431","20.969","36506","83.068","8.49","17.55","0.484","KCNT1_20170223_11869_DIV31"
"31","WT","D1","13","10","11732.44775703","0.340112005727989","6.94523076923077","1769","0.150769230769231","9.04615384615385","0.366908531952222","106.005438070198","55.1374102929733","0.0102618504026902","0.0160066387224938","34.142","40.68","60499","74.246","4.663","11.313","0.412","KCNT1_20170223_11869_DIV31"
"31","HOM","D2","16","15","14439.93570096","0.320426482591255","6.3079375","2766","0.1914375","11.48625","0.349088061710105","103.272131744714","39.2441928835809","0.0112408250691601","0.0150764020754134","29.505","30.662","81641","89.632","3.883","16.516","0.235","KCNT1_20170223_11869_DIV31"
"31","WT","D3","16","16","14439.93570096","0.493705141544607","3.6180625","1502","0.104","6.24","0.593830237348992","75.8180668549138","37.6964558268373","0.0162245951777705","0.0190769571703704","31.429","35.29","47207","90.355","7.776","11.444","0.679","KCNT1_20170223_11869_DIV31"
"31","HOM","D4","16","16","14439.93570096","0.315427951083291","4.504125","1957","0.135625","8.1375","0.292828030915589","123.397391030729","55.2483166148308","0.0103659529852225","0.0146954217313892","31.429","19.889","61507","94.569","6.582","4.727","1.392","KCNT1_20170223_11869_DIV31"
"31","WT","E1","13","10","11732.44775703","0.316061361241951","2.28907692307692","1084","0.0924615384615385","5.54769230769231","0.273952328346725","74.7938152242944","42.3038856677729","0.0170314643897482","0.0216599214406905","19.555","17.133","21256","79.148","7.409","14.147","0.524","KCNT1_20170223_11869_DIV31"
"31","HOM","E2","15","15","13537.43971965","0.498511635434956","4.4558","1253","0.0924","5.544","0.397256630941661","94.0453125957415","35.727499966081","0.0110621449934474","0.0155878948374842","46.065","32.923","57719","95.688","9.527","6.549","1.455","KCNT1_20170223_11869_DIV31"
"31","WT","E3","16","14","14439.93570096","0.301003039895608","5.3276875","2776","0.1921875","11.53125","0.317291997640081","100.34898533495","50.4042112818085","0.012682943194752","0.0174442466190568","24.732","23.811","68706","89.31","3.993","7.322","0.545","KCNT1_20170223_11869_DIV31"
"31","HOM","E4","15","13","13537.43971965","0.421297213718372","5.71053333333333","1816","0.134133333333333","8.048","0.419328425187613","113.845805514104","48.1151308575627","0.0107550141759461","0.0144442493519966","40.171","34.97","73031","94.469","5.814","8.873","0.655","KCNT1_20170223_11869_DIV31"
"31","WT","F1","16","11","14439.93570096","0.223260731572801","6.1895","2392","0.165625","9.9375","0.204990773816414","138.7271606086","61.4802558228971","0.0094295627293712","0.0143457739019019","24.675","19.835","59145","66.176","2.993","13.046","0.229","KCNT1_20170223_11869_DIV31"
"31","HOM","F2","13","11","11732.44775703","0.282039626251932","3.338","1292","0.110076923076923","6.60461538461538","0.34668930938463","104.611324669396","47.2686049477995","0.0119135364748319","0.0168166188676655","24.672","26.726","31926","81.521","6.904","11.253","0.614","KCNT1_20170223_11869_DIV31"
"31","WT","F3","16","15","14439.93570096","0.365522139183153","3.5635","1566","0.1085625","6.51375","0.401820774459632","96.7057006364294","39.6316098890681","0.0132264909848747","0.0170859432681723","28.635","26.366","44871","87.199","7.018","15.25","0.46","KCNT1_20170223_11869_DIV31"
"31","HOM","F4","14","10","12634.94373834","0.411812456315445","4.89578571428571","1524","0.120714285714286","7.24285714285714","0.302933726428045","104.348235218268","58.2129336328656","0.0111497879589269","0.0141416645464951","37.932","34.778","57960","93.698","4.885","4.794","1.019","KCNT1_20170223_11869_DIV31"
"33","WT","A1","16","13","14407.98763728","0.396509264342274","4.140125","1563","0.1085","6.51","0.493479009428924","101.590729464176","45.2018741122518","0.0121195594324082","0.015894641101398","33.715","41.213","52797","88.51","6.907","13.68","0.505","KCNT1_20170223_11869_DIV33"
"33","HOM","A2","15","14","13507.48840995","0.339322682868283","6.1246","2307","0.170666666666667","10.24","0.355113181097197","109.874719601948","47.5832177557444","0.010387245371903","0.01468905670959","33.667","37.709","77703","93.927","4.782","11.263","0.425","KCNT1_20170223_11869_DIV33"
"33","WT","A3","16","15","14407.98763728","0.266500991898107","7.1868125","3434","0.238375","14.3025","0.346514990659016","108.037657689682","50.405879410974","0.0117232177849065","0.017045589396238","23.732","29.914","81521","78.729","3.456","16.643","0.208","KCNT1_20170223_11869_DIV33"
"33","HOM","A4","16","15","14407.98763728","0.238487717033154","16.412625","7630","0.5295625","31.77375","0.21989980901741","147.483646392703","68.5267972047115","0.00926313207144202","0.0143568467077061","26.746","19.417","204097","86.309","1.527","2.031","0.752","KCNT1_20170223_11869_DIV33"
"33","WT","B1","15","8","13507.48840995","0.197697540612026","7.1362","2787","0.206266666666667","12.376","0.143967938230058","126.593379661983","56.9932426531003","0.00989213503948853","0.0147217051466733","20.983","12.255","58626","60.82","1.863","11.816","0.158","KCNT1_20170223_11869_DIV33"
"33","HOM","B2","16","16","14407.98763728","0.435321717742819","3.8654375","1462","0.1015","6.09","0.476391856318844","86.6229206795349","34.1234703142182","0.0127855749797099","0.0182222963065844","35.048","34.594","51240","92.003","9.136","16.15","0.566","KCNT1_20170223_11869_DIV33"
"33","WT","B3","13","9","11706.48995529","0.476221798770053","4.00023076923077","931","0.0794615384615385","4.76769230769231","0.545074033788794","93.2930949809833","41.4570165309721","0.010752913179502","0.0144496982386427","45.283","59.308","42340","90.416","7.027","11.61","0.605","KCNT1_20170223_11869_DIV33"
"33","HOM","B4","16","15","14407.98763728","0.433371008147394","6.925875","2455","0.170375","10.2225","0.425790768920093","99.1236833808521","40.4594425873098","0.0117169849515076","0.0153041521152694","37.986","35.77","93294","93.494","4.926","11.804","0.417","KCNT1_20170223_11869_DIV33"
"33","WT","C1","14","12","12606.98918262","0.499900596629287","6.36914285714286","1514","0.119928571428571","7.19571428571429","0.627052334204597","103.530796724271","43.3836929711341","0.0107659753738298","0.0146070773183035","47.432","61.478","71907","89.555","6.225","21.606","0.288","KCNT1_20170223_11869_DIV33"
"33","HOM","C2","15","12","13507.48840995","0.326259055688074","3.155","1523","0.112733333333333","6.764","0.254952903263636","88.9106006748309","41.5542340446985","0.0134563452790616","0.0183312417687631","25.244","18.176","38522","90.393","6.59","20.953","0.315","KCNT1_20170223_11869_DIV33"
"33","WT","C3","15","15","13507.48840995","0.383403817681698","10.7269333333333","3770","0.279","16.74","0.414216706013149","107.588167479097","51.874236108045","0.0113110861862915","0.0153555856373745","34.896","38.759","131559","90.797","2.948","3.103","0.95","KCNT1_20170223_11869_DIV33"
"33","HOM","C4","16","16","14407.98763728","0.402284864475109","5.1926875","1848","0.12825","7.695","0.304204850950032","107.771297597242","47.3540397894606","0.0115893561592904","0.014530786744439","35.712","24.474","65995","88.211","7.224","13.751","0.525","KCNT1_20170223_11869_DIV33"
"33","WT","D1","13","10","11706.48995529","0.241717240134668","10.5093076923077","2893","0.247","14.82","0.243919850411141","143.508615810433","76.3333868635294","0.00836076162040463","0.0140240644768551","29.91","31.253","86619","70.406","2.828","8.951","0.316","KCNT1_20170223_11869_DIV33"
"33","HOM","D2","16","15","14407.98763728","0.330962634375236","6.1708125","2648","0.1838125","11.02875","0.389281231810159","100.265875948831","37.9809222558561","0.0115269928010203","0.0149977748452452","29.712","35.439","78706","88.524","4.184","9.116","0.459","KCNT1_20170223_11869_DIV33"
"33","WT","D3","16","16","14407.98763728","0.301231216934255","8.2643125","4198","0.291375","17.4825","0.333053796646833","106.228683716161","56.122506209977","0.0126610063045285","0.0175987265425772","24.792","24.741","104077","87.408","3.122","4.354","0.717","KCNT1_20170223_11869_DIV33"
"33","HOM","D4","16","16","14407.98763728","0.283087018005224","6.8031875","3063","0.2125625","12.75375","0.278277996543045","126.95519756121","54.8416143555732","0.00983045786690096","0.0145641673217618","29.797","21.956","91268","93.112","4.363","5.183","0.842","KCNT1_20170223_11869_DIV33"
"33","WT","E1","13","10","11706.48995529","0.263047472536178","2.67046153846154","1310","0.111923076923077","6.71538461538461","0.202245793795392","80.3094009695299","42.2056596965539","0.0151616036628622","0.0206402679547594","18.347","14.881","24090","77.056","6.248","11.849","0.527","KCNT1_20170223_11869_DIV33"
"33","HOM","E2","15","15","13507.48840995","0.31886611470429","5.3882","2215","0.164","9.84","0.295914355234888","105.432905305787","40.8286139019902","0.0109500386671525","0.0160817216240612","30.12","23.951","66716","91.664","5.534","10.391","0.533","KCNT1_20170223_11869_DIV33"
"33","WT","E3","16","13","14407.98763728","0.491096109478358","4.8715","1799","0.124875","7.4925","0.57806963979901","75.521354626148","36.8676429823287","0.0142619692067688","0.0182164144747038","35.432","46.762","63849","90.969","5.52","6.197","0.891","KCNT1_20170223_11869_DIV33"
"33","HOM","E4","15","13","13507.48840995","0.394477826903137","6.85766666666667","2197","0.162666666666667","9.76","0.430435066447263","112.87223608143","42.2157822439583","0.0102386188253623","0.0142490044083996","39.528","40.136","86921","93.837","4.864","8.88","0.548","KCNT1_20170223_11869_DIV33"
"33","WT","F1","16","11","14407.98763728","0.20737380894348","6.240625","2702","0.1875","11.25","0.176088643620941","132.898567712029","62.1127320527619","0.0100784735957558","0.0154441734590831","21.574","15.409","58401","64.951","2.961","9.527","0.311","KCNT1_20170223_11869_DIV33"
"33","HOM","F2","14","11","12606.98918262","0.25313709640707","4.46692857142857","2090","0.165857142857143","9.95142857142857","0.287843963195574","119.234097630836","67.7567401605294","0.011915079898799","0.017310094507176","22.244","21.036","46556","82.672","4.437","9.223","0.481","KCNT1_20170223_11869_DIV33"
"33","WT","F3","16","16","14407.98763728","0.229973604272109","3.985125","2205","0.1529375","9.17625","0.202674720814858","110.407546825363","51.6849009377316","0.012054098065513","0.0168655696475755","20.078","12.997","44273","77.108","4.258","15.631","0.272","KCNT1_20170223_11869_DIV33"
"33","HOM","F4","13","10","11706.48995529","0.353599131450752","6.33653846153846","2058","0.175769230769231","10.5461538461538","0.448675054882113","117.720419694391","72.8032213096511","0.0116797200128213","0.0158958896503097","31.273","43.014","64454","86.89","3.515","6.838","0.514","KCNT1_20170223_11869_DIV33"
"35","WT","A1","16","13","14495.98493136","0.401371369132548","3.87325","1438","0.099125","5.9475","0.44854359441417","95.8481707325188","37.2983232746561","0.0117108638317","0.0161522884221638","35.271","41.665","50826","90.523","7.142","13.623","0.524","KCNT1_20170223_11869_DIV35"
"35","HOM","A2","15","13","13589.98587315","0.423333702991215","7.12193333333333","2161","0.159","9.54","0.474816680758911","104.001187084935","40.5817231540677","0.0103078935470326","0.0139670862542228","42.068","52.93","90993","94.013","4.878","7.942","0.614","KCNT1_20170223_11869_DIV35"
"35","WT","A3","16","14","14495.98493136","0.303506712954408","8.0918125","3288","0.2266875","13.60125","0.407181997952219","108.841270295881","55.2297633810562","0.0113368349506693","0.0169580134565798","27.771","38.937","91367","77.892","3.458","7.735","0.447","KCNT1_20170223_11869_DIV35"
"35","HOM","A4","16","15","14495.98493136","0.344976164213505","6.4685","2650","0.1828125","10.96875","0.334609191737202","108.665716583541","53.495931522509","0.011399870502599","0.0161684978080887","31.261","29.812","82873","88.383","4.749","23.486","0.202","KCNT1_20170223_11869_DIV35"
"35","WT","B1","14","8","12683.98681494","0.220456687590823","4.92807142857143","2086","0.1645","9.87","0.196728972022732","121.196616345166","62.0715640538382","0.0114925340254175","0.0170069957643952","20.18","11.954","42216","67.538","2.919","11.122","0.262","KCNT1_20170223_11869_DIV35"
"35","HOM","B2","16","16","14495.98493136","0.377984354227179","4.6808125","1928","0.1329375","7.97625","0.435336598340278","97.6045500459137","39.9830292908913","0.0123346168875461","0.0166407294582038","31.644","30.444","61010","89.918","6.833","13.056","0.523","KCNT1_20170223_11869_DIV35"
"35","WT","B3","13","8","11777.98775673","0.395364350292887","4.43430769230769","1190","0.100923076923077","6.05538461538462","0.352067408029114","97.4327887165264","45.2258336568021","0.0105509367917997","0.014609613926366","38.468","40.74","45969","88.014","5.635","12.28","0.459","KCNT1_20170223_11869_DIV35"
"35","HOM","B4","16","14","14495.98493136","0.345465902695979","7.7341875","3455","0.238375","14.3025","0.307473533154085","101.251836957837","42.3927726886943","0.0120271871097102","0.0152539005598798","29.723","22.472","102753","91.649","3.219","7.902","0.407","KCNT1_20170223_11869_DIV35"
"35","WT","C1","14","10","12683.98681494","0.291733358248456","13.2892142857143","3884","0.306214285714286","18.3728571428571","0.235361880660695","132.223268936585","59.0036280843186","0.00895939413009477","0.0134383647040767","33.561","27.283","130484","77.412","1.863","4.626","0.403","KCNT1_20170223_11869_DIV35"
"35","HOM","C2","15","11","13589.98587315","0.277608652890386","2.91866666666667","1629","0.119866666666667","7.192","0.206929116314464","84.5732967865362","36.8682995112935","0.0141195044747252","0.0187098854254318","20.659","13.836","33736","85.05","5.511","8.938","0.617","KCNT1_20170223_11869_DIV35"
"35","WT","C3","15","15","13589.98587315","0.401237922260255","10.1649333333333","3681","0.270933333333333","16.256","0.402253944448077","96.3631796458979","44.3571958095083","0.0120908418962793","0.0164098893322221","34.185","36.869","125836","91.092","3.034","3.364","0.902","KCNT1_20170223_11869_DIV35"
"35","HOM","C4","16","16","14495.98493136","0.415283821002088","6.082625","2395","0.16525","9.915","0.462335124054527","90.2901375713261","38.5753883749644","0.0132398598453183","0.0163539384533897","32.366","35.639","77517","87.914","5.314","13.668","0.389","KCNT1_20170223_11869_DIV35"
"35","WT","D1","13","8","11777.98775673","0.235259073089117","8.05761538461539","2329","0.197769230769231","11.8661538461538","0.192356285670402","135.772359387337","64.7273749623799","0.00862705311384488","0.0139656764598658","28.268","23.929","65977","69.521","2.571","6.78","0.379","KCNT1_20170223_11869_DIV35"
"35","HOM","D2","16","13","14495.98493136","0.30078607627415","4.6458125","2171","0.14975","8.985","0.294840417148788","98.5011662712118","33.9471046577885","0.0117679365418324","0.0159469687294751","26.558","25.114","57738","85.732","4.614","11.019","0.419","KCNT1_20170223_11869_DIV35"
"35","WT","D3","16","16","14495.98493136","0.278690015175077","7.1106875","3884","0.2679375","16.07625","0.303691574842523","102.207174379309","54.9077830772687","0.013201034427777","0.0184448966799674","22.111","21.871","85880","83.316","3.416","6.276","0.544","KCNT1_20170223_11869_DIV35"
"35","HOM","D4","16","16","14495.98493136","0.286487442286537","6.64325","3127","0.2156875","12.94125","0.286547007466126","113.822036084905","48.4906479550286","0.0104794496412278","0.0151254941546662","28.338","25.975","88613","92.018","4.277","5.08","0.842","KCNT1_20170223_11869_DIV35"
"35","WT","E1","13","9","11777.98775673","0.205673797262191","5.10884615384615","2067","0.175461538461538","10.5276923076923","0.146503093255761","91.3585144508401","54.5868561248859","0.01402536826243","0.0203423855402202","15.662","10.624","32437","53.908","3.329","6.671","0.499","KCNT1_20170223_11869_DIV35"
"35","HOM","E2","15","14","13589.98587315","0.307159721376986","4.70093333333333","2076","0.1528","9.168","0.270189410570753","100.687978142731","36.5553144191579","0.0112981164450033","0.0166009101781337","28.186","19.96","58543","91.637","5.698","7.696","0.74","KCNT1_20170223_11869_DIV35"
"35","WT","E3","16","14","14495.98493136","0.253125569670819","7.748375","3370","0.2324375","13.94625","0.228584559912519","118.851526861569","67.7182542403039","0.0113186503239624","0.0174521276340669","23.363","17.351","78780","70.138","3.257","10.978","0.297","KCNT1_20170223_11869_DIV35"
"35","HOM","E4","15","13","13589.98587315","0.366898477453056","7.93113333333333","2927","0.215333333333333","12.92","0.382495946781815","106.409708859531","44.9469624455511","0.0111566878155789","0.0151738850263595","33.885","35.032","99250","92.082","3.552","7.06","0.503","KCNT1_20170223_11869_DIV35"
"35","WT","F1","16","10","14495.98493136","0.20429352266338","6.19425","2427","0.1675","10.05","0.170098526140944","128.278314548443","64.6898843172281","0.0098900877617049","0.0152014422421219","21.654","17.183","52684","58.673","3.17","9.037","0.351","KCNT1_20170223_11869_DIV35"
"35","HOM","F2","13","11","11777.98775673","0.25511968930748","5.00430769230769","2164","0.183615384615385","11.0169230769231","0.294237280933796","113.742229821969","49.4166459319944","0.011280324311348","0.0160508742202087","23.615","22.701","51151","86.785","4.139","10.649","0.389","KCNT1_20170223_11869_DIV35"
"35","WT","F3","16","15","14495.98493136","0.325655777977628","4.7328125","2234","0.1540625","9.24375","0.377229497221416","95.5570555602906","44.2095057727899","0.0135621641563717","0.0186108920993982","25.012","25.942","55901","81.48","4.741","19.904","0.238","KCNT1_20170223_11869_DIV35"
"35","HOM","F4","13","9","11777.98775673","0.486906538728664","6.95807692307692","1695","0.143846153846154","8.63076923076923","0.550300576309846","95.2452662297725","50.1872272025367","0.0115678856893152","0.0154728746524644","43.089","60.145","73208","89.331","4.264","8.028","0.531","KCNT1_20170223_11869_DIV35"
