"A1","WT","15","30680","34.0699899667741","2.12937437292338","2.2713326644516","1.99935784478687","0.434791175633132","2.08190980876888","11"
"A2","HOM","15","37150","41.2548933267815","2.57843083292384","2.75032622178543","2.37643568897552","0.359997306666218","2.1847967149151","11"
"A3","WT","16","25859","28.7162930427253","1.79476831517033","1.79476831517033","1.75313537259582","0.551182775400689","2.81607247617127","11"
"A4","HOM","15","62747","69.6802366507553","4.35501479067221","4.64534911005035","2.31661831243944","0.214283186912421","1.02163179718416","11"
"A5",NA,NA,NA,NA,NA,NA,NA,NA,NA,"11"
"A6",NA,NA,NA,NA,NA,NA,NA,NA,NA,"11"
"A7",NA,NA,NA,NA,NA,NA,NA,NA,NA,"11"
"A8",NA,NA,NA,NA,NA,NA,NA,NA,NA,"11"
"B1","WT","14","20513","22.7795861860638","1.42372413662899","1.62711329900456","1.98796949967462","0.580097228308698","3.03775316773993","11"
"B2","HOM","16","41519","46.1066464612286","2.88166540382679","2.88166540382679","3.04802061619851","0.334172225718382","1.415470009765","11"
"B3","WT","11","11577","12.8562018854414","0.80351261784009","1.16874562594922","1.13740207004412","0.837039998020059","3.24005758531725","11"
"B4","HOM","16","43022","47.7757206111654","2.98598253819784","2.98598253819784","2.59368289159835","0.329962683029577","2.00660970758035","11"
"B5",NA,NA,NA,NA,NA,NA,NA,NA,NA,"11"
"B6",NA,NA,NA,NA,NA,NA,NA,NA,NA,"11"
"B7",NA,NA,NA,NA,NA,NA,NA,NA,NA,"11"
"B8",NA,NA,NA,NA,NA,NA,NA,NA,NA,"11"
"C1","WT","13","51743","57.460348463194","3.59127177894962","4.42002680486107","4.75428734073824","0.21947147223236","1.23374602292625","11"
"C2","HOM","15","31779","35.2904240923766","2.20565150577354","2.35269493949177","2.56951266629008","0.418360991473996","2.17182655905887","11"
"C3","WT","15","34532","38.3476171294864","2.3967260705929","2.55650780863243","1.89123921108041","0.387618880493959","2.09811170495063","11"
"C4","HOM","16","26097","28.980590878843","1.81128692992769","1.81128692992769","2.31775334058394","0.54055340388252","2.58144613812574","11"
"C5",NA,NA,NA,NA,NA,NA,NA,NA,NA,"11"
"C6",NA,NA,NA,NA,NA,NA,NA,NA,NA,"11"
"C7",NA,NA,NA,NA,NA,NA,NA,NA,NA,"11"
"C8",NA,NA,NA,NA,NA,NA,NA,NA,NA,"11"
"D1","WT","14","25070","27.8401124011417","1.74000702507135","1.9885794572244","2.18811069369654","0.485001198059946","2.16420166506536","11"
"D2","HOM","15","38427","42.6729955819174","2.66706222386984","2.84486637212783","2.79067355423513","0.348275629395241","1.48568805307901","11"
"D3","WT","16","47499","52.7474072174642","3.29671295109151","3.29671295109151","2.77833483252236","0.299709231182318","1.26435074245307","11"
"D4","HOM","16","46812","51.9844970770739","3.24903106731712","3.24903106731712","1.98458571276178","0.296357169334772","1.84326763437597","11"
"D5",NA,NA,NA,NA,NA,NA,NA,NA,NA,"11"
"D6",NA,NA,NA,NA,NA,NA,NA,NA,NA,"11"
"D7",NA,NA,NA,NA,NA,NA,NA,NA,NA,"11"
"D8",NA,NA,NA,NA,NA,NA,NA,NA,NA,"11"
"E1","WT","13","13699","15.2126725083063","0.950792031769145","1.17020557756202","1.01878037831292","0.837110457163525","2.60779827089328","11"
"E2","HOM","16","53702","59.6358083831715","3.72723802394822","3.72723802394822","3.23514919627814","0.260201320106918","1.5170350161092","11"
"E3","WT","16","30300","33.6480018250735","2.10300011406709","2.10300011406709","2.14722896630263","0.459417767912759","2.07642730565239","11"
"E4","HOM","14","44496","49.4125904029198","3.08828690018249","3.5294707430657","2.61517176379306","0.281839618193202","1.34359963602495","11"
"E5",NA,NA,NA,NA,NA,NA,NA,NA,NA,"11"
"E6",NA,NA,NA,NA,NA,NA,NA,NA,NA,"11"
"E7",NA,NA,NA,NA,NA,NA,NA,NA,NA,"11"
"E8",NA,NA,NA,NA,NA,NA,NA,NA,NA,"11"
"F1","WT","13","13827","15.3548158823528","0.959675992647053","1.18113968325791","1.45456968414556","0.82877025574924","3.96057462799827","11"
"F2","HOM","12","19713","21.8911900982731","1.36819938114207","1.82426584152275","1.51867173221791","0.54541499843612","2.05462111541846","11"
"F3","WT","16","28950","32.1488334269266","2.00930208918292","2.00930208918292","1.79577989310987","0.4947112708865","1.77058149989567","11"
"F4","HOM","13","25539","28.360934607609","1.77255841297556","2.18161035443146","2.75680143024942","0.451675277821045","2.58162325219698","11"
"F5",NA,NA,NA,NA,NA,NA,NA,NA,NA,"11"
"F6",NA,NA,NA,NA,NA,NA,NA,NA,NA,"11"
"F7",NA,NA,NA,NA,NA,NA,NA,NA,NA,"11"
"F8",NA,NA,NA,NA,NA,NA,NA,NA,NA,"11"
"A1","WT","16","29803","33.1238048106436","2.07023780066522","2.07023780066522","1.48248770755598","0.476203994070568","2.17544086896436","13"
"A2","HOM","15","33805","37.5717284039797","2.34823302524873","2.50478189359864","1.64090609806095","0.396803300440367","1.86034365047453","13"
"A3","WT","16","26935","29.9362373779379","1.87101483612112","1.87101483612112","1.42949615936989","0.532461534333742","2.33433376939579","13"
"A4","HOM","16","52752","58.6299013982173","3.66436883738858","3.66436883738858","1.710038516284","0.271454087936324","1.40580016744293","13"
"A5",NA,NA,NA,NA,NA,NA,NA,NA,NA,"13"
"A6",NA,NA,NA,NA,NA,NA,NA,NA,NA,"13"
"A7",NA,NA,NA,NA,NA,NA,NA,NA,NA,"13"
"A8",NA,NA,NA,NA,NA,NA,NA,NA,NA,"13"
"B1","WT","14","24645","27.3910737025907","1.71194210641192","1.95650526447076","2.19352067515696","0.494371625485364","1.96980519906163","13"
"B2","HOM","16","49515","55.0322180719732","3.43951362949832","3.43951362949832","2.31456123171106","0.280939016790238","1.1452776159815","13"
"B3","WT","14","17897","19.8911765492094","1.24319853432559","1.42079832494353","1.58640953759629","0.687794597565285","3.70329680818334","13"
"B4","HOM","16","46703","51.906890449669","3.24418065310432","3.24418065310432","2.39935847713953","0.299259491830917","1.28711467963339","13"
"B5",NA,NA,NA,NA,NA,NA,NA,NA,NA,"13"
"B6",NA,NA,NA,NA,NA,NA,NA,NA,NA,"13"
"B7",NA,NA,NA,NA,NA,NA,NA,NA,NA,"13"
"B8",NA,NA,NA,NA,NA,NA,NA,NA,NA,"13"
"C1","WT","13","45097","50.1219416013688","3.13262135008555","3.85553396933606","2.79071686185183","0.256607135014639","1.22222743136037","13"
"C2","HOM","16","39249","43.6223271151545","2.72639544469716","2.72639544469716","2.32458412842113","0.360580907240843","1.7695346896031","13"
"C3","WT","15","40630","45.157205296663","2.82232533104144","3.01048035311087","1.56918795505831","0.329249992207313","1.40376604613501","13"
"C4","HOM","16","34546","38.3952944666139","2.39970590416337","2.39970590416337","2.26371113213831","0.410887411099624","1.54099551191421","13"
"C5",NA,NA,NA,NA,NA,NA,NA,NA,NA,"13"
"C6",NA,NA,NA,NA,NA,NA,NA,NA,NA,"13"
"C7",NA,NA,NA,NA,NA,NA,NA,NA,NA,"13"
"C8",NA,NA,NA,NA,NA,NA,NA,NA,NA,"13"
"D1","WT","14","31382","34.8787451789289","2.17992157368305","2.49133894135206","2.10993948361012","0.399385445911757","1.56906529685358","13"
"D2","HOM","16","35937","39.9412868999798","2.49633043124874","2.49633043124874","2.01187932450618","0.396637637188831","1.86314118066711","13"
"D3","WT","16","53246","59.1789454399734","3.69868408999834","3.69868408999834","1.95420770320672","0.253572574786587","1.16803935025678","13"
"D4","HOM","16","48787","54.2231005367536","3.3889437835471","3.3889437835471","1.86985495095067","0.293739085269525","1.31259248923777","13"
"D5",NA,NA,NA,NA,NA,NA,NA,NA,NA,"13"
"D6",NA,NA,NA,NA,NA,NA,NA,NA,NA,"13"
"D7",NA,NA,NA,NA,NA,NA,NA,NA,NA,"13"
"D8",NA,NA,NA,NA,NA,NA,NA,NA,NA,"13"
"E1","WT","12","11383","12.6513528892915","0.790709555580721","1.05427940744096","0.697764454171666","0.923345606006508","2.88600769672269","13"
"E2","HOM","16","61240","68.0636783747882","4.25397989842426","4.25397989842426","2.4312837860527","0.233477358452404","1.18613476099563","13"
"E3","WT","16","37070","41.2005316354245","2.57503322721403","2.57503322721403","2.19144608661745","0.385485741625466","1.54524263644148","13"
"E4","HOM","16","51826","57.600721676221","3.60004510476381","3.60004510476381","2.73418218562256","0.274777496277553","1.90056033802274","13"
"E5",NA,NA,NA,NA,NA,NA,NA,NA,NA,"13"
"E6",NA,NA,NA,NA,NA,NA,NA,NA,NA,"13"
"E7",NA,NA,NA,NA,NA,NA,NA,NA,NA,"13"
"E8",NA,NA,NA,NA,NA,NA,NA,NA,NA,"13"
"F1","WT","16","15176","16.8669886188077","1.05418678867548","1.05418678867548","1.09475211542806","0.931224591182058","4.34409591938442","13"
"F2","HOM","13","26042","28.9437346870711","1.80898341794194","2.2264411297747","1.45228403775478","0.439235697863153","2.13396006910092","13"
"F3","WT","16","33744","37.5039314676495","2.34399571672809","2.34399571672809","1.64146616084376","0.424905698008183","1.54288324698652","13"
"F4","HOM","14","27760","30.8531631561744","1.9283226972609","2.20379736829817","2.34141363139039","0.451795478883803","2.40246059568004","13"
"F5",NA,NA,NA,NA,NA,NA,NA,NA,NA,"13"
"F6",NA,NA,NA,NA,NA,NA,NA,NA,NA,"13"
"F7",NA,NA,NA,NA,NA,NA,NA,NA,NA,"13"
"F8",NA,NA,NA,NA,NA,NA,NA,NA,NA,"13"
"A1","WT","16","31562","35.0300629593551","2.1893789349597","2.1893789349597","1.693206396732","0.451845848915552","1.88626213879568","15"
"A2","HOM","15","37218","41.3075496870059","2.58172185543787","2.75383664580039","1.74342850836922","0.357580511686423","1.58940428272414","15"
"A3","WT","16","41871","46.471825808604","2.90448911303775","2.90448911303775","2.3402245628931","0.343161379043364","1.8133678123414","15"
"A4","HOM","16","55787","61.9169292919823","3.86980808074889","3.86980808074889","1.58789981783291","0.256973035290384","1.29469114223319","15"
"A5",NA,NA,NA,NA,NA,NA,NA,NA,NA,"15"
"A6",NA,NA,NA,NA,NA,NA,NA,NA,NA,"15"
"A7",NA,NA,NA,NA,NA,NA,NA,NA,NA,"15"
"A8",NA,NA,NA,NA,NA,NA,NA,NA,NA,"15"
"B1","WT","15","22924","25.4429111995519","1.59018194997199","1.69619407997013","2.1178959916225","0.58111217864682","2.51651726914892","15"
"B2","HOM","16","58264","64.6661044377374","4.04163152735859","4.04163152735859","2.50288287830752","0.24433751745399","1.07187623308874","15"
"B3","WT","14","23260","25.8158312031747","1.61348945019842","1.84398794308391","2.50289947490882","0.527523012036479","2.60238360195938","15"
"B4","HOM","16","48037","53.3153518274679","3.33220948921675","3.33220948921675","2.31881688984484","0.290490299174528","1.23944831182633","15"
"B5",NA,NA,NA,NA,NA,NA,NA,NA,NA,"15"
"B6",NA,NA,NA,NA,NA,NA,NA,NA,NA,"15"
"B7",NA,NA,NA,NA,NA,NA,NA,NA,NA,"15"
"B8",NA,NA,NA,NA,NA,NA,NA,NA,NA,"15"
"C1","WT","13","33828","37.5450532218828","2.34656582636768","2.88808101706791","1.9938668283641","0.342229995389029","1.50073644566634","15"
"C2","HOM","16","52508","58.2776296137703","3.64235185086065","3.64235185086065","3.06723215137456","0.272321230014288","1.33041237412428","15"
"C3","WT","15","72852","80.8570479283613","5.05356549552258","5.39046986189075","3.03952305916052","0.181714181266664","0.843450507404914","15"
"C4","HOM","16","39231","43.5417400658533","2.72135875411583","2.72135875411583","2.34129499996341","0.362082146943006","2.01390842054803","15"
"C5",NA,NA,NA,NA,NA,NA,NA,NA,NA,"15"
"C6",NA,NA,NA,NA,NA,NA,NA,NA,NA,"15"
"C7",NA,NA,NA,NA,NA,NA,NA,NA,NA,"15"
"C8",NA,NA,NA,NA,NA,NA,NA,NA,NA,"15"
"D1","WT","14","25571","28.3807661090447","1.7737978818153","2.02719757921748","1.92317181535858","0.489947103465587","1.93104678484696","15"
"D2","HOM","16","43148","47.8891437985633","2.99307148741021","2.99307148741021","2.32233131061564","0.332040499784383","1.37862161429254","15"
"D3","WT","16","54319","60.2876240380588","3.76797650237867","3.76797650237867","2.38852742203418","0.265015481326999","1.38807708919533","15"
"D4","HOM","16","60517","67.1666662477439","4.197916640484","4.197916640484","2.16916636624563","0.235397344409844","1.28088018991229","15"
"D5",NA,NA,NA,NA,NA,NA,NA,NA,NA,"15"
"D6",NA,NA,NA,NA,NA,NA,NA,NA,NA,"15"
"D7",NA,NA,NA,NA,NA,NA,NA,NA,NA,"15"
"D8",NA,NA,NA,NA,NA,NA,NA,NA,NA,"15"
"E1","WT","12","13773","15.286390505646","0.955399406602873","1.2738658754705","0.826658903719159","0.773777754341981","2.34376343698651","15"
"E2","HOM","16","58224","64.6217091992109","4.03885682495068","4.03885682495068","2.48054642665657","0.245588385382765","1.31958254366255","15"
"E3","WT","16","37638","41.7736996915344","2.6108562307209","2.6108562307209","2.43151566589778","0.376934878078784","1.6376049507783","15"
"E4","HOM","15","53822","59.7360131993667","3.73350082496042","3.98240087995778","2.92196138368246","0.224846237102979","1.18709461613225","15"
"E5",NA,NA,NA,NA,NA,NA,NA,NA,NA,"15"
"E6",NA,NA,NA,NA,NA,NA,NA,NA,NA,"15"
"E7",NA,NA,NA,NA,NA,NA,NA,NA,NA,"15"
"E8",NA,NA,NA,NA,NA,NA,NA,NA,NA,"15"
"F1","WT","16","18582","20.6238080574975","1.2889880035936","1.2889880035936","1.3510097238808","0.753146127994183","3.55810535937258","15"
"F2","HOM","13","26515","29.4284937382707","1.83928085864192","2.26373028755929","1.46359121674177","0.434960955490152","1.93426885794064","15"
"F3","WT","16","33732","37.4385046494192","2.3399065405887","2.3399065405887","1.59146210194974","0.424497442539744","1.47788930427066","15"
"F4","HOM","14","29545","32.7914330566551","2.04946456604094","2.34224521833251","2.23699087725135","0.422336614381159","1.72586903397697","15"
"F5",NA,NA,NA,NA,NA,NA,NA,NA,NA,"15"
"F6",NA,NA,NA,NA,NA,NA,NA,NA,NA,"15"
"F7",NA,NA,NA,NA,NA,NA,NA,NA,NA,"15"
"F8",NA,NA,NA,NA,NA,NA,NA,NA,NA,"15"
"A1","WT","16","16769","18.6270550291407","1.1641909393213","1.1641909393213","1.06772166446716","0.842168578156748","4.66237088246261","17"
"A2","HOM","15","43576","48.4043502862327","3.02527189288955","3.22695668574885","2.33117662634825","0.306245818117123","3.76675503021218","17"
"A3","WT","15","14763","16.3987842683049","1.02492401676906","1.09325228455366","0.822612220643834","0.907123304330757","9.97416044345337","17"
"A4","HOM","16","62560","69.4918338972535","4.34323961857834","4.34323961857834","2.1404670405738","0.228090037212203","1.31551188301019","17"
"A5",NA,NA,NA,NA,NA,NA,NA,NA,NA,"17"
"A6",NA,NA,NA,NA,NA,NA,NA,NA,NA,"17"
"A7",NA,NA,NA,NA,NA,NA,NA,NA,NA,"17"
"A8",NA,NA,NA,NA,NA,NA,NA,NA,NA,"17"
"B1","WT","15","28534","31.6956519888784","1.9809782493049","2.11304346592523","2.84538334985998","0.447062915553491","3.33123113150248","17"
"B2","HOM","16","61162","67.9389313430917","4.24618320894323","4.24618320894323","2.62785407984547","0.234069456283649","1.08380135879614","17"
"B3","WT","14","22460","24.9486347399667","1.55928967124792","1.78204533856905","2.53870870456975","0.551721238278981","2.63162612836273","17"
"B4","HOM","16","58316","64.777586086193","4.04859913038706","4.04859913038706","2.81687969024536","0.245930219492281","1.08206414710655","17"
"B5",NA,NA,NA,NA,NA,NA,NA,NA,NA,"17"
"B6",NA,NA,NA,NA,NA,NA,NA,NA,NA,"17"
"B7",NA,NA,NA,NA,NA,NA,NA,NA,NA,"17"
"B8",NA,NA,NA,NA,NA,NA,NA,NA,NA,"17"
"C1","WT","13","36486","40.5287572182735","2.5330473261421","3.11759670909796","2.32982392566726","0.318460071920873","1.56043665836415","17"
"C2","HOM","16","52575","58.4004662267919","3.6500291391745","3.6500291391745","3.09838688256693","0.271928916354573","1.68853013017467","17"
"C3","WT","15","63492","70.5271022666947","4.40794389166842","4.70180681777965","2.69362899289557","0.191489751133324","0.939696615216491","17"
"C4","HOM","16","47040","52.2521717795205","3.26576073622003","3.26576073622003","2.92121270845121","0.280161173250043","1.21730416496384","17"
"C5",NA,NA,NA,NA,NA,NA,NA,NA,NA,"17"
"C6",NA,NA,NA,NA,NA,NA,NA,NA,NA,"17"
"C7",NA,NA,NA,NA,NA,NA,NA,NA,NA,"17"
"C8",NA,NA,NA,NA,NA,NA,NA,NA,NA,"17"
"D1","WT","14","28760","31.9466934604382","1.99666834127738","2.28190667574558","2.53988540448956","0.432066336484033","1.97112126082741","17"
"D2","HOM","16","41451","46.043893971788","2.87774337323675","2.87774337323675","2.30723161925098","0.343059237169784","1.62405414407211","17"
"D3","WT","16","69035","76.6842831377381","4.79276769610863","4.79276769610863","3.18968785258919","0.198010002299657","1.07113859967322","17"
"D4","HOM","16","93492","103.851191411797","6.49069946323732","6.49069946323732","3.85607445353045","0.14795521180763","0.919850209035303","17"
"D5",NA,NA,NA,NA,NA,NA,NA,NA,NA,"17"
"D6",NA,NA,NA,NA,NA,NA,NA,NA,NA,"17"
"D7",NA,NA,NA,NA,NA,NA,NA,NA,NA,"17"
"D8",NA,NA,NA,NA,NA,NA,NA,NA,NA,"17"
"E1","WT","13","16149","17.9383571868086","1.12114732417554","1.37987362975451","0.981456517459491","0.716755143748141","2.73668883996107","17"
"E2","HOM","16","75466","83.8278570474766","5.23924106546728","5.23924106546728","3.31322147357045","0.180653428938237","1.27215728235559","17"
"E3","WT","16","36854","40.9375327117868","2.55859579448667","2.55859579448667","2.23386710014456","0.388666686553016","1.7292805672791","17"
"E4","HOM","15","61848","68.7009421815431","4.29380888634644","4.58006281210287","3.06909750061112","0.21667856011337","1.0649659839705","17"
"E5",NA,NA,NA,NA,NA,NA,NA,NA,NA,"17"
"E6",NA,NA,NA,NA,NA,NA,NA,NA,NA,"17"
"E7",NA,NA,NA,NA,NA,NA,NA,NA,NA,"17"
"E8",NA,NA,NA,NA,NA,NA,NA,NA,NA,"17"
"F1","WT","16","21733","24.1410809796837","1.50881756123023","1.50881756123023","1.49542354729458","0.660261576005434","2.96443302938633","17"
"F2","HOM","12","9545","10.6026143630001","0.662663397687505","0.883551196916673","0.55108376612609","1.06395345869926","11.5519452992517","17"
"F3","WT","16","23235","25.8095070428818","1.61309419018011","1.61309419018011","1.12039871941201","0.611104097561911","2.35040786074447","17"
"F4","HOM","15","22500","24.9930668588268","1.56206667867667","1.66620445725512","1.93232178312832","0.592253057199022","2.90884272999762","17"
"F5",NA,NA,NA,NA,NA,NA,NA,NA,NA,"17"
"F6",NA,NA,NA,NA,NA,NA,NA,NA,NA,"17"
"F7",NA,NA,NA,NA,NA,NA,NA,NA,NA,"17"
"F8",NA,NA,NA,NA,NA,NA,NA,NA,NA,"17"
"A1","WT","16","62056","68.9511186137589","4.30944491335993","4.30944491335993","4.12138235341858","0.224940407107995","2.41168749229424","19"
"A2","HOM","15","78159","86.843342782854","5.42770892392837","5.7895561855236","4.28797081809131","0.166995186345721","1.75123540738433","19"
"A3","WT","16","63469","70.5211187845924","4.40756992403703","4.40756992403703","3.87608461563297","0.224387758208753","2.20957768608512","19"
"A4","HOM","16","78115","86.7944538886454","5.42465336804034","5.42465336804034","3.48130007978144","0.179752625350645","2.80586369359042","19"
"A5",NA,NA,NA,NA,NA,NA,NA,NA,NA,"19"
"A6",NA,NA,NA,NA,NA,NA,NA,NA,NA,"19"
"A7",NA,NA,NA,NA,NA,NA,NA,NA,NA,"19"
"A8",NA,NA,NA,NA,NA,NA,NA,NA,NA,"19"
"B1","WT","14","57320","63.6888958189484","3.98055598868428","4.5492068442106","6.2853684189658","0.218022429423795","1.7254958006685","19"
"B2","HOM","16","84686","94.0955657941986","5.88097286213741","5.88097286213741","3.96097164820432","0.167640554393646","1.36897039237728","19"
"B3","WT","13","39307","43.6744491967098","2.72965307479436","3.35957301513152","5.30426688432542","0.289004070352217","1.94696306593789","19"
"B4","HOM","16","76884","85.4266759620382","5.33916724762739","5.33916724762739","4.18208618707668","0.185997683411172","1.23264442341242","19"
"B5",NA,NA,NA,NA,NA,NA,NA,NA,NA,"19"
"B6",NA,NA,NA,NA,NA,NA,NA,NA,NA,"19"
"B7",NA,NA,NA,NA,NA,NA,NA,NA,NA,"19"
"B8",NA,NA,NA,NA,NA,NA,NA,NA,NA,"19"
"C1","WT","13","56931","63.2566735496956","3.95354209685598","4.8658979653612","4.1014972719396","0.204474160152324","1.10934709660755","19"
"C2","HOM","16","67447","74.9411192655376","4.6838199540961","4.6838199540961","4.06011203725845","0.212605627828595","1.66627401140187","19"
"C3","WT","15","157249","174.721130122711","10.9200706326695","11.6480753415141","6.85844480687597","0.0847888630194487","0.63026524278406","19"
"C4","HOM","16","80717","89.6855653143416","5.60534783214635","5.60534783214635","6.18375990372683","0.173937854344928","1.13113534912646","19"
"C5",NA,NA,NA,NA,NA,NA,NA,NA,NA,"19"
"C6",NA,NA,NA,NA,NA,NA,NA,NA,NA,"19"
"C7",NA,NA,NA,NA,NA,NA,NA,NA,NA,"19"
"C8",NA,NA,NA,NA,NA,NA,NA,NA,NA,"19"
"D1","WT","13","63994","71.1044521813989","4.44402826133743","5.46957324472299","6.21847195905371","0.179696508107563","1.28847835539732","19"
"D2","HOM","16","73664","81.8488977949584","5.1155561121849","5.1155561121849","4.84160451910505","0.194178348329622","1.34550236025495","19"
"D3","WT","16","119525","132.805570006277","8.30034812539233","8.30034812539233","5.54887249029456","0.119389274958539","0.973797987726872","19"
"D4","HOM","16","105335","117.038901624022","7.31493135150136","7.31493135150136","5.01831582364006","0.13590676466497","1.12532557247693","19"
"D5",NA,NA,NA,NA,NA,NA,NA,NA,NA,"19"
"D6",NA,NA,NA,NA,NA,NA,NA,NA,NA,"19"
"D7",NA,NA,NA,NA,NA,NA,NA,NA,NA,"19"
"D8",NA,NA,NA,NA,NA,NA,NA,NA,NA,"19"
"E1","WT","14","39038","43.3755602752985","2.71097251720615","3.09825430537846","3.20857645536249","0.320850070810527","2.46706633386833","19"
"E2","HOM","16","118400","131.555569870263","8.22222311689146","8.22222311689146","6.30441554773387","0.120097788065786","1.25020946133268","19"
"E3","WT","16","66031","73.3677857610081","4.585486610063","4.585486610063","4.44399884022052","0.214737680774066","1.54538245381998","19"
"E4","HOM","15","120670","134.077792366931","8.37986202293321","8.93851949112876","6.98718731535143","0.110942542361858","0.866327503623169","19"
"E5",NA,NA,NA,NA,NA,NA,NA,NA,NA,"19"
"E6",NA,NA,NA,NA,NA,NA,NA,NA,NA,"19"
"E7",NA,NA,NA,NA,NA,NA,NA,NA,NA,"19"
"E8",NA,NA,NA,NA,NA,NA,NA,NA,NA,"19"
"F1","WT","15","38979","43.3100047126097","2.70687529453811","2.88733364750732","3.45491173322873","0.339153819127913","2.42284303280839","19"
"F2","HOM","13","36874","40.9711155692237","2.56069472307648","3.15162427455567","2.2658568835559","0.306135031844226","2.53153350723561","19"
"F3","WT","16","49171","54.6344503892797","3.41465314932998","3.41465314932998","3.36237925670261","0.282207610730343","2.37615553774278","19"
"F4","HOM","14","76849","85.3877870689178","5.33673669180736","6.09912764777984","7.58387757451433","0.162843611134899","1.37832626723383","19"
"F5",NA,NA,NA,NA,NA,NA,NA,NA,NA,"19"
"F6",NA,NA,NA,NA,NA,NA,NA,NA,NA,"19"
"F7",NA,NA,NA,NA,NA,NA,NA,NA,NA,"19"
"F8",NA,NA,NA,NA,NA,NA,NA,NA,NA,"19"
"A1","WT","16","71201","79.0902920080547","4.94314325050342","4.94314325050342","4.57677523170971","0.201136370964108","1.77149786495304","21"
"A2","HOM","15","56822","63.1180541352184","3.94487838345115","4.20787027568122","3.16613184477794","0.22906548171757","2.61857708117086","21"
"A3","WT","16","59904","66.5415493104101","4.15884683190063","4.15884683190063","3.80256529712904","0.234040356509484","2.47700754383789","21"
"A4","HOM","16","99235","110.230546304396","6.88940914402476","6.88940914402476","4.42567930114044","0.141165109785525","2.43103052224108","21"
"A5",NA,NA,NA,NA,NA,NA,NA,NA,NA,"21"
"A6",NA,NA,NA,NA,NA,NA,NA,NA,NA,"21"
"A7",NA,NA,NA,NA,NA,NA,NA,NA,NA,"21"
"A8",NA,NA,NA,NA,NA,NA,NA,NA,NA,"21"
"B1","WT","15","39009","43.3313183935929","2.70820739959955","2.88875455957286","3.53051540632521","0.339377966068626","2.22379441081046","21"
"B2","HOM","16","102928","114.332742177849","7.14579638611558","7.14579638611558","4.83651047388665","0.138495773111882","1.15034686225064","21"
"B3","WT","14","41315","45.8928303578992","2.8683018973687","3.27805931127851","5.26809455355636","0.302480501186654","2.3013148758947","21"
"B4","HOM","16","95376","105.943957115212","6.62149731970076","6.62149731970076","5.6126055142547","0.150530545551174","1.16354482769357","21"
"B5",NA,NA,NA,NA,NA,NA,NA,NA,NA,"21"
"B6",NA,NA,NA,NA,NA,NA,NA,NA,NA,"21"
"B7",NA,NA,NA,NA,NA,NA,NA,NA,NA,"21"
"B8",NA,NA,NA,NA,NA,NA,NA,NA,NA,"21"
"C1","WT","13","80984","89.9572788019873","5.62232992512421","6.91979067707595","6.03820494880396","0.14449923658989","0.987900743269796","21"
"C2","HOM","16","74712","82.9903217160683","5.18689510725427","5.18689510725427","4.70284757653427","0.191504661895684","1.47403900695612","21"
"C3","WT","15","154803","171.955653343673","10.7472283339796","11.4637102229116","7.66608298929172","0.0871109427738584","0.602102623455478","21"
"C4","HOM","16","81760","90.8192620128727","5.67620387580454","5.67620387580454","6.34270940844796","0.17490616964976","1.03489242937162","21"
"C5",NA,NA,NA,NA,NA,NA,NA,NA,NA,"21"
"C6",NA,NA,NA,NA,NA,NA,NA,NA,NA,"21"
"C7",NA,NA,NA,NA,NA,NA,NA,NA,NA,"21"
"C8",NA,NA,NA,NA,NA,NA,NA,NA,NA,"21"
"D1","WT","13","62908","69.8784018432705","4.36740011520441","5.37526168025158","6.13445772646433","0.184547353421576","1.69868564518386","21"
"D2","HOM","16","85754","95.2558096214761","5.95348810134226","5.95348810134226","6.22953220396419","0.166409613219226","1.17956514568613","21"
"D3","WT","16","108526","120.551017969778","7.53443862311111","7.53443862311111","4.53925543378487","0.130094223651737","1.11620592616037","21"
"D4","HOM","16","92409","102.648204297304","6.41551276858148","6.41551276858148","3.7752652596061","0.155817192193781","0.965460079666397","21"
"D5",NA,NA,NA,NA,NA,NA,NA,NA,NA,"21"
"D6",NA,NA,NA,NA,NA,NA,NA,NA,NA,"21"
"D7",NA,NA,NA,NA,NA,NA,NA,NA,NA,"21"
"D8",NA,NA,NA,NA,NA,NA,NA,NA,NA,"21"
"E1","WT","14","35090","38.9780810180003","2.43613006362502","2.78414864414288","2.54860113318103","0.356339083276029","2.27404217784512","21"
"E2","HOM","15","123617","137.314147654663","8.58213422841647","9.1542765103109","6.08665962759017","0.108247501719713","0.774039556185718","21"
"E3","WT","16","54020","60.0055838299338","3.75034898937086","3.75034898937086","3.42582155691841","0.26290464775887","1.66191928551325","21"
"E4","HOM","15","89120","98.9947728790022","6.18717330493763","6.59965152526681","5.05721778011694","0.150295956030414","0.928613723934525","21"
"E5",NA,NA,NA,NA,NA,NA,NA,NA,NA,"21"
"E6",NA,NA,NA,NA,NA,NA,NA,NA,NA,"21"
"E7",NA,NA,NA,NA,NA,NA,NA,NA,NA,"21"
"E8",NA,NA,NA,NA,NA,NA,NA,NA,NA,"21"
"F1","WT","16","34208","37.9983526777929","2.37489704236206","2.37489704236206","2.95916466023992","0.411783548990407","3.67260119131778","21"
"F2","HOM","14","28045","31.1524731305163","1.94702957065727","2.22517665217974","1.82135923650433","0.440610029173058","2.66416407930387","21"
"F3","WT","16","38662","42.9458697155294","2.68411685722059","2.68411685722059","2.62537919509388","0.371139911520468","2.15569937569396","21"
"F4","HOM","15","42890","47.6423452511266","2.97764657819541","3.17615635007511","4.24480432543512","0.311310507049329","1.81096521002906","21"
"F5",NA,NA,NA,NA,NA,NA,NA,NA,NA,"21"
"F6",NA,NA,NA,NA,NA,NA,NA,NA,NA,"21"
"F7",NA,NA,NA,NA,NA,NA,NA,NA,NA,"21"
"F8",NA,NA,NA,NA,NA,NA,NA,NA,NA,"21"
"A1","WT","16","83355","92.6939523628713","5.79337202267946","5.79337202267946","5.67331578071944","0.169816050117352","1.82990255804738","25"
"A2","HOM","15","64185","71.3761781826033","4.4610111364127","4.75841187884022","3.52814137621708","0.207025018011064","2.29100247239172","25"
"A3","WT","16","67348","74.8935553204326","4.68084720752704","4.68084720752704","3.87801646898074","0.209652455324808","1.93102219195424","25"
"A4","HOM","16","242096","269.220023888689","16.8262514930431","16.8262514930431","8.16800085232334","0.0592946383535195","0.5151852710407","25"
"A5",NA,NA,NA,NA,NA,NA,NA,NA,NA,"25"
"A6",NA,NA,NA,NA,NA,NA,NA,NA,NA,"25"
"A7",NA,NA,NA,NA,NA,NA,NA,NA,NA,"25"
"A8",NA,NA,NA,NA,NA,NA,NA,NA,NA,"25"
"B1","WT","15","39988","44.4681874762941","2.77926171726838","2.96454583175294","4.39937493667255","0.316285184575338","2.64623629207054","25"
"B2","HOM","16","53925","59.9666652410514","3.74791657756571","3.74791657756571","2.69469986033669","0.221177031785045","2.01872553190738","25"
"B3","WT","13","46618","51.8410013946654","3.24006258716659","3.98776933805119","6.03754761419606","0.218795115299002","1.9673450616255","25"
"B4","HOM","16","84934","94.44986083604","5.9031163022525","5.9031163022525","4.72474982134269","0.136567199440284","1.21562225171538","25"
"B5",NA,NA,NA,NA,NA,NA,NA,NA,NA,"25"
"B6",NA,NA,NA,NA,NA,NA,NA,NA,NA,"25"
"B7",NA,NA,NA,NA,NA,NA,NA,NA,NA,"25"
"B8",NA,NA,NA,NA,NA,NA,NA,NA,NA,"25"
"C1","WT","13","89182","99.1737995276299","6.19836247047687","7.62875380981768","7.81491952389565","0.120454101330059","1.17405674897521","25"
"C2","HOM","15","50324","55.9622153285242","3.49763845803276","3.73081435523495","3.42391209245198","0.242775182933869","2.08533599055382","25"
"C3","WT","15","94851","105.477944641242","6.59237154007761","7.03186297608278","4.65815894384306","0.114599508752162","1.19550909212599","25"
"C4","HOM","16","45367","50.4498414833709","3.15311509271068","3.15311509271068","3.23690277083059","0.283488878798042","2.84062330091799","25"
"C5",NA,NA,NA,NA,NA,NA,NA,NA,NA,"25"
"C6",NA,NA,NA,NA,NA,NA,NA,NA,NA,"25"
"C7",NA,NA,NA,NA,NA,NA,NA,NA,NA,"25"
"C8",NA,NA,NA,NA,NA,NA,NA,NA,NA,"25"
"D1","WT","13","43424","48.2891510695858","3.01807194184911","3.71455008227583","4.44433268326204","0.245191539866393","2.3692272732994","25"
"D2","HOM","16","124006","137.899421231003","8.61871382693766","8.61871382693766","8.10143454974918","0.111899704842165","0.625184139237334","25"
"D3","WT","16","42552","47.3194536733837","2.95746585458648","2.95746585458648","2.11053299145591","0.26369092283454","4.28369706801359","25"
"D4","HOM","16","60926","67.7520453681279","4.23450283550799","4.23450283550799","2.31269996059296","0.234799028172714","1.86555858994147","25"
"D5",NA,NA,NA,NA,NA,NA,NA,NA,NA,"25"
"D6",NA,NA,NA,NA,NA,NA,NA,NA,NA,"25"
"D7",NA,NA,NA,NA,NA,NA,NA,NA,NA,"25"
"D8",NA,NA,NA,NA,NA,NA,NA,NA,NA,"25"
"E1","WT","14","26442","29.4045166862101","1.83778229288813","2.10032262044358","1.90955472850046","0.443337443802785","4.18849486672757","25"
"E2","HOM","15","100531","111.794322176136","6.9871451360085","7.4529548117424","4.88297864611968","0.116956725836285","1.12330964890897","25"
"E3","WT","16","54431","60.5293566200402","3.78308478875251","3.78308478875251","3.3612983636611","0.251090187146926","2.56192615549048","25"
"E4","HOM","15","83041","92.3447723371747","5.77154827107342","6.15631815581165","4.54749261444257","0.147720121765591","1.33273265552349","25"
"E5",NA,NA,NA,NA,NA,NA,NA,NA,NA,"25"
"E6",NA,NA,NA,NA,NA,NA,NA,NA,NA,"25"
"E7",NA,NA,NA,NA,NA,NA,NA,NA,NA,"25"
"E8",NA,NA,NA,NA,NA,NA,NA,NA,NA,"25"
"F1","WT","16","41045","45.6436119576996","2.85272574735623","2.85272574735623","3.86900351820121","0.332183555868532","2.18533030917099","25"
"F2","HOM","14","35498","39.4751355164922","2.46719596978076","2.8196525368923","2.36162758694401","0.342295533406042","3.04126756377765","25"
"F3","WT","16","52960","58.8935482830984","3.68084676769365","3.68084676769365","3.77610289271037","0.262765936887655","2.19245352620566","25"
"F4","HOM","13","78918","87.7598384328844","5.48498990205528","6.75075680252957","8.65007900581744","0.14672857479564","1.46337796052742","25"
"F5",NA,NA,NA,NA,NA,NA,NA,NA,NA,"25"
"F6",NA,NA,NA,NA,NA,NA,NA,NA,NA,"25"
"F7",NA,NA,NA,NA,NA,NA,NA,NA,NA,"25"
"F8",NA,NA,NA,NA,NA,NA,NA,NA,NA,"25"
"A1","WT","16","105383","116.541944408845","7.28387152555284","7.28387152555284","7.23309215193886","0.134779188686116","1.57612444520438","27"
"A2","HOM","15","118784","131.361968483155","8.21012303019717","8.75746456554365","6.38755107225975","0.113464984914582","1.06349156264346","27"
"A3","WT","15","55418","61.2861796992817","3.8303862312051","4.08574531328544","3.32972958616693","0.240946919411584","2.03403449800098","27"
"A4","HOM","16","134257","148.473395429039","9.27958721431491","9.27958721431491","4.96147480596331","0.106324935172488","1.62103358105157","27"
"A5",NA,NA,NA,NA,NA,NA,NA,NA,NA,"27"
"A6",NA,NA,NA,NA,NA,NA,NA,NA,NA,"27"
"A7",NA,NA,NA,NA,NA,NA,NA,NA,NA,"27"
"A8",NA,NA,NA,NA,NA,NA,NA,NA,NA,"27"
"B1","WT","13","39816","44.0320930186329","2.75200581366456","3.38708407835638","4.49312320810296","0.289916345763887","2.33064526858511","27"
"B2","HOM","16","29967","33.1401881527369","2.07126175954606","2.07126175954606","1.48023852516126","0.476272152572869","5.66825968737296","27"
"B3","WT","12","35292","39.0290492971065","2.43931558106916","3.25242077475888","4.90635994521994","0.304362465768424","2.59264685096024","27"
"B4","HOM","16","75484","83.4769567364498","5.21730979602811","5.21730979602811","4.1720033855907","0.190007539614539","1.23623618486517","27"
"B5",NA,NA,NA,NA,NA,NA,NA,NA,NA,"27"
"B6",NA,NA,NA,NA,NA,NA,NA,NA,NA,"27"
"B7",NA,NA,NA,NA,NA,NA,NA,NA,NA,"27"
"B8",NA,NA,NA,NA,NA,NA,NA,NA,NA,"27"
"C1","WT","13","74172","82.0260298216305","5.12662686385191","6.30969460166388","6.88964097318583","0.156474396808075","1.66199420572053","27"
"C2","HOM","15","51120","56.5330669859482","3.53331668662176","3.76887113239655","3.44272048480243","0.261778836498386","2.05012051683468","27"
"C3","WT","15","121179","134.01057363635","8.37566085227188","8.93403824242334","6.20483324102619","0.110990827529217","0.961114482285312","27"
"C4","HOM","16","68986","76.2908873061937","4.76818045663711","4.76818045663711","5.06872979170619","0.206403103764245","1.43036926858493","27"
"C5",NA,NA,NA,NA,NA,NA,NA,NA,NA,"27"
"C6",NA,NA,NA,NA,NA,NA,NA,NA,NA,"27"
"C7",NA,NA,NA,NA,NA,NA,NA,NA,NA,"27"
"C8",NA,NA,NA,NA,NA,NA,NA,NA,NA,"27"
"D1","WT","13","47951","53.0285034241628","3.31428146401018","4.07911564801252","5.66381914604399","0.239803382303809","2.02902714877341","27"
"D2","HOM","16","107173","118.521486464887","7.40759290405544","7.40759290405544","7.25119707030278","0.133151299338727","1.03878202898701","27"
"D3","WT","16","129548","143.265762165407","8.95411013533795","8.95411013533795","5.94602587549162","0.111375115205818","0.895831133257659","27"
"D4","HOM","16","85886","94.9804184498269","5.93627615311418","5.93627615311418","3.22879319171561","0.166890656618493","0.954859424818308","27"
"D5",NA,NA,NA,NA,NA,NA,NA,NA,NA,"27"
"D6",NA,NA,NA,NA,NA,NA,NA,NA,NA,"27"
"D7",NA,NA,NA,NA,NA,NA,NA,NA,NA,"27"
"D8",NA,NA,NA,NA,NA,NA,NA,NA,NA,"27"
"E1","WT","12","23367","25.8413180019689","1.61508237512306","2.15344316683074","1.84079489649073","0.43860677576322","4.56614198721531","27"
"E2","HOM","15","70719","78.2073936654787","4.88796210409242","5.21382624436525","3.74895213927351","0.191552922598721","1.59477635356904","27"
"E3","WT","16","56350","62.3168686357234","3.89480428973271","3.89480428973271","3.81856256559596","0.25445046478592","1.80644442264406","27"
"E4","HOM","15","65812","72.7807942973244","4.54879964358278","4.85205295315496","3.54561298657684","0.204847107154278","1.23168759665682","27"
"E5",NA,NA,NA,NA,NA,NA,NA,NA,NA,"27"
"E6",NA,NA,NA,NA,NA,NA,NA,NA,NA,"27"
"E7",NA,NA,NA,NA,NA,NA,NA,NA,NA,"27"
"E8",NA,NA,NA,NA,NA,NA,NA,NA,NA,"27"
"F1","WT","16","86911","96.1139551020295","6.00712219387684","6.00712219387684","8.86387850935487","0.165445780810518","0.970859708913825","27"
"F2","HOM","13","41495","45.8888813494116","2.86805508433823","3.52991394995474","2.76687356729954","0.276493888521527","2.18947204282866","27"
"F3","WT","16","51219","56.6425500382097","3.54015937738811","3.54015937738811","3.65231680631901","0.277860760754448","1.41953279680279","27"
"F4","HOM","14","80651","89.1910873529677","5.57444295956048","6.37079195378341","8.44623917037121","0.155716888998723","1.50138545906877","27"
"F5",NA,NA,NA,NA,NA,NA,NA,NA,NA,"27"
"F6",NA,NA,NA,NA,NA,NA,NA,NA,NA,"27"
"F7",NA,NA,NA,NA,NA,NA,NA,NA,NA,"27"
"F8",NA,NA,NA,NA,NA,NA,NA,NA,NA,"27"
"A1","WT","16","110644","118.740236279921","7.42126476749506","7.42126476749506","7.26045628854537","0.131956321931066","1.11882386503011","29"
"A2","HOM","15","93429","100.265550191576","6.2665968869735","6.68437001277174","4.69613795482498","0.148416632262188","1.63521255617748","29"
"A3","WT","16","69965","75.0846013459806","4.69278758412379","4.69278758412379","3.91149036010331","0.210084114593775","2.0413650299987","29"
"A4","HOM","16","118584","127.261235846663","7.95382724041642","7.95382724041642","4.03694721799359","0.12165598099774","1.14731601314827","29"
"A5",NA,NA,NA,NA,NA,NA,NA,NA,NA,"29"
"A6",NA,NA,NA,NA,NA,NA,NA,NA,NA,"29"
"A7",NA,NA,NA,NA,NA,NA,NA,NA,NA,"29"
"A8",NA,NA,NA,NA,NA,NA,NA,NA,NA,"29"
"B1","WT","15","44877","48.1608183320742","3.01005114575464","3.21072122213828","4.51740783041788","0.307073572740181","2.70625279891855","29"
"B2","HOM","16","69698","74.7980639550083","4.67487899718802","4.67487899718802","2.9262809583227","0.209226772051749","2.04802975492542","29"
"B3","WT","13","51530","55.3006432839045","3.45629020524403","4.25389563722342","6.51713951240743","0.230054007984161","1.94233344529408","29"
"B4","HOM","16","102750","110.268602705631","6.89178766910197","6.89178766910197","5.45016265607997","0.143790839956587","1.07555493861118","29"
"B5",NA,NA,NA,NA,NA,NA,NA,NA,NA,"29"
"B6",NA,NA,NA,NA,NA,NA,NA,NA,NA,"29"
"B7",NA,NA,NA,NA,NA,NA,NA,NA,NA,"29"
"B8",NA,NA,NA,NA,NA,NA,NA,NA,NA,"29"
"C1","WT","13","99528","106.810836886483","6.67567730540516","8.21621822203712","8.55618220032366","0.120564065436366","1.21356534679242","29"
"C2","HOM","15","64529","69.2508288466345","4.32817680291465","4.61672192310896","4.53183603861195","0.215272750945841","1.62236932298732","29"
"C3","WT","15","144179","154.729117951292","9.67056987195574","10.3152745300861","7.19841268620739","0.0954037427227324","0.800002994706892","29"
"C4","HOM","16","61518","66.0195026885162","4.12621891803226","4.12621891803226","3.87817464475788","0.241063188381516","1.09272608985097","29"
"C5",NA,NA,NA,NA,NA,NA,NA,NA,NA,"29"
"C6",NA,NA,NA,NA,NA,NA,NA,NA,NA,"29"
"C7",NA,NA,NA,NA,NA,NA,NA,NA,NA,"29"
"C8",NA,NA,NA,NA,NA,NA,NA,NA,NA,"29"
"D1","WT","13","107139","114.978762289817","7.18617264311353","8.84452017613973","11.9132906988597","0.111953028483095","0.660805755072372","29"
"D2","HOM","16","75653","81.1888136300646","5.07430085187904","5.07430085187904","5.11605999322237","0.195792079937465","1.32568276781459","29"
"D3","WT","16","120919","129.767096550484","8.11044353440526","8.11044353440526","5.09393282132254","0.121078962285055","1.09722385887118","29"
"D4","HOM","16","73632","79.0199294834166","4.93874559271354","4.93874559271354","2.67127678673679","0.200815593999131","1.17182169356927","29"
"D5",NA,NA,NA,NA,NA,NA,NA,NA,NA,"29"
"D6",NA,NA,NA,NA,NA,NA,NA,NA,NA,"29"
"D7",NA,NA,NA,NA,NA,NA,NA,NA,NA,"29"
"D8",NA,NA,NA,NA,NA,NA,NA,NA,NA,"29"
"E1","WT","12","23515","25.2356807067924","1.57723004417453","2.1029733922327","1.83967851599309","0.466232635869889","6.37406363130158","29"
"E2","HOM","15","88021","94.4618265572008","5.90386415982505","6.29745510381339","4.32704481575849","0.157575463798832","1.51754646834551","29"
"E3","WT","16","51711","55.4948877324663","3.46843048327914","3.46843048327914","2.95884506993242","0.285389517762646","1.83105076480291","29"
"E4","HOM","15","100756","108.128694250205","6.75804339063784","7.20857961668036","5.40247876736496","0.138718220882461","0.991578887415596","29"
"E5",NA,NA,NA,NA,NA,NA,NA,NA,NA,"29"
"E6",NA,NA,NA,NA,NA,NA,NA,NA,NA,"29"
"E7",NA,NA,NA,NA,NA,NA,NA,NA,NA,"29"
"E8",NA,NA,NA,NA,NA,NA,NA,NA,NA,"29"
"F1","WT","16","39896","42.8153398885048","2.67595874303155","2.67595874303155","3.96355300076024","0.365040114432798","2.8174071558589","29"
"F2","HOM","13","45138","48.4409166805527","3.02755729253455","3.72622436004252","2.91090784157798","0.265171764928975","2.2534793947618","29"
"F3","WT","16","79495","85.3119471735686","5.33199669834804","5.33199669834804","5.04807017731993","0.186696893021301","1.33298399062174","29"
"F4","HOM","15","73723","79.1175882945719","4.94484926841075","5.2745058863048","6.77186988401478","0.187071579941797","1.48441952043436","29"
"F5",NA,NA,NA,NA,NA,NA,NA,NA,NA,"29"
"F6",NA,NA,NA,NA,NA,NA,NA,NA,NA,"29"
"F7",NA,NA,NA,NA,NA,NA,NA,NA,NA,"29"
"F8",NA,NA,NA,NA,NA,NA,NA,NA,NA,"29"
"A1","WT","16","58236","64.5277111544239","4.03298194715149","4.03298194715149","4.01597163107713","0.243768132182755","1.9632087710253","31"
"A2","HOM","15","74479","82.5255752295888","5.1578484518493","5.50170501530592","3.63705570981574","0.178557690990949","1.97972532698267","31"
"A3","WT","16","73370","81.2967608936067","5.08104755585042","5.08104755585042","4.4307950872654","0.191034828609074","1.71963589514296","31"
"A4","HOM","16","98759","109.428742116556","6.83929638228474","6.83929638228474","3.54851181733767","0.139246709396413","2.26484762107649","31"
"A5",NA,NA,NA,NA,NA,NA,NA,NA,NA,"31"
"A6",NA,NA,NA,NA,NA,NA,NA,NA,NA,"31"
"A7",NA,NA,NA,NA,NA,NA,NA,NA,NA,"31"
"A8",NA,NA,NA,NA,NA,NA,NA,NA,NA,"31"
"B1","WT","15","34822","38.5841053269343","2.4115065829334","2.57227368846229","3.59471960801877","0.383331713536645","3.21441938523492","31"
"B2","HOM","16","56307","62.3903055150104","3.89939409468815","3.89939409468815","3.0935156976021","0.252237813885346","1.90496651730728","31"
"B3","WT","13","26604","29.4782476054724","1.84239047534203","2.26755750811326","3.63298301714834","0.30877121087398","2.29330943607627","31"
"B4","HOM","16","92560","102.56001347025","6.41000084189062","6.41000084189062","5.31725930776599","0.155088524229556","1.03284714197085","31"
"B5",NA,NA,NA,NA,NA,NA,NA,NA,NA,"31"
"B6",NA,NA,NA,NA,NA,NA,NA,NA,NA,"31"
"B7",NA,NA,NA,NA,NA,NA,NA,NA,NA,"31"
"B8",NA,NA,NA,NA,NA,NA,NA,NA,NA,"31"
"C1","WT","13","67477","74.7670919288251","4.67294324555157","5.75131476375578","6.06128963321578","0.170071472517343","1.71674618977946","31"
"C2","HOM","15","40239","44.5863481204558","2.78664675752849","2.97242320803038","2.92032311026077","0.333699967098498","2.49164374111462","31"
"C3","WT","15","121369","134.481485251413","8.40509282821329","8.96543235009418","6.929364299531","0.101485100123688","0.781490494741274","31"
"C4","HOM","16","43947","48.6949536730453","3.04343460456533","3.04343460456533","2.67649204783423","0.273602230752771","1.21467149738138","31"
"C5",NA,NA,NA,NA,NA,NA,NA,NA,NA,"31"
"C6",NA,NA,NA,NA,NA,NA,NA,NA,NA,"31"
"C7",NA,NA,NA,NA,NA,NA,NA,NA,NA,"31"
"C8",NA,NA,NA,NA,NA,NA,NA,NA,NA,"31"
"D1","WT","13","81485","90.2884906830522","5.64303066769076","6.94526851408094","9.56963829392402","0.14272937299649","0.950468519082579","31"
"D2","HOM","16","91085","100.925657162248","6.30785357264052","6.30785357264052","6.51614370680353","0.157129692532915","1.02414699271377","31"
"D3","WT","16","52246","57.8905624866754","3.61816015541721","3.61816015541721","2.44204085528295","0.237169296061076","2.06357515633735","31"
"D4","HOM","16","65039","72.0656948583792","4.5041059286487","4.5041059286487","2.19082827274599","0.206016702557403","1.31824852462675","31"
"D5",NA,NA,NA,NA,NA,NA,NA,NA,NA,"31"
"D6",NA,NA,NA,NA,NA,NA,NA,NA,NA,"31"
"D7",NA,NA,NA,NA,NA,NA,NA,NA,NA,"31"
"D8",NA,NA,NA,NA,NA,NA,NA,NA,NA,"31"
"E1","WT","13","26856","29.7574732255513","1.85984207659696","2.28903640196549","2.21423937744001","0.411089690524904","3.33991933861235","31"
"E2","HOM","15","60320","66.8368627109494","4.17730391943434","4.45579084739662","3.12531550403516","0.22086129558627","1.492587018691","31"
"E3","WT","16","76930","85.2413767963086","5.32758604976929","5.32758604976929","4.71715759257905","0.186066890019762","1.40262290587696","31"
"E4","HOM","15","77307","85.659107188252","5.35369419926575","5.71060714588347","4.75939706785323","0.173151231431972","1.05876082739882","31"
"E5",NA,NA,NA,NA,NA,NA,NA,NA,NA,"31"
"E6",NA,NA,NA,NA,NA,NA,NA,NA,NA,"31"
"E7",NA,NA,NA,NA,NA,NA,NA,NA,NA,"31"
"E8",NA,NA,NA,NA,NA,NA,NA,NA,NA,"31"
"F1","WT","16","89375","99.0309118831416","6.18943199269635","6.18943199269635","8.11819112541327","0.160714586017525","0.811189303284033","31"
"F2","HOM","13","39163","43.3940990442459","2.71213119026537","3.33800761878814","2.62360821138388","0.294440019576245","2.15742735061917","31"
"F3","WT","16","51458","57.0174284048414","3.56358927530259","3.56358927530259","3.48444358957336","0.273096879822907","1.74793277530695","31"
"F4","HOM","14","61858","68.5410254239706","4.28381408899816","4.89578753028361","5.71205615424568","0.201464276765248","1.70060784908896","31"
"F5",NA,NA,NA,NA,NA,NA,NA,NA,NA,"31"
"F6",NA,NA,NA,NA,NA,NA,NA,NA,NA,"31"
"F7",NA,NA,NA,NA,NA,NA,NA,NA,NA,"31"
"F8",NA,NA,NA,NA,NA,NA,NA,NA,NA,"31"
"A1","WT","16","59651","66.2421445678155","4.14013403548847","4.14013403548847","3.7118377297306","0.236427816371762","2.35302642617713","33"
"A2","HOM","15","82727","91.867930020648","5.7417456262905","6.1245286680432","3.80750035445817","0.160028431933819","1.85342314266358","33"
"A3","WT","16","103546","114.987327981409","7.18670799883806","7.18670799883806","5.62957400341753","0.135260139605718","1.54226925123763","33"
"A4","HOM","16","236473","262.602113164658","16.4126320727911","16.4126320727911","7.23183589731438","0.0607436748206228","0.448296583094767","33"
"A5",NA,NA,NA,NA,NA,NA,NA,NA,NA,"33"
"A6",NA,NA,NA,NA,NA,NA,NA,NA,NA,"33"
"A7",NA,NA,NA,NA,NA,NA,NA,NA,NA,"33"
"A8",NA,NA,NA,NA,NA,NA,NA,NA,NA,"33"
"B1","WT","15","96392","107.042845873177","6.69017786707355","7.13618972487845","9.3310680546736","0.139257004715129","0.764084475752954","33"
"B2","HOM","16","55694","61.8479153670503","3.86549471044064","3.86549471044064","2.77926067240275","0.254484680454758","1.95410596168066","33"
"B3","WT","13","46828","52.0022656086514","3.25014160054071","4.00017427758857","5.97734692645104","0.24592618679419","2.07498242189055","33"
"B4","HOM","16","99786","110.811866319828","6.92574164498923","6.92574164498923","5.55976948381425","0.1432010200868","1.10984382689351","33"
"B5",NA,NA,NA,NA,NA,NA,NA,NA,NA,"33"
"B6",NA,NA,NA,NA,NA,NA,NA,NA,NA,"33"
"B7",NA,NA,NA,NA,NA,NA,NA,NA,NA,"33"
"B8",NA,NA,NA,NA,NA,NA,NA,NA,NA,"33"
"C1","WT","14","80294","89.1660953869705","5.57288096168566","6.36900681335503","7.06133524705394","0.151995892444569","1.46431042426233","33"
"C2","HOM","15","42616","47.3248601515821","2.95780375947388","3.15499067677214","2.99323592116145","0.31128207768151","2.02290771295712","33"
"C3","WT","15","144894","160.90408031733","10.0565050198331","10.726938687822","7.27020471306743","0.0926362593812768","0.654844054648234","33"
"C4","HOM","16","74815","83.0816926093631","5.19260578808519","5.19260578808519","4.51869669847127","0.191420399092501","0.933318118000236","33"
"C5",NA,NA,NA,NA,NA,NA,NA,NA,NA,"33"
"C6",NA,NA,NA,NA,NA,NA,NA,NA,NA,"33"
"C7",NA,NA,NA,NA,NA,NA,NA,NA,NA,"33"
"C8",NA,NA,NA,NA,NA,NA,NA,NA,NA,"33"
"D1","WT","13","123027","136.620883467916","8.53880521674473","10.5092987283012","14.3286125333526","0.0951260333049897","0.496848312684023","33"
"D2","HOM","16","88909","98.7330108695564","6.17081317934727","6.17081317934727","6.30930149937264","0.160064414341512","1.11880809632542","33"
"D3","WT","16","119071","132.227764762273","8.26423529764207","8.26423529764207","4.99265531812717","0.120674073118223","0.792506745627058","33"
"D4","HOM","16","98020","108.850731933032","6.80317074581448","6.80317074581448","3.09073241168385","0.145014376978185","1.15162568737375","33"
"D5",NA,NA,NA,NA,NA,NA,NA,NA,NA,"33"
"D6",NA,NA,NA,NA,NA,NA,NA,NA,NA,"33"
"D7",NA,NA,NA,NA,NA,NA,NA,NA,NA,"33"
"D8",NA,NA,NA,NA,NA,NA,NA,NA,NA,"33"
"E1","WT","13","31263","34.7174090228767","2.16983806392979","2.67056992483667","2.60447511906004","0.36479175461856","2.59996200816355","33"
"E2","HOM","15","72783","80.8251665199127","5.05157290749455","5.38834443466085","3.56520581290478","0.185530163109471","1.33800395288272","33"
"E3","WT","16","70188","77.943431676348","4.87146447977175","4.87146447977175","4.87784864059818","0.203967953130593","1.58979738186509","33"
"E4","HOM","15","92630","102.86516322135","6.42907270133438","6.85767754809","5.36069472687881","0.145262966315824","1.10439674721782","33"
"E5",NA,NA,NA,NA,NA,NA,NA,NA,NA,"33"
"E6",NA,NA,NA,NA,NA,NA,NA,NA,NA,"33"
"E7",NA,NA,NA,NA,NA,NA,NA,NA,NA,"33"
"E8",NA,NA,NA,NA,NA,NA,NA,NA,NA,"33"
"F1","WT","16","89916","99.8512794581767","6.24070496613604","6.24070496613604","7.30139677453449","0.159795090272748","0.697554729120428","33"
"F2","HOM","14","56314","62.5364223431621","3.90852639644763","4.46688731022586","3.49034697491797","0.218986882653108","2.16974810067553","33"
"F3","WT","16","57417","63.7612984635674","3.98508115397297","3.98508115397297","3.62237839571451","0.246949641815996","1.70718263552738","33"
"F4","HOM","13","74179","82.3754177112871","5.14846360695544","6.33657059317593","6.81090368527164","0.154854528484616","1.46285635395773","33"
"F5",NA,NA,NA,NA,NA,NA,NA,NA,NA,"33"
"F6",NA,NA,NA,NA,NA,NA,NA,NA,NA,"33"
"F7",NA,NA,NA,NA,NA,NA,NA,NA,NA,"33"
"F8",NA,NA,NA,NA,NA,NA,NA,NA,NA,"33"
"A1","WT","16","56147","61.9724706016039","3.87327941260024","3.87327941260024","3.51867294001028","0.245937801439312","2.1572701879318","35"
"A2","HOM","15","96788","106.830133125332","6.67688332033327","7.12200887502215","5.06419467162271","0.137993929752307","1.44040029875672","35"
"A3","WT","16","117299","129.46922950643","8.09182684415188","8.09182684415188","6.90755804844958","0.121819878857464","1.02013127470189","35"
"A4","HOM","16","93766","103.494588819171","6.46841180119818","6.46841180119818","3.41182038555069","0.152746552505707","3.94218867808945","35"
"A5",NA,NA,NA,NA,NA,NA,NA,NA,NA,"35"
"A6",NA,NA,NA,NA,NA,NA,NA,NA,NA,"35"
"A7",NA,NA,NA,NA,NA,NA,NA,NA,NA,"35"
"A8",NA,NA,NA,NA,NA,NA,NA,NA,NA,"35"
"B1","WT","14","62507","68.9923454484559","4.31202159052849","4.92802467488971","6.09875548026587","0.2019888405375","1.21448187266546","35"
"B2","HOM","16","67851","74.8908063260624","4.6806753953789","4.6806753953789","3.59285578226129","0.207794998612516","1.4660679026203","35"
"B3","WT","13","52229","57.6479627950054","3.60299767468784","4.43445867653888","6.63291589087461","0.220756096576911","1.60817717805629","35"
"B4","HOM","16","112116","123.748473007808","7.73427956298802","7.73427956298802","6.20952683928307","0.129071883445406","0.822384383428549","35"
"B5",NA,NA,NA,NA,NA,NA,NA,NA,NA,"35"
"B6",NA,NA,NA,NA,NA,NA,NA,NA,NA,"35"
"B7",NA,NA,NA,NA,NA,NA,NA,NA,NA,"35"
"B8",NA,NA,NA,NA,NA,NA,NA,NA,NA,"35"
"C1","WT","14","168558","186.0465510119","11.6279094382437","13.2890393579928","14.9239154322067","0.0751786878867239","0.454332102794073","35"
"C2","HOM","15","39666","43.7815024646592","2.7363439040412","2.91876683097728","2.93305969175067","0.338918981058485","2.31902611564051","35"
"C3","WT","15","138141","152.473668430658","9.52960427691613","10.1649112287105","7.07500752401226","0.0979173641738702","0.680639906442692","35"
"C4","HOM","16","88174","97.3223969726934","6.08264981079334","6.08264981079334","5.62993485194036","0.162286356684135","0.922514788005653","35"
"C5",NA,NA,NA,NA,NA,NA,NA,NA,NA,"35"
"C6",NA,NA,NA,NA,NA,NA,NA,NA,NA,"35"
"C7",NA,NA,NA,NA,NA,NA,NA,NA,NA,"35"
"C8",NA,NA,NA,NA,NA,NA,NA,NA,NA,"35"
"D1","WT","13","94902","104.748453257225","6.54677832857656","8.05757332747884","12.8091465863818","0.123880249709345","0.545013489358672","35"
"D2","HOM","16","67347","74.3345143570665","4.64590714731666","4.64590714731666","4.60747838538206","0.213915791245192","1.33226018510744","35"
"D3","WT","16","103078","113.772745198713","7.11079657491954","7.11079657491954","4.59354370005059","0.139641016433506","0.999809383495749","35"
"D4","HOM","16","96300","106.291501218844","6.64321882617777","6.64321882617777","3.59551236156638","0.147545661518944","1.15294983911114","35"
"D5",NA,NA,NA,NA,NA,NA,NA,NA,NA,"35"
"D6",NA,NA,NA,NA,NA,NA,NA,NA,NA,"35"
"D7",NA,NA,NA,NA,NA,NA,NA,NA,NA,"35"
"D8",NA,NA,NA,NA,NA,NA,NA,NA,NA,"35"
"E1","WT","13","60171","66.4139763223165","4.15087352014478","5.10876740940896","5.96750184473892","0.189348499458759","1.69258220860218","35"
"E2","HOM","15","63886","70.5144220858472","4.40715138036545","4.70096147238981","3.11362025008662","0.209013406288613","1.40768778757514","35"
"E3","WT","16","112321","123.97474255869","7.7484214099181","7.7484214099181","6.62115548399483","0.127977231412938","0.777328018631088","35"
"E4","HOM","15","107784","118.967011083821","7.43543819273878","7.9311340722547","6.05268106160954","0.12512275137071","0.930407257837717","35"
"E5",NA,NA,NA,NA,NA,NA,NA,NA,NA,"35"
"E6",NA,NA,NA,NA,NA,NA,NA,NA,NA,"35"
"E7",NA,NA,NA,NA,NA,NA,NA,NA,NA,"35"
"E8",NA,NA,NA,NA,NA,NA,NA,NA,NA,"35"
"F1","WT","16","89793","99.1093745477018","6.19433590923136","6.19433590923136","8.33816989805457","0.16062678424073","0.763267509409121","35"
"F2","HOM","13","58940","65.0552552631224","4.06595345394515","5.00425040485557","3.85932886623451","0.193697524629287","1.82246489582948","35"
"F3","WT","16","68607","75.7252442795561","4.73282776747226","4.73282776747226","4.78449063959922","0.207426952480792","1.66104456603933","35"
"F4","HOM","13","81951","90.4537364110645","5.65335852569153","6.95797972392804","7.83248750504696","0.141396671893749","1.33812274593838","35"
"F5",NA,NA,NA,NA,NA,NA,NA,NA,NA,"35"
"F6",NA,NA,NA,NA,NA,NA,NA,NA,NA,"35"
"F7",NA,NA,NA,NA,NA,NA,NA,NA,NA,"35"
"F8",NA,NA,NA,NA,NA,NA,NA,NA,NA,"35"
